{"type":"FeatureCollection","features":[{"type":"Feature","properties":{"elevation":1229,"label":"1,229 ft \u00b7 Full pool"},"geometry":{"type":"LineString","coordinates":[[-114.24528,35.99648],[-114.24391,35.99753],[-114.24139,35.99842],[-114.24144,36.00037],[-114.24325,36.00148],[-114.24237,36.00231],[-114.24301,36.00315],[-114.24253,36.00387],[-114.24174,36.00398],[-114.2415,36.00492],[-114.24059,36.00509],[-114.24063,36.00592],[-114.23903,36.00787],[-114.23924,36.00842],[-114.23875,36.00898],[-114.23831,36.00898],[-114.238,36.00787],[-114.23711,36.00759],[-114.23705,36.00648],[-114.23635,36.0062],[-114.2367,36.00307],[-114.23498,36.0037],[-114.23465,36.00259],[-114.23513,36.00148],[-114.23326,36.0],[-114.2328,36.00065],[-114.23292,36.0022],[-114.23189,36.00118],[-114.22979,36.00176],[-114.23081,36.00315],[-114.2313,36.00537],[-114.23018,36.00615],[-114.22983,36.00911],[-114.22735,36.00731],[-114.2264,36.00727],[-114.2267,36.0087],[-114.22434,36.01038],[-114.22331,36.0106],[-114.22337,36.01203],[-114.22194,36.01313],[-114.21885,36.01231],[-114.2185,36.01139],[-114.21644,36.01179],[-114.21335,36.00914],[-114.21308,36.01231],[-114.21391,36.01287],[-114.21335,36.01354],[-114.21026,36.01422],[-114.20752,36.01381],[-114.20546,36.01543],[-114.19928,36.01608],[-114.19862,36.01592],[-114.19756,36.01445],[-114.19619,36.01693],[-114.19344,36.0184],[-114.19275,36.0192],[-114.19001,36.01858],[-114.18966,36.02026],[-114.1876,36.02024],[-114.18692,36.02113],[-114.18554,36.02135],[-114.18486,36.02219],[-114.18108,36.02334],[-114.17833,36.02338],[-114.17799,36.0245],[-114.1749,36.0257],[-114.17112,36.02618],[-114.16563,36.0253],[-114.16498,36.02453],[-114.16486,36.02342],[-114.16537,36.02286],[-114.16485,36.02147],[-114.16593,36.01953],[-114.16597,36.01821],[-114.16503,36.01953],[-114.16426,36.01977],[-114.1629,36.0212],[-114.16297,36.02286],[-114.1622,36.02354],[-114.16082,36.02373],[-114.15636,36.02237],[-114.15499,36.02146],[-114.15224,36.02117],[-114.15123,36.02036],[-114.15137,36.01925],[-114.15229,36.01842],[-114.1511,36.01786],[-114.15027,36.01509],[-114.15063,36.0112],[-114.14984,36.00995],[-114.14812,36.01305],[-114.14778,36.01502],[-114.14675,36.01455],[-114.14584,36.01537],[-114.14658,36.01814],[-114.14599,36.01953],[-114.14682,36.01981],[-114.14671,36.02064],[-114.14572,36.02132],[-114.14503,36.02117],[-114.144,36.02206],[-114.14331,36.02401],[-114.14125,36.02394],[-114.14022,36.02461],[-114.13851,36.02457],[-114.13679,36.02519],[-114.13576,36.02414],[-114.13472,36.02397],[-114.13336,36.0224],[-114.13233,36.02204],[-114.13095,36.01944],[-114.12979,36.0187],[-114.13061,36.01842],[-114.13075,36.01786],[-114.13004,36.01731],[-114.12908,36.01731],[-114.12772,36.01537],[-114.12472,36.01425],[-114.12828,36.01092],[-114.12895,36.01009],[-114.12889,36.00932],[-114.12457,36.01231],[-114.1234,36.01244],[-114.12271,36.01209],[-114.12203,36.01241],[-114.12199,36.01425],[-114.12327,36.01592],[-114.12227,36.01731],[-114.12409,36.01744],[-114.12443,36.0178],[-114.12615,36.02336],[-114.12792,36.02703],[-114.12786,36.02912],[-114.12477,36.02916],[-114.12363,36.03036],[-114.12409,36.03072],[-114.1258,36.03051],[-114.12641,36.03119],[-114.12548,36.03314],[-114.1277,36.03425],[-114.12734,36.0373],[-114.128,36.03952],[-114.12718,36.04071],[-114.1258,36.04077],[-114.12477,36.0414],[-114.12389,36.04341],[-114.12237,36.04312],[-114.121,36.04231],[-114.12084,36.04285],[-114.1223,36.04591],[-114.12109,36.04729],[-114.12158,36.04841],[-114.1214,36.04924],[-114.11928,36.0528],[-114.1186,36.05333],[-114.11704,36.0534],[-114.11796,36.0559],[-114.11459,36.05784],[-114.11551,36.0584],[-114.11757,36.05776],[-114.11757,36.05948],[-114.11585,36.05978],[-114.11156,36.05784],[-114.11208,36.05923],[-114.11131,36.06006],[-114.11228,36.06062],[-114.11164,36.06173],[-114.11332,36.06339],[-114.1132,36.06423],[-114.11207,36.06414],[-114.10933,36.06599],[-114.10807,36.06783],[-114.1087,36.06867],[-114.10727,36.06963],[-114.10327,36.0695],[-114.10555,36.07096],[-114.10624,36.07222],[-114.10692,36.0715],[-114.10768,36.07144],[-114.1081,36.07283],[-114.1075,36.07366],[-114.10763,36.07449],[-114.10618,36.07588],[-114.10732,36.07671],[-114.10559,36.07755],[-114.10658,36.07871],[-114.10555,36.07929],[-114.10383,36.07954],[-114.10341,36.0806],[-114.10389,36.08226],[-114.10349,36.08276],[-114.10177,36.0819],[-114.10032,36.08254],[-114.10051,36.08448],[-114.09931,36.08587],[-114.10089,36.08698],[-114.1011,36.08809],[-114.09937,36.08873],[-114.09872,36.08975],[-114.1004,36.08961],[-114.10074,36.09092],[-114.10315,36.09109],[-114.10315,36.09248],[-114.10143,36.09189],[-114.10074,36.0927],[-114.09903,36.09295],[-114.09765,36.0925],[-114.09723,36.09281],[-114.0985,36.09364],[-114.09724,36.09503],[-114.09903,36.09463],[-114.1011,36.09503],[-114.1019,36.09613],[-114.10167,36.09697],[-114.09971,36.09728],[-114.0997,36.09808],[-114.10036,36.09891],[-114.09937,36.10046],[-114.09834,36.10055],[-114.09697,36.09931],[-114.09628,36.10015],[-114.09594,36.10002],[-114.09456,36.09785],[-114.09294,36.09863],[-114.0949,36.10057],[-114.09531,36.10168],[-114.0973,36.10279],[-114.09662,36.10323],[-114.09654,36.10418],[-114.09559,36.10529],[-114.09628,36.10668],[-114.09787,36.10723],[-114.0969,36.11],[-114.09765,36.11003],[-114.09937,36.10827],[-114.10383,36.10709],[-114.10795,36.11029],[-114.1107,36.1107],[-114.11182,36.11139],[-114.11204,36.11222],[-114.11086,36.11416],[-114.11206,36.115],[-114.11036,36.11561],[-114.10933,36.11466],[-114.10834,36.11472],[-114.10761,36.11538],[-114.10755,36.11666],[-114.10624,36.11774],[-114.10521,36.11787],[-114.10418,36.11723],[-114.10246,36.11732],[-114.10143,36.11627],[-114.09765,36.11529],[-114.09525,36.11629],[-114.09464,36.11583],[-114.09422,36.11245],[-114.09094,36.11361],[-114.09027,36.11749],[-114.08731,36.11888],[-114.08976,36.11877],[-114.09109,36.11999],[-114.09026,36.1211],[-114.09079,36.1215],[-114.09147,36.12132],[-114.09184,36.12193],[-114.09079,36.12358],[-114.09079,36.12474],[-114.0901,36.12498],[-114.08988,36.12443],[-114.08837,36.12359],[-114.08564,36.1255],[-114.08498,36.12664],[-114.08838,36.12605],[-114.08941,36.12795],[-114.09039,36.12859],[-114.09015,36.12942],[-114.08838,36.13072],[-114.08621,36.13053],[-114.08836,36.13219],[-114.08774,36.13275],[-114.08774,36.13358],[-114.08792,36.13524],[-114.08873,36.13626],[-114.08923,36.13524],[-114.08877,36.13441],[-114.0892,36.1333],[-114.09014,36.13275],[-114.09019,36.13164],[-114.09079,36.13129],[-114.09203,36.13164],[-114.09195,36.13524],[-114.09139,36.1369],[-114.09012,36.13801],[-114.08767,36.14217],[-114.0822,36.14775],[-114.07946,36.15216],[-114.07431,36.15234],[-114.07259,36.15416],[-114.07259,36.15469],[-114.07465,36.15364],[-114.07671,36.15367],[-114.07803,36.15465],[-114.07561,36.15659],[-114.07647,36.15687],[-114.07774,36.15635],[-114.07847,36.15687],[-114.07602,36.16084],[-114.07449,36.16158],[-114.07396,36.16238],[-114.07281,36.16269],[-114.07287,36.16518],[-114.07225,36.16633],[-114.07184,36.16629],[-114.07182,36.16546],[-114.06985,36.16435],[-114.06952,36.16352],[-114.07019,36.16048],[-114.06998,36.15936],[-114.0695,36.1591],[-114.06857,36.15964],[-114.06956,36.16019],[-114.06841,36.16185],[-114.06828,36.16352],[-114.06949,36.16712],[-114.07147,36.17017],[-114.07122,36.17071],[-114.07051,36.17072],[-114.06847,36.17438],[-114.067,36.17516],[-114.06684,36.1771],[-114.06521,36.18015],[-114.06298,36.18029],[-114.06246,36.18126],[-114.06092,36.18203],[-114.06092,36.18253],[-114.05954,36.18287],[-114.06023,36.18347],[-114.06002,36.18403],[-114.05832,36.18569],[-114.05714,36.18805],[-114.05371,36.18967],[-114.05268,36.18971],[-114.05233,36.19058],[-114.05008,36.19151],[-114.04684,36.19193],[-114.04554,36.1904],[-114.04568,36.18818],[-114.05143,36.17294],[-114.05027,36.17285],[-114.05023,36.17377],[-114.04924,36.17488],[-114.0482,36.1735],[-114.04718,36.1752],[-114.0462,36.17544],[-114.04635,36.17765],[-114.04547,36.17797],[-114.04485,36.17959],[-114.04402,36.18015],[-114.04372,36.18181],[-114.041,36.18397],[-114.03963,36.18452],[-114.03723,36.1864],[-114.0362,36.18667],[-114.03379,36.18635],[-114.03387,36.18513],[-114.03314,36.1843],[-114.03503,36.18292],[-114.03629,36.17987],[-114.03225,36.18042],[-114.03327,36.17876],[-114.03345,36.17678],[-114.03454,36.17599],[-114.03448,36.17552],[-114.03243,36.17654],[-114.03085,36.17793],[-114.03002,36.17774],[-114.02658,36.18066],[-114.02452,36.18153],[-114.02402,36.18486],[-114.02374,36.19843],[-114.02418,36.19882],[-114.02521,36.19846],[-114.02555,36.19964],[-114.02658,36.19883],[-114.02761,36.19992],[-114.02864,36.19999],[-114.02873,36.19899],[-114.02952,36.19871],[-114.02947,36.19649],[-114.03055,36.19483],[-114.0315,36.19483],[-114.03105,36.197],[-114.03241,36.19539],[-114.03311,36.19523],[-114.03372,36.19843],[-114.03549,36.19899],[-114.03503,36.19982],[-114.03677,36.2001],[-114.03719,36.20287],[-114.03826,36.20402],[-114.04142,36.19843],[-114.04294,36.19816],[-114.04444,36.19669],[-114.04525,36.19733],[-114.04547,36.19848],[-114.0465,36.19818],[-114.0472,36.19622],[-114.04856,36.19493],[-114.05439,36.19312],[-114.05457,36.194],[-114.05307,36.19566],[-114.05011,36.19733],[-114.05034,36.19899],[-114.04967,36.20204],[-114.04828,36.20453],[-114.04741,36.20785],[-114.04821,36.20954],[-114.04949,36.20758],[-114.04982,36.20508],[-114.05062,36.20476],[-114.0513,36.2051],[-114.05233,36.20442],[-114.05297,36.20508],[-114.0527,36.20619],[-114.05327,36.20619],[-114.05429,36.20342],[-114.05714,36.19942],[-114.05658,36.20204],[-114.05842,36.20287],[-114.05817,36.204],[-114.05851,36.20382],[-114.05865,36.20259],[-114.05748,36.20148],[-114.05817,36.20079],[-114.05943,36.2012],[-114.0584,36.2001],[-114.05899,36.19871],[-114.05817,36.19815],[-114.05818,36.19677],[-114.0622,36.19068],[-114.06332,36.19037],[-114.06401,36.18931],[-114.06504,36.18904],[-114.06572,36.18943],[-114.06635,36.18901],[-114.06569,36.18791],[-114.0659,36.1868],[-114.0675,36.18541],[-114.06723,36.18458],[-114.06829,36.18347],[-114.07005,36.18319],[-114.07019,36.18256],[-114.0695,36.18231],[-114.06941,36.18181],[-114.07021,36.18098],[-114.07131,36.1807],[-114.07103,36.17987],[-114.07177,36.17848],[-114.07283,36.17765],[-114.07313,36.17627],[-114.07429,36.17516],[-114.07372,36.17433],[-114.07441,36.17377],[-114.07482,36.17211],[-114.07705,36.16963],[-114.07816,36.16962],[-114.07946,36.16555],[-114.08049,36.16637],[-114.08083,36.16597],[-114.08171,36.16629],[-114.08125,36.16518],[-114.08202,36.16352],[-114.08107,36.16324],[-114.08094,36.16269],[-114.0822,36.16075],[-114.08404,36.15908],[-114.08598,36.15498],[-114.08804,36.15374],[-114.08907,36.15444],[-114.08976,36.1537],[-114.09079,36.15384],[-114.09216,36.15566],[-114.09285,36.15526],[-114.09334,36.15576],[-114.09479,36.15936],[-114.09525,36.15936],[-114.09628,36.16122],[-114.09705,36.16102],[-114.0966,36.16019],[-114.09697,36.15965],[-114.09796,36.15936],[-114.09731,36.15817],[-114.09937,36.15848],[-114.10047,36.15936],[-114.10177,36.15974],[-114.10282,36.15881],[-114.10115,36.15742],[-114.10074,36.1565],[-114.09749,36.1552],[-114.09706,36.15382],[-114.09525,36.15268],[-114.09594,36.15254],[-114.09697,36.15318],[-114.09868,36.15272],[-114.09937,36.1548],[-114.10006,36.15402],[-114.10122,36.15465],[-114.10074,36.15291],[-114.10212,36.15407],[-114.10246,36.1532],[-114.10383,36.15373],[-114.10452,36.15458],[-114.10508,36.15437],[-114.10484,36.15354],[-114.10521,36.15323],[-114.10761,36.15405],[-114.10817,36.15382],[-114.10459,36.14938],[-114.10589,36.14931],[-114.10761,36.15057],[-114.10763,36.14993],[-114.10842,36.14938],[-114.10762,36.14744],[-114.10967,36.14697],[-114.11113,36.14772],[-114.11036,36.14633],[-114.10834,36.14522],[-114.10904,36.14439],[-114.10685,36.14328],[-114.10864,36.14309],[-114.11052,36.14384],[-114.10891,36.14134],[-114.10933,36.14098],[-114.11103,36.14134],[-114.11104,36.13986],[-114.11345,36.1394],[-114.11139,36.13829],[-114.11275,36.13801],[-114.11444,36.13663],[-114.11304,36.13441],[-114.11413,36.13354],[-114.11551,36.13533],[-114.11649,36.13469],[-114.11602,36.1333],[-114.11875,36.13275],[-114.11772,36.12969],[-114.11817,36.12886],[-114.11675,36.12775],[-114.11748,36.12637],[-114.1186,36.12621],[-114.11928,36.12688],[-114.11963,36.12616],[-114.12113,36.12526],[-114.12115,36.12387],[-114.1224,36.12359],[-114.12275,36.12193],[-114.12184,36.12138],[-114.12187,36.12054],[-114.123,36.11916],[-114.1255,36.11805],[-114.1258,36.11717],[-114.12683,36.11708],[-114.12686,36.11611],[-114.12625,36.11555],[-114.12786,36.11546],[-114.12818,36.11472],[-114.12927,36.11472],[-114.13027,36.11353],[-114.13404,36.11254],[-114.13407,36.11195],[-114.1359,36.11139],[-114.13606,36.11056],[-114.13679,36.11059],[-114.13791,36.10945],[-114.1378,36.10862],[-114.1387,36.10723],[-114.14042,36.10612],[-114.14163,36.10141],[-114.14413,36.09697],[-114.14339,36.09475],[-114.1455,36.0917],[-114.14583,36.09059],[-114.14554,36.08892],[-114.14675,36.08776],[-114.14949,36.08833],[-114.15006,36.08809],[-114.14893,36.0867],[-114.14995,36.08421],[-114.14966,36.08282],[-114.14791,36.08199],[-114.14909,36.08088],[-114.1496,36.07949],[-114.14881,36.07698],[-114.14806,36.07671],[-114.14756,36.07533],[-114.14846,36.07319],[-114.15022,36.072],[-114.15041,36.0695],[-114.15191,36.067],[-114.15127,36.06617],[-114.15177,36.06478],[-114.15017,36.06367],[-114.14949,36.06173],[-114.14836,36.06145],[-114.14797,36.0609],[-114.14949,36.05917],[-114.15146,36.05867],[-114.15162,36.05784],[-114.15081,36.05673],[-114.15121,36.0557],[-114.15002,36.05396],[-114.15052,36.05133],[-114.14951,36.0509],[-114.14967,36.05007],[-114.14812,36.05039],[-114.1464,36.04995],[-114.14538,36.04868],[-114.14539,36.04785],[-114.1445,36.04702],[-114.1448,36.04618],[-114.14651,36.0448],[-114.14676,36.04396],[-114.14848,36.04258],[-114.14743,36.04091],[-114.14745,36.03924],[-114.14851,36.03702],[-114.14949,36.03675],[-114.15018,36.03586],[-114.15224,36.03625],[-114.15258,36.0349],[-114.15361,36.03508],[-114.15533,36.03433],[-114.15636,36.03456],[-114.15705,36.03341],[-114.15813,36.03286],[-114.15739,36.03205],[-114.15075,36.03203],[-114.1519,36.03089],[-114.15293,36.03092],[-114.1534,36.02953],[-114.15376,36.02953],[-114.15379,36.03036],[-114.15464,36.03135],[-114.15808,36.0315],[-114.15945,36.03102],[-114.16103,36.03175],[-114.16109,36.0323],[-114.1622,36.0329],[-114.16086,36.02869],[-114.16151,36.02849],[-114.16323,36.02892],[-114.16391,36.02949],[-114.16555,36.02953],[-114.16563,36.03018],[-114.16666,36.02976],[-114.1677,36.03036],[-114.16838,36.02958],[-114.17078,36.03015],[-114.17421,36.03001],[-114.17524,36.03042],[-114.17662,36.03001],[-114.1773,36.03043],[-114.17956,36.02814],[-114.18074,36.02753],[-114.1828,36.0271],[-114.18554,36.0257],[-114.18726,36.02661],[-114.18836,36.02592],[-114.18849,36.02508],[-114.19015,36.02453],[-114.19207,36.02319],[-114.19344,36.02359],[-114.19405,36.02259],[-114.19584,36.02185],[-114.19825,36.02249],[-114.19996,36.02236],[-114.20408,36.0208],[-114.2058,36.0194],[-114.20717,36.01906],[-114.2082,36.01954],[-114.20889,36.0189],[-114.20992,36.01929],[-114.21095,36.01897],[-114.21301,36.01961],[-114.21397,36.02092],[-114.21429,36.02231],[-114.21291,36.0237],[-114.2137,36.02556],[-114.21425,36.02508],[-114.21389,36.0237],[-114.21583,36.02286],[-114.2161,36.02178],[-114.2185,36.02218],[-114.21655,36.02036],[-114.21651,36.01953],[-114.21552,36.01898],[-114.21541,36.01809],[-114.2161,36.01819],[-114.21713,36.01766],[-114.22091,36.01792],[-114.22262,36.01892],[-114.224,36.01763],[-114.22571,36.01767],[-114.22674,36.01845],[-114.22743,36.01818],[-114.22915,36.01851],[-114.23018,36.01812],[-114.23037,36.01898],[-114.23223,36.01985],[-114.23245,36.01898],[-114.23395,36.01779],[-114.23567,36.01909],[-114.23773,36.01826],[-114.2389,36.01898],[-114.23837,36.01981],[-114.23857,36.02036],[-114.23744,36.0212],[-114.23807,36.02175],[-114.23762,36.02231],[-114.2389,36.02314],[-114.23801,36.0237],[-114.23894,36.0262],[-114.23738,36.0273],[-114.2367,36.02652],[-114.23532,36.02601],[-114.23491,36.02675],[-114.23546,36.02758],[-114.23532,36.02851],[-114.23292,36.02696],[-114.23258,36.02863],[-114.23189,36.02873],[-114.2312,36.02972],[-114.22983,36.03009],[-114.23012,36.03092],[-114.22936,36.03147],[-114.22987,36.03203],[-114.22959,36.03341],[-114.23018,36.03368],[-114.23086,36.0333],[-114.23118,36.03369],[-114.23018,36.03573],[-114.2312,36.03541],[-114.23189,36.0365],[-114.23292,36.03608],[-114.23515,36.03758],[-114.23586,36.03758],[-114.23532,36.03612],[-114.23377,36.03452],[-114.23298,36.03286],[-114.23387,36.03258],[-114.23464,36.03168],[-114.23738,36.03248],[-114.23768,36.03203],[-114.23701,36.03036],[-114.23876,36.02983],[-114.23944,36.02921],[-114.24013,36.02952],[-114.24082,36.02914],[-114.24253,36.02931],[-114.24459,36.02829],[-114.24548,36.02869],[-114.24613,36.03008],[-114.24755,36.03064],[-114.24679,36.03119],[-114.24768,36.0322],[-114.24906,36.03155],[-114.25371,36.03425],[-114.25309,36.03286],[-114.25481,36.03203],[-114.25168,36.03119],[-114.25161,36.03036],[-114.2502,36.0298],[-114.24906,36.02786],[-114.24837,36.02806],[-114.24843,36.02675],[-114.24738,36.0262],[-114.24803,36.02509],[-114.24627,36.02342],[-114.24624,36.02259],[-114.24665,36.02254],[-114.24734,36.02348],[-114.24837,36.02317],[-114.24973,36.02508],[-114.25146,36.02468],[-114.25318,36.02655],[-114.25489,36.02631],[-114.25627,36.02754],[-114.25833,36.02763],[-114.26162,36.02953],[-114.26227,36.03064],[-114.26227,36.03258],[-114.26388,36.0348],[-114.26313,36.03546],[-114.26039,36.03609],[-114.25965,36.03702],[-114.26073,36.03761],[-114.26131,36.03869],[-114.26333,36.04035],[-114.26344,36.04091],[-114.26142,36.04141],[-114.26065,36.04202],[-114.26136,36.0448],[-114.26588,36.04718],[-114.2676,36.04734],[-114.26897,36.04684],[-114.27094,36.04785],[-114.27069,36.04939],[-114.27,36.04875],[-114.26622,36.04877],[-114.26519,36.04773],[-114.26382,36.04762],[-114.26279,36.04807],[-114.2597,36.04703],[-114.25901,36.04712],[-114.25833,36.04593],[-114.25592,36.04567],[-114.25524,36.04477],[-114.25421,36.04537],[-114.25352,36.04537],[-114.25283,36.04481],[-114.2518,36.04587],[-114.25009,36.04615],[-114.24871,36.04602],[-114.24837,36.04497],[-114.24631,36.04537],[-114.24494,36.04504],[-114.24423,36.04674],[-114.24562,36.0463],[-114.24696,36.04702],[-114.24689,36.04785],[-114.24553,36.04868],[-114.24837,36.04792],[-114.24927,36.04868],[-114.24839,36.05035],[-114.24981,36.05035],[-114.25032,36.04868],[-114.25146,36.04785],[-114.25283,36.04771],[-114.25318,36.04859],[-114.25524,36.04797],[-114.25607,36.04813],[-114.25639,36.04868],[-114.25525,36.04924],[-114.25582,36.05007],[-114.25298,36.05118],[-114.25456,36.05201],[-114.25318,36.05332],[-114.25257,36.0534],[-114.25249,36.05416],[-114.24803,36.05548],[-114.24628,36.05645],[-114.2457,36.05729],[-114.2494,36.05669],[-114.24974,36.05774],[-114.25077,36.05642],[-114.25592,36.05451],[-114.25612,36.05562],[-114.25507,36.05618],[-114.25448,36.05784],[-114.25302,36.05951],[-114.2563,36.05756],[-114.25833,36.05694],[-114.25894,36.05729],[-114.25791,36.05784],[-114.2577,36.0584],[-114.25818,36.05867],[-114.25725,36.06006],[-114.25798,36.06036],[-114.25881,36.06006],[-114.25879,36.05923],[-114.26004,36.05832],[-114.26062,36.0584],[-114.26039,36.0595],[-114.26176,36.05903],[-114.2622,36.05951],[-114.26199,36.06006],[-114.26279,36.06028],[-114.26348,36.05868],[-114.26485,36.05736],[-114.26691,36.05713],[-114.26833,36.05756],[-114.26794,36.05829],[-114.26657,36.05806],[-114.26503,36.05923],[-114.26504,36.05979],[-114.266,36.06006],[-114.26589,36.06034],[-114.26509,36.06062],[-114.26348,36.06247],[-114.26142,36.06166],[-114.25999,36.06228],[-114.26004,36.06283],[-114.26107,36.06267],[-114.26224,36.06395],[-114.26176,36.06543],[-114.26279,36.06531],[-114.26313,36.06465],[-114.264,36.06478],[-114.26287,36.06617],[-114.2621,36.06645],[-114.2621,36.06745],[-114.26485,36.06656],[-114.26519,36.06712],[-114.26554,36.06595],[-114.26712,36.06478],[-114.26828,36.0628],[-114.26931,36.06274],[-114.27137,36.06099],[-114.27309,36.06036],[-114.27412,36.06069],[-114.27481,36.06025],[-114.27515,36.06086],[-114.27687,36.06079],[-114.27678,36.06145],[-114.27549,36.06248],[-114.27343,36.06228],[-114.27193,36.06339],[-114.2739,36.06367],[-114.27407,36.06395],[-114.2732,36.0645],[-114.27426,36.06506],[-114.27378,36.06642],[-114.27171,36.06617],[-114.27326,36.06783],[-114.27275,36.0687],[-114.27155,36.06922],[-114.27172,36.06956],[-114.27309,36.06945],[-114.27323,36.06978],[-114.27275,36.07074],[-114.27169,36.07144],[-114.27206,36.07208],[-114.27424,36.07061],[-114.27621,36.06756],[-114.27687,36.06764],[-114.27755,36.06839],[-114.27838,36.06783],[-114.27782,36.06728],[-114.27809,36.06672],[-114.27763,36.06561],[-114.27858,36.06541],[-114.27996,36.06584],[-114.27974,36.0645],[-114.2803,36.06432],[-114.28099,36.06467],[-114.28202,36.06387],[-114.28242,36.06423],[-114.28236,36.06565],[-114.28373,36.06472],[-114.28458,36.06561],[-114.28511,36.06356],[-114.28494,36.06284],[-114.28408,36.06263],[-114.28404,36.06228],[-114.28476,36.06177],[-114.28764,36.06145],[-114.28859,36.06034],[-114.28871,36.05951],[-114.29027,36.05979],[-114.28861,36.06173],[-114.28844,36.06284],[-114.28888,36.06315],[-114.29129,36.06318],[-114.29094,36.06451],[-114.29395,36.06534],[-114.29369,36.06621],[-114.29206,36.06728],[-114.29266,36.06759],[-114.29438,36.06746],[-114.29486,36.06783],[-114.29232,36.06964],[-114.28947,36.07005],[-114.2893,36.07033],[-114.2906,36.07055],[-114.29073,36.07089],[-114.28904,36.07172],[-114.2906,36.0723],[-114.293,36.07101],[-114.29575,36.07154],[-114.29623,36.07227],[-114.29575,36.07313],[-114.2968,36.07366],[-114.29604,36.07505],[-114.29634,36.0756],[-114.29575,36.07584],[-114.29438,36.07552],[-114.29369,36.07608],[-114.29197,36.07585],[-114.29009,36.07644],[-114.28977,36.07671],[-114.29124,36.07727],[-114.29111,36.0781],[-114.29045,36.07866],[-114.29105,36.07949],[-114.29026,36.08002],[-114.28888,36.07895],[-114.28785,36.0787],[-114.28763,36.07893],[-114.28842,36.07949],[-114.28848,36.08004],[-114.28717,36.08133],[-114.28442,36.08096],[-114.28116,36.08115],[-114.28192,36.08199],[-114.28567,36.0831],[-114.28373,36.08422],[-114.28217,36.08448],[-114.28408,36.0854],[-114.28717,36.08424],[-114.28888,36.08433],[-114.28843,36.08504],[-114.28887,36.08587],[-114.28975,36.08615],[-114.28946,36.08642],[-114.28985,36.08726],[-114.2863,36.0892],[-114.28682,36.09008],[-114.29106,36.08892],[-114.29232,36.08762],[-114.29257,36.08531],[-114.293,36.08504],[-114.29472,36.08759],[-114.29616,36.08587],[-114.29678,36.0856],[-114.29747,36.08598],[-114.29918,36.08522],[-114.29948,36.08615],[-114.29847,36.08698],[-114.29984,36.08753],[-114.29815,36.0884],[-114.29747,36.08837],[-114.29721,36.08892],[-114.29782,36.09031],[-114.29712,36.0905],[-114.29541,36.0905],[-114.29501,36.08975],[-114.293,36.08942],[-114.29338,36.09003],[-114.29285,36.09086],[-114.29333,36.09142],[-114.29129,36.09264],[-114.2906,36.0926],[-114.29045,36.09336],[-114.28949,36.09419],[-114.29023,36.09503],[-114.28905,36.09641],[-114.29094,36.09586],[-114.293,36.09436],[-114.29425,36.09447],[-114.29378,36.09613],[-114.29457,36.09641],[-114.29357,36.09697],[-114.29335,36.09765],[-114.2919,36.09808],[-114.29232,36.09894],[-114.29407,36.09891],[-114.29359,36.09974],[-114.29472,36.10066],[-114.29541,36.10019],[-114.29633,36.10057],[-114.29747,36.0999],[-114.29705,36.10085],[-114.29815,36.10058],[-114.29842,36.10085],[-114.29683,36.10224],[-114.2977,36.10252],[-114.29747,36.10312],[-114.2985,36.10283],[-114.29903,36.10335],[-114.29811,36.10446],[-114.29987,36.10399],[-114.30023,36.10418],[-114.29945,36.10557],[-114.30056,36.10546],[-114.30218,36.1064],[-114.29953,36.10924],[-114.30056,36.10898],[-114.30124,36.10925],[-114.30262,36.10832],[-114.30273,36.10917],[-114.30224,36.10973],[-114.30378,36.10973],[-114.30468,36.11048],[-114.30452,36.11139],[-114.30571,36.11121],[-114.30571,36.11255],[-114.30777,36.11061],[-114.30905,36.11084],[-114.30815,36.11333],[-114.30897,36.11472],[-114.3088,36.11626],[-114.30954,36.11611],[-114.31001,36.11416],[-114.31189,36.11287],[-114.31234,36.11333],[-114.31142,36.11389],[-114.31109,36.11472],[-114.31189,36.11459],[-114.31257,36.11511],[-114.31326,36.11439],[-114.31326,36.1156],[-114.31429,36.115],[-114.3152,36.11555],[-114.3136,36.1173],[-114.3152,36.11722],[-114.31566,36.11798],[-114.31772,36.11793],[-114.31841,36.11846],[-114.31875,36.11787],[-114.32081,36.11715],[-114.32219,36.11758],[-114.32425,36.11716],[-114.32437,36.11777],[-114.32277,36.11916],[-114.32287,36.12002],[-114.32631,36.11886],[-114.32768,36.12004],[-114.32905,36.12011],[-114.32931,36.12054],[-114.32862,36.12165],[-114.32723,36.12193],[-114.32815,36.12276],[-114.32755,36.12332],[-114.3288,36.12332],[-114.32828,36.12498],[-114.32871,36.12509],[-114.33008,36.12394],[-114.33142,36.12387],[-114.33175,36.12498],[-114.33113,36.12554],[-114.33165,36.12609],[-114.33091,36.12692],[-114.3318,36.12708],[-114.33283,36.12651],[-114.33338,36.12664],[-114.33214,36.12729],[-114.33115,36.12886],[-114.33283,36.12858],[-114.33277,36.12942],[-114.33386,36.12909],[-114.33482,36.12997],[-114.33386,36.13194],[-114.33592,36.13133],[-114.33717,36.13164],[-114.33685,36.13247],[-114.33459,36.13441],[-114.33443,36.13524],[-114.33858,36.13385],[-114.3376,36.13607],[-114.33901,36.13537],[-114.34002,36.1358],[-114.3395,36.1369],[-114.34016,36.13718],[-114.33955,36.13885],[-114.34175,36.13849],[-114.34233,36.13885],[-114.34006,36.14106],[-114.3417,36.14106],[-114.34119,36.14162],[-114.34175,36.14196],[-114.34347,36.14143],[-114.3445,36.14027],[-114.34565,36.14051],[-114.34518,36.14162],[-114.34563,36.14217],[-114.34474,36.14273],[-114.34347,36.14501],[-114.34656,36.14334],[-114.34712,36.14384],[-114.34676,36.14411],[-114.34716,36.14605],[-114.34793,36.14483],[-114.34965,36.14412],[-114.34993,36.14439],[-114.34928,36.1455],[-114.35104,36.1455],[-114.35137,36.14654],[-114.35203,36.14633],[-114.35274,36.14521],[-114.35298,36.14633],[-114.35411,36.14631],[-114.3549,36.14689],[-114.35068,36.14933],[-114.34965,36.14929],[-114.35074,36.15021],[-114.35017,36.15077],[-114.35025,36.1516],[-114.35171,36.15064],[-114.35205,36.15119],[-114.35322,36.15104],[-114.35377,36.15015],[-114.35575,36.15049],[-114.35617,36.15314],[-114.35823,36.15066],[-114.35856,36.15215],[-114.35649,36.15492],[-114.35617,36.15669],[-114.35708,36.15548],[-114.35926,36.15398],[-114.35995,36.15453],[-114.36201,36.15426],[-114.36221,36.15465],[-114.35932,36.15659],[-114.36064,36.15639],[-114.36132,36.15694],[-114.36407,36.15636],[-114.36476,36.15656],[-114.36324,36.15936],[-114.36235,36.16015],[-114.36276,36.16102],[-114.36441,36.16006],[-114.3653,36.15853],[-114.36613,36.15799],[-114.36682,36.15857],[-114.36651,36.15936],[-114.3675,36.16158],[-114.36938,36.15991],[-114.36999,36.16075],[-114.36991,36.16179],[-114.37097,36.16269],[-114.37099,36.16352],[-114.37022,36.16407],[-114.37061,36.1649],[-114.37179,36.16518],[-114.37231,36.16619],[-114.373,36.16594],[-114.3735,36.16629],[-114.37337,36.16795],[-114.37375,36.16851],[-114.37331,36.171],[-114.37512,36.17183],[-114.37577,36.17294],[-114.37559,36.17405],[-114.37769,36.17433],[-114.3778,36.17623],[-114.37991,36.17738],[-114.37728,36.17848],[-114.37434,36.18126],[-114.37442,36.18181],[-114.37564,36.18264],[-114.37746,36.18319],[-114.37714,36.1843],[-114.37866,36.18486],[-114.37817,36.18597],[-114.37883,36.18631],[-114.3788,36.1868],[-114.3757,36.18791],[-114.37981,36.18846],[-114.37853,36.18929],[-114.37883,36.19024],[-114.37986,36.19072],[-114.38124,36.19046],[-114.38158,36.191],[-114.38261,36.19105],[-114.38314,36.19151],[-114.38261,36.19254],[-114.38124,36.19267],[-114.38055,36.19335],[-114.37856,36.194],[-114.38089,36.19433],[-114.3833,36.19565],[-114.38485,36.19705],[-114.38398,36.19793],[-114.3833,36.19805],[-114.3833,36.19851],[-114.38776,36.19747],[-114.38844,36.19788],[-114.38845,36.1987],[-114.38941,36.19899],[-114.38948,36.19964],[-114.39085,36.19869],[-114.39156,36.19927],[-114.39082,36.2001],[-114.39099,36.20093],[-114.3924,36.2012],[-114.39051,36.20326],[-114.38581,36.20231],[-114.3843,36.20287],[-114.3844,36.2037],[-114.38626,36.20481],[-114.38617,36.20591],[-114.38778,36.20785],[-114.38536,36.20884],[-114.38367,36.20896],[-114.38433,36.21115],[-114.38274,36.21145],[-114.38154,36.21256],[-114.38161,36.21312],[-114.38258,36.21339],[-114.38257,36.21478],[-114.38192,36.21552],[-114.37965,36.21533],[-114.38002,36.21699],[-114.38273,36.21838],[-114.38141,36.2206],[-114.38055,36.22104],[-114.38083,36.22281],[-114.37975,36.22503],[-114.38041,36.22613],[-114.37988,36.22641],[-114.37949,36.2278],[-114.38086,36.22835],[-114.37979,36.22918],[-114.37997,36.23057],[-114.37922,36.23112],[-114.37952,36.23223],[-114.37811,36.23278],[-114.37918,36.23334],[-114.37969,36.23417],[-114.37849,36.23552],[-114.37712,36.23554],[-114.3762,36.23666],[-114.37718,36.23749],[-114.37745,36.23887],[-114.37671,36.23998],[-114.37788,36.24164],[-114.37676,36.2422],[-114.37672,36.24303],[-114.37451,36.24441],[-114.37587,36.24552],[-114.3756,36.24801],[-114.37457,36.2494],[-114.37536,36.25078],[-114.37515,36.25161],[-114.37249,36.25327],[-114.37325,36.2541],[-114.37506,36.25395],[-114.37578,36.25549],[-114.37499,36.25659],[-114.37411,36.25964],[-114.37393,36.2649],[-114.37315,36.26877],[-114.37121,36.27265],[-114.37084,36.27514],[-114.37168,36.2768],[-114.36888,36.27617],[-114.36812,36.2768],[-114.36888,36.27799],[-114.37121,36.27846],[-114.36961,36.27929],[-114.36991,36.28042],[-114.37265,36.27959],[-114.3737,36.27985],[-114.37165,36.28206],[-114.37197,36.28354],[-114.37094,36.28362],[-114.36944,36.28455],[-114.36967,36.28566],[-114.37025,36.28602],[-114.37162,36.28572],[-114.37265,36.2872],[-114.37471,36.28646],[-114.3754,36.28684],[-114.37652,36.28676],[-114.37562,36.28787],[-114.37623,36.2887],[-114.37609,36.28934],[-114.37574,36.28973],[-114.37403,36.28969],[-114.37462,36.29092],[-114.37348,36.29147],[-114.3736,36.29202],[-114.37253,36.29396],[-114.37574,36.2931],[-114.37746,36.29307],[-114.37782,36.29341],[-114.37334,36.29611],[-114.3728,36.2959],[-114.37231,36.29481],[-114.37083,36.29534],[-114.37005,36.2959],[-114.37025,36.29714],[-114.36933,36.29728],[-114.3711,36.29839],[-114.37094,36.29894],[-114.36922,36.29909],[-114.36848,36.30032],[-114.36948,36.30198],[-114.36973,36.30475],[-114.37073,36.30558],[-114.37098,36.30696],[-114.37049,36.31001],[-114.36958,36.31167],[-114.36998,36.3136],[-114.36969,36.31609],[-114.37056,36.3172],[-114.37026,36.31858],[-114.37128,36.31849],[-114.37152,36.31886],[-114.37051,36.31969],[-114.37117,36.32024],[-114.37124,36.32107],[-114.37099,36.32356],[-114.37044,36.32439],[-114.37164,36.3255],[-114.37155,36.32633],[-114.37094,36.3271],[-114.36922,36.32739],[-114.36859,36.32688],[-114.36743,36.32688],[-114.36633,36.32937],[-114.36652,36.32992],[-114.36556,36.33048],[-114.36716,36.33168],[-114.36785,36.33086],[-114.37094,36.33091],[-114.37197,36.33161],[-114.37475,36.33048],[-114.37231,36.33293],[-114.37025,36.33372],[-114.36922,36.33356],[-114.36819,36.33478],[-114.37139,36.33684],[-114.36868,36.33794],[-114.37042,36.3385],[-114.37025,36.33987],[-114.36785,36.33957],[-114.36682,36.33984],[-114.36579,36.33896],[-114.36548,36.33988],[-114.36649,36.34126],[-114.3675,36.34182],[-114.3651,36.34178],[-114.36167,36.34087],[-114.3607,36.34209],[-114.36134,36.34403],[-114.35926,36.34416],[-114.35877,36.34458],[-114.36098,36.3471],[-114.36338,36.34748],[-114.36476,36.34678],[-114.3656,36.34735],[-114.36267,36.34901],[-114.36496,36.34928],[-114.36551,36.34956],[-114.3651,36.35005],[-114.36304,36.35073],[-114.36132,36.35076],[-114.36081,36.35122],[-114.36134,36.35177],[-114.36051,36.35205],[-114.36263,36.35315],[-114.3651,36.35294],[-114.36631,36.35343],[-114.36579,36.35403],[-114.36373,36.35319],[-114.36438,36.35509],[-114.364,36.35592],[-114.36513,36.35702],[-114.36358,36.35813],[-114.36375,36.35924],[-114.36304,36.36031],[-114.3627,36.36025],[-114.36101,36.35868],[-114.35997,36.3562],[-114.35858,36.35528],[-114.35755,36.35551],[-114.35686,36.35464],[-114.354,36.35481],[-114.35444,36.3562],[-114.35314,36.35758],[-114.35445,36.35841],[-114.3548,36.35925],[-114.35852,36.36173],[-114.3572,36.36213],[-114.35736,36.36366],[-114.35686,36.36395],[-114.35612,36.362],[-114.35523,36.36117],[-114.3548,36.36241],[-114.35274,36.36139],[-114.34999,36.36143],[-114.35203,36.36366],[-114.35155,36.36449],[-114.35254,36.36532],[-114.35249,36.36615],[-114.35405,36.36698],[-114.35407,36.36753],[-114.35343,36.36834],[-114.3524,36.36815],[-114.35171,36.36752],[-114.35068,36.36784],[-114.34965,36.36756],[-114.34965,36.36808],[-114.35089,36.36919],[-114.35124,36.37057],[-114.34999,36.37107],[-114.34811,36.37085],[-114.34903,36.37195],[-114.35171,36.37332],[-114.35205,36.37401],[-114.35343,36.37387],[-114.35411,36.37427],[-114.35473,36.37555],[-114.35449,36.37638],[-114.35377,36.37668],[-114.35171,36.37566],[-114.35051,36.37582],[-114.34931,36.37951],[-114.34622,36.37989],[-114.34553,36.37939],[-114.34381,36.37928],[-114.34259,36.37969],[-114.34246,36.38191],[-114.34107,36.38276],[-114.33969,36.38251],[-114.33871,36.38439],[-114.33485,36.38688],[-114.33315,36.38964],[-114.32953,36.39296],[-114.32665,36.39679],[-114.32425,36.3971],[-114.32216,36.39876],[-114.31978,36.39877],[-114.31774,36.40015],[-114.31693,36.40263],[-114.31543,36.40484],[-114.31566,36.40601],[-114.3143,36.40678],[-114.31534,36.40844],[-114.31358,36.41037],[-114.31118,36.41783],[-114.31154,36.41987],[-114.31257,36.41987],[-114.31429,36.41866],[-114.31601,36.41871],[-114.31653,36.41921],[-114.31583,36.42114],[-114.31635,36.42134],[-114.31772,36.42091],[-114.31825,36.42142],[-114.31737,36.42474],[-114.31772,36.42516],[-114.31875,36.42474],[-114.31948,36.42501],[-114.31936,36.42639],[-114.31871,36.42722],[-114.31973,36.43081],[-114.32184,36.43237],[-114.32391,36.43717],[-114.32505,36.43799],[-114.32507,36.44048],[-114.32728,36.44214],[-114.32905,36.44499],[-114.32982,36.44545],[-114.33007,36.44656],[-114.3327,36.44656],[-114.33276,36.44794],[-114.33361,36.44849],[-114.33309,36.45015],[-114.33419,36.45042],[-114.334,36.45291],[-114.33498,36.45429],[-114.33481,36.45567],[-114.33386,36.45645],[-114.33008,36.4572],[-114.32901,36.45788],[-114.32459,36.45838],[-114.31807,36.45839],[-114.31608,36.45898],[-114.31841,36.45976],[-114.32047,36.45961],[-114.32116,36.46015],[-114.32412,36.45981],[-114.32396,36.46174],[-114.3228,36.46257],[-114.32284,36.4634],[-114.32197,36.46451],[-114.32219,36.46488],[-114.32398,36.46451],[-114.32575,36.46147],[-114.32734,36.46018],[-114.33283,36.45997],[-114.33352,36.46201],[-114.33935,36.46289],[-114.33957,36.46368],[-114.33845,36.46395],[-114.33795,36.46506],[-114.33901,36.46569],[-114.34038,36.46532],[-114.34101,36.46561],[-114.34175,36.46727],[-114.34141,36.4679],[-114.33969,36.46803],[-114.33764,36.4673],[-114.33386,36.46721],[-114.3294,36.4646],[-114.32871,36.46699],[-114.32968,36.46809],[-114.3294,36.46886],[-114.33146,36.4691],[-114.33257,36.47003],[-114.32871,36.47323],[-114.32763,36.47306],[-114.32699,36.47456],[-114.32734,36.47485],[-114.32837,36.47466],[-114.33008,36.47287],[-114.33283,36.4714],[-114.33386,36.4714],[-114.33521,36.47224],[-114.33447,36.47279],[-114.33455,36.47363],[-114.33592,36.47366],[-114.33661,36.47294],[-114.33719,36.47555],[-114.33317,36.47751],[-114.33245,36.47886],[-114.33214,36.4819],[-114.3307,36.4819],[-114.32905,36.48001],[-114.32828,36.47997],[-114.32827,36.48079],[-114.33073,36.48355],[-114.32754,36.48604],[-114.32631,36.48818],[-114.32253,36.4877],[-114.31841,36.48783],[-114.31805,36.48797],[-114.31853,36.48852],[-114.31738,36.48963],[-114.31772,36.48995],[-114.3191,36.48991],[-114.32081,36.48914],[-114.32219,36.48936],[-114.32253,36.48895],[-114.32676,36.4899],[-114.32488,36.49156],[-114.32643,36.49322],[-114.3249,36.4946],[-114.32596,36.49466],[-114.32683,36.49542],[-114.32523,36.49929],[-114.32601,36.50177],[-114.32562,36.5024],[-114.32459,36.5028],[-114.32459,36.50326],[-114.32596,36.50345],[-114.32665,36.50299],[-114.32758,36.50453],[-114.32602,36.50591],[-114.32665,36.50626],[-114.32792,36.50619],[-114.32973,36.50839],[-114.32989,36.50922],[-114.33249,36.51095],[-114.33482,36.51336],[-114.3351,36.51419],[-114.33466,36.51695],[-114.33368,36.51778],[-114.33412,36.51916],[-114.33335,36.52054],[-114.33381,36.52164],[-114.33327,36.52219],[-114.33384,36.52329],[-114.33296,36.52495],[-114.33377,36.52578],[-114.33388,36.52798],[-114.33205,36.53047],[-114.3304,36.5313],[-114.32969,36.53212],[-114.32959,36.53571],[-114.3288,36.53626],[-114.32876,36.53681],[-114.32997,36.53847],[-114.32969,36.53957],[-114.33016,36.54205],[-114.32881,36.54371],[-114.328,36.54674],[-114.32671,36.54922],[-114.32678,36.55446],[-114.3259,36.5564],[-114.32734,36.5586],[-114.32619,36.56219],[-114.32692,36.56467],[-114.32651,36.56715],[-114.33661,36.56754],[-114.33928,36.56357],[-114.33792,36.55998],[-114.33821,36.55722],[-114.33958,36.55391],[-114.33928,36.54812],[-114.34088,36.54454],[-114.34082,36.53929],[-114.34182,36.53681],[-114.34184,36.53323],[-114.3436,36.52992],[-114.34553,36.52854],[-114.34624,36.52743],[-114.34622,36.5248],[-114.34681,36.52329],[-114.3454,36.52191],[-114.34593,36.52026],[-114.3445,36.51923],[-114.34311,36.51667],[-114.34313,36.51532],[-114.3445,36.51364],[-114.34725,36.51293],[-114.34889,36.51309],[-114.35225,36.51143],[-114.35341,36.50977],[-114.35377,36.50739],[-114.35652,36.505],[-114.35565,36.50315],[-114.35878,36.49984],[-114.35823,36.49893],[-114.35583,36.49909],[-114.35385,36.49791],[-114.35446,36.49635],[-114.35422,36.49542],[-114.35308,36.49515],[-114.35034,36.49096],[-114.34862,36.48977],[-114.34244,36.48962],[-114.34107,36.48886],[-114.34004,36.48878],[-114.33901,36.48952],[-114.33558,36.49016],[-114.33249,36.49153],[-114.33026,36.4899],[-114.32983,36.48908],[-114.33077,36.4878],[-114.33222,36.48797],[-114.33251,36.48714],[-114.33411,36.48687],[-114.33489,36.48596],[-114.33798,36.4856],[-114.33935,36.48477],[-114.34116,36.48438],[-114.34278,36.48262],[-114.34298,36.48162],[-114.3424,36.47941],[-114.34401,36.47886],[-114.34419,36.47721],[-114.3482,36.47638],[-114.34785,36.47555],[-114.34868,36.47362],[-114.34836,36.47306],[-114.34971,36.47086],[-114.34976,36.46948],[-114.34922,36.46837],[-114.35034,36.46644],[-114.35098,36.46368],[-114.35169,36.46423],[-114.35229,36.46616],[-114.35327,36.46616],[-114.35343,36.46708],[-114.35427,36.46699],[-114.35401,36.46809],[-114.35337,36.46865],[-114.35377,36.46948],[-114.35578,36.4692],[-114.3558,36.47168],[-114.35755,36.47119],[-114.35823,36.47184],[-114.35917,36.47196],[-114.35794,36.47306],[-114.35751,36.47389],[-114.35785,36.47472],[-114.35686,36.47557],[-114.35995,36.47654],[-114.36064,36.4778],[-114.36167,36.47763],[-114.36211,36.47831],[-114.36338,36.47822],[-114.36564,36.47997],[-114.36559,36.48079],[-114.36433,36.48217],[-114.3624,36.483],[-114.36247,36.48383],[-114.36167,36.48411],[-114.36235,36.4846],[-114.36373,36.48453],[-114.3638,36.48493],[-114.36132,36.48463],[-114.3592,36.48687],[-114.36025,36.4877],[-114.35959,36.48797],[-114.35984,36.48852],[-114.36134,36.4888],[-114.36132,36.48993],[-114.36235,36.48953],[-114.36304,36.48853],[-114.36407,36.48854],[-114.36544,36.49006],[-114.36647,36.48968],[-114.36711,36.49018],[-114.36647,36.49153],[-114.36579,36.49175],[-114.36544,36.49243],[-114.36476,36.49228],[-114.36439,36.49266],[-114.3649,36.49322],[-114.36647,36.49342],[-114.36635,36.49432],[-114.3675,36.49437],[-114.36819,36.49378],[-114.36888,36.49379],[-114.37162,36.49166],[-114.37197,36.49205],[-114.373,36.49211],[-114.37232,36.49294],[-114.37366,36.49377],[-114.37265,36.49503],[-114.37403,36.49624],[-114.37469,36.49598],[-114.37456,36.49515],[-114.37556,36.49487],[-114.37609,36.49369],[-114.37677,36.49469],[-114.3778,36.49426],[-114.37871,36.4946],[-114.37806,36.49598],[-114.37849,36.49627],[-114.37918,36.49598],[-114.37952,36.49728],[-114.38055,36.49748],[-114.38192,36.49707],[-114.3833,36.49789],[-114.3831,36.49874],[-114.38364,36.49925],[-114.3855,36.49929],[-114.38614,36.50067],[-114.38776,36.50189],[-114.38881,36.50343],[-114.39058,36.50701],[-114.39511,36.51253],[-114.39978,36.51657],[-114.4039,36.51844],[-114.40561,36.52022],[-114.40939,36.52098],[-114.41103,36.52357],[-114.41282,36.52487],[-114.41591,36.52613],[-114.42003,36.52651],[-114.4243,36.52136],[-114.4224,36.5164],[-114.42162,36.51253],[-114.41935,36.50904],[-114.4191,36.50784],[-114.41925,36.50591],[-114.42003,36.50434],[-114.42262,36.50205],[-114.42231,36.49984],[-114.42072,36.49852],[-114.41853,36.49763],[-114.41729,36.49642],[-114.41214,36.49515],[-114.41042,36.49648],[-114.4101,36.49625],[-114.41036,36.49487],[-114.4087,36.49461],[-114.40769,36.49322],[-114.40725,36.49156],[-114.40766,36.49073],[-114.40699,36.48935],[-114.40424,36.48879],[-114.40184,36.48978],[-114.39994,36.4888],[-114.39996,36.4877],[-114.39911,36.48742],[-114.39814,36.48604],[-114.39909,36.48499],[-114.39952,36.48245],[-114.39634,36.48331],[-114.3956,36.483],[-114.39544,36.48245],[-114.39712,36.48217],[-114.39875,36.48094],[-114.40017,36.48052],[-114.40057,36.47914],[-114.40026,36.47859],[-114.39943,36.47822],[-114.39806,36.47901],[-114.39786,36.47831],[-114.39737,36.47816],[-114.39669,36.47862],[-114.396,36.48013],[-114.39531,36.47943],[-114.39394,36.48014],[-114.39222,36.47957],[-114.39208,36.47886],[-114.39291,36.47873],[-114.39302,36.47831],[-114.39204,36.47776],[-114.39316,36.47693],[-114.39286,36.47638],[-114.38989,36.47693],[-114.39051,36.47519],[-114.38955,36.47444],[-114.38913,36.47226],[-114.38733,36.47113],[-114.38742,36.46957],[-114.38639,36.46924],[-114.38536,36.47009],[-114.38396,36.4692],[-114.38426,36.46837],[-114.38371,36.46727],[-114.38604,36.46578],[-114.38912,36.46478],[-114.38874,36.4634],[-114.38714,36.4634],[-114.38761,36.46202],[-114.38641,36.46147],[-114.38673,36.46022],[-114.38747,36.45954],[-114.38755,36.4576],[-114.38836,36.45677],[-114.38845,36.45472],[-114.38673,36.45367],[-114.38604,36.45377],[-114.38364,36.45522],[-114.38124,36.45861],[-114.37918,36.45835],[-114.37815,36.45886],[-114.37677,36.45882],[-114.37544,36.4565],[-114.37403,36.45538],[-114.37265,36.45509],[-114.37128,36.45532],[-114.37128,36.45416],[-114.36853,36.45314],[-114.36785,36.45219],[-114.36545,36.45097],[-114.36304,36.44655],[-114.35926,36.44556],[-114.35652,36.44413],[-114.35416,36.44186],[-114.35373,36.44048],[-114.35411,36.44014],[-114.35519,36.4402],[-114.35611,36.43772],[-114.3543,36.43661],[-114.35475,36.43523],[-114.35399,36.43468],[-114.35617,36.4334],[-114.35789,36.43302],[-114.35791,36.43192],[-114.36132,36.43151],[-114.36367,36.42998],[-114.35895,36.42916],[-114.36352,36.42777],[-114.36107,36.42722],[-114.36098,36.42639],[-114.36441,36.42421],[-114.36647,36.42383],[-114.36888,36.42241],[-114.37077,36.42335],[-114.37053,36.42197],[-114.37128,36.4213],[-114.37247,36.42142],[-114.373,36.42243],[-114.37403,36.42207],[-114.37383,36.42004],[-114.37241,36.41866],[-114.37368,36.41768],[-114.37643,36.41884],[-114.37677,36.42004],[-114.37746,36.41951],[-114.37815,36.42032],[-114.37883,36.42029],[-114.37954,36.41893],[-114.3773,36.41811],[-114.37699,36.41617],[-114.37513,36.41479],[-114.37502,36.41396],[-114.37643,36.41348],[-114.37746,36.41484],[-114.37952,36.4155],[-114.38158,36.4153],[-114.38206,36.41313],[-114.38161,36.41065],[-114.38295,36.41013],[-114.38467,36.41065],[-114.38364,36.40951],[-114.38177,36.40926],[-114.38216,36.40761],[-114.37999,36.4065],[-114.37703,36.39959],[-114.37746,36.39581],[-114.37907,36.39572],[-114.37866,36.39628],[-114.37922,36.39738],[-114.37865,36.39876],[-114.3795,36.40015],[-114.37919,36.40125],[-114.37986,36.40195],[-114.38055,36.40176],[-114.38162,36.40015],[-114.38241,36.39987],[-114.38168,36.39904],[-114.38228,36.39793],[-114.3833,36.39774],[-114.38537,36.40015],[-114.38501,36.40155],[-114.38707,36.40193],[-114.38671,36.4007],[-114.38742,36.40039],[-114.38944,36.4018],[-114.38948,36.40243],[-114.39119,36.40277],[-114.39222,36.40243],[-114.39634,36.40473],[-114.3984,36.4044],[-114.39796,36.40319],[-114.39567,36.40291],[-114.39669,36.40195],[-114.39852,36.40153],[-114.39857,36.40097],[-114.39737,36.40069],[-114.39428,36.4012],[-114.39326,36.4007],[-114.39359,36.40015],[-114.39325,36.39968],[-114.39051,36.39922],[-114.38948,36.39848],[-114.38845,36.39861],[-114.38741,36.39793],[-114.3881,36.39551],[-114.38948,36.395],[-114.39085,36.39519],[-114.39158,36.39489],[-114.39062,36.39241],[-114.39119,36.39174],[-114.39291,36.39219],[-114.3936,36.39177],[-114.39531,36.39327],[-114.39669,36.39329],[-114.39731,36.39462],[-114.39806,36.39494],[-114.39843,36.39462],[-114.39772,36.39287],[-114.39909,36.39349],[-114.39945,36.39324],[-114.39909,36.39267],[-114.40093,36.39241],[-114.39945,36.39158],[-114.40028,36.3913],[-114.39937,36.3902],[-114.40115,36.38994],[-114.40118,36.38964],[-114.39838,36.38909],[-114.39936,36.38826],[-114.39875,36.38697],[-114.39806,36.38707],[-114.39748,36.38633],[-114.39772,36.38496],[-114.39909,36.38567],[-114.39978,36.38527],[-114.39909,36.3838],[-114.40046,36.38413],[-114.40184,36.3856],[-114.4025,36.38384],[-114.40086,36.38329],[-114.40306,36.38301],[-114.40117,36.38218],[-114.40218,36.38163],[-114.4014,36.38108],[-114.40304,36.38052],[-114.4029,36.38025],[-114.40034,36.37969],[-114.39987,36.37914],[-114.40007,36.37831],[-114.40424,36.37517],[-114.40634,36.37472],[-114.40891,36.37278],[-114.40887,36.37112],[-114.40973,36.36992],[-114.41076,36.36965],[-114.41248,36.37034],[-114.4142,36.37029],[-114.4142,36.36994],[-114.41282,36.36968],[-114.41209,36.36891],[-114.41248,36.36691],[-114.41385,36.36743],[-114.41488,36.36713],[-114.41626,36.3681],[-114.4166,36.36784],[-114.41696,36.3667],[-114.41564,36.36642],[-114.41537,36.36532],[-114.41619,36.36394],[-114.41584,36.36255],[-114.41723,36.36145],[-114.41832,36.36166],[-114.41905,36.36034],[-114.41788,36.35785],[-114.41969,36.35745],[-114.42072,36.35806],[-114.42209,36.35775],[-114.42312,36.35702],[-114.4245,36.35694],[-114.42518,36.35541],[-114.42656,36.35556],[-114.4293,36.35325],[-114.42857,36.34984],[-114.42974,36.34901],[-114.4302,36.34901],[-114.43037,36.35039],[-114.42971,36.35177],[-114.43068,36.35228],[-114.43205,36.35243],[-114.43514,36.35166],[-114.43583,36.35114],[-114.4372,36.35117],[-114.43646,36.34928],[-114.43686,36.34914],[-114.43754,36.34973],[-114.43812,36.34928],[-114.43713,36.34762],[-114.43926,36.34817],[-114.43945,36.3479],[-114.4391,36.34707],[-114.43652,36.34596],[-114.436,36.34486],[-114.43686,36.34485],[-114.43754,36.34566],[-114.43823,36.34462],[-114.43926,36.3453],[-114.43931,36.34458],[-114.44119,36.34458],[-114.44016,36.34348],[-114.44167,36.3432],[-114.43995,36.34099],[-114.43892,36.34013],[-114.43823,36.34006],[-114.4381,36.33933],[-114.43923,36.33877],[-114.43843,36.3385],[-114.43875,36.33739],[-114.43789,36.33717],[-114.4372,36.33797],[-114.43617,36.33814],[-114.4346,36.33684],[-114.43514,36.33651],[-114.43789,36.33703],[-114.43872,36.33601],[-114.43773,36.33546],[-114.43728,36.3338],[-114.43655,36.33297],[-114.43662,36.33186],[-114.43792,36.33103],[-114.43643,36.32965],[-114.43766,36.32771],[-114.43691,36.32716],[-114.43492,36.32384],[-114.43587,36.3219],[-114.43274,36.32193],[-114.43068,36.32127],[-114.42951,36.32024],[-114.43028,36.31858],[-114.42917,36.3172],[-114.42877,36.31526],[-114.42621,36.31443],[-114.42574,36.31388],[-114.42407,36.3136],[-114.42359,36.31084],[-114.42532,36.30945],[-114.42207,36.30807],[-114.42239,36.30752],[-114.42484,36.30765],[-114.42621,36.30698],[-114.42999,36.30734],[-114.43205,36.30807],[-114.43583,36.30666],[-114.43754,36.30643],[-114.44029,36.30823],[-114.44132,36.30788],[-114.44132,36.30737],[-114.43922,36.30475],[-114.43754,36.3036],[-114.43617,36.30435],[-114.43377,36.30321],[-114.43278,36.30475],[-114.43171,36.30498],[-114.43088,36.30447],[-114.43117,36.30309],[-114.43033,36.30238],[-114.4293,36.30301],[-114.42862,36.30286],[-114.42862,36.30226],[-114.42656,36.30248],[-114.42553,36.30216],[-114.42347,36.30264],[-114.42312,36.30157],[-114.42175,36.302],[-114.42003,36.30134],[-114.41729,36.30224],[-114.41684,36.30198],[-114.41692,36.30143],[-114.4142,36.301],[-114.41355,36.29949],[-114.41456,36.29894],[-114.41422,36.29839],[-114.41214,36.2981],[-114.41145,36.29742],[-114.40939,36.29701],[-114.40904,36.29617],[-114.40737,36.29479],[-114.40693,36.29285],[-114.40881,36.28842],[-114.40987,36.28676],[-114.41135,36.28593],[-114.41117,36.28538],[-114.41028,36.2851],[-114.40974,36.28372],[-114.41049,36.28178],[-114.41154,36.28123],[-114.40957,36.27985],[-114.41008,36.27916],[-114.41117,36.27874],[-114.40999,36.27735],[-114.41179,36.27613],[-114.41377,36.27569],[-114.41298,36.27514],[-114.41282,36.27431],[-114.41145,36.27507],[-114.41076,36.27445],[-114.40973,36.27462],[-114.40947,36.27431],[-114.41139,36.27237],[-114.41454,36.27023],[-114.4166,36.26983],[-114.41657,36.26877],[-114.41352,36.26656],[-114.41297,36.26407],[-114.41122,36.26296],[-114.41109,36.26241],[-114.41244,36.26185],[-114.41248,36.26108],[-114.4116,36.26075],[-114.41129,36.25909],[-114.41004,36.25825],[-114.41049,36.25715],[-114.41179,36.25654],[-114.41306,36.25687],[-114.4131,36.25825],[-114.41351,36.25853],[-114.41645,36.2577],[-114.41672,36.25715],[-114.4142,36.25719],[-114.41454,36.25521],[-114.41179,36.25441],[-114.41059,36.25299],[-114.41084,36.25216],[-114.41043,36.25189],[-114.41092,36.25078],[-114.41217,36.24967],[-114.41145,36.24842],[-114.40973,36.24847],[-114.40955,36.24801],[-114.41042,36.2478],[-114.41145,36.24825],[-114.41317,36.24727],[-114.41223,36.24635],[-114.4142,36.24505],[-114.41512,36.24497],[-114.41573,36.24358],[-114.41502,36.24192],[-114.41591,36.24131],[-114.42072,36.23995],[-114.41991,36.23943],[-114.41823,36.23943],[-114.41867,36.23777],[-114.41702,36.23666],[-114.41598,36.23472],[-114.41729,36.23486],[-114.41832,36.2359],[-114.41896,36.23583],[-114.41935,36.23515],[-114.42072,36.23511],[-114.42141,36.23381],[-114.42312,36.23486],[-114.42534,36.2325],[-114.42347,36.23268],[-114.42209,36.23167],[-114.42038,36.23123],[-114.42011,36.23057],[-114.42106,36.22992],[-114.42244,36.23015],[-114.42337,36.22863],[-114.42497,36.22835],[-114.4245,36.22669],[-114.42484,36.22636],[-114.42553,36.22646],[-114.42553,36.22514],[-114.42954,36.22447],[-114.43033,36.22331],[-114.42896,36.22264],[-114.42907,36.22198],[-114.43033,36.22187],[-114.43205,36.22268],[-114.43376,36.22226],[-114.43136,36.21986],[-114.4298,36.21949],[-114.42954,36.21893],[-114.43068,36.21845],[-114.43308,36.21882],[-114.43377,36.21769],[-114.43482,36.21755],[-114.43472,36.21616],[-114.43723,36.21616],[-114.43851,36.21367],[-114.4376,36.21312],[-114.43986,36.21284],[-114.43877,36.21201],[-114.4409,36.21062],[-114.43857,36.21025],[-114.43701,36.20952],[-114.43858,36.20924],[-114.43921,36.20841],[-114.43887,36.20758],[-114.43995,36.20745],[-114.44029,36.20699],[-114.44132,36.20751],[-114.44284,36.20758],[-114.44303,36.2073],[-114.44183,36.20619],[-114.44354,36.20564],[-114.44269,36.20447],[-114.43995,36.20501],[-114.43925,36.2037],[-114.44235,36.20245],[-114.44342,36.20287],[-114.44369,36.20204],[-114.44329,36.20148],[-114.44475,36.20153],[-114.44544,36.20088],[-114.44677,36.20148],[-114.44711,36.20204],[-114.44679,36.20287],[-114.44724,36.20287],[-114.44871,36.2012],[-114.44647,36.20083],[-114.44647,36.19972],[-114.44407,36.19969],[-114.44359,36.19899],[-114.4451,36.1983],[-114.44579,36.19843],[-114.44613,36.19759],[-114.44818,36.19741],[-114.4499,36.19802],[-114.45034,36.1976],[-114.45009,36.19677],[-114.45131,36.19594],[-114.4487,36.19566],[-114.44818,36.19522],[-114.44613,36.19537],[-114.44447,36.19483],[-114.44469,36.19428],[-114.44417,36.19345],[-114.4453,36.19289],[-114.44528,36.19206],[-114.44613,36.19187],[-114.44718,36.19234],[-114.44871,36.1904],[-114.4479,36.18901],[-114.44814,36.18846],[-114.44632,36.18707],[-114.44694,36.18624],[-114.44586,36.18541],[-114.44688,36.18403],[-114.44818,36.18356],[-114.44818,36.18292],[-114.44906,36.18236],[-114.44684,36.18209],[-114.44741,36.17987],[-114.44608,36.17904],[-114.4448,36.1771],[-114.44492,36.17433],[-114.44576,36.17377],[-114.44426,36.17211],[-114.44517,36.16934],[-114.44237,36.1674],[-114.44235,36.1665],[-114.44132,36.16646],[-114.44024,36.16574],[-114.4403,36.16518],[-114.43892,36.165],[-114.43609,36.16352],[-114.43961,36.16213],[-114.44016,36.16158],[-114.44033,36.16075],[-114.43789,36.15941],[-114.43816,36.15881],[-114.44098,36.15933],[-114.44212,36.16047],[-114.44114,36.1613],[-114.44111,36.16185],[-114.44544,36.16412],[-114.4475,36.16425],[-114.45162,36.16548],[-114.45265,36.16483],[-114.45402,36.16575],[-114.46192,36.16225],[-114.46519,36.15991],[-114.46672,36.15795],[-114.46878,36.15747],[-114.46976,36.15797],[-114.46829,36.16102],[-114.46835,36.16185],[-114.4689,36.16213],[-114.46882,36.16296],[-114.46981,36.16468],[-114.47084,36.16379],[-114.47187,36.16359],[-114.47256,36.16413],[-114.47565,36.16395],[-114.47771,36.16523],[-114.47874,36.16367],[-114.48046,36.16354],[-114.48183,36.16264],[-114.48355,36.16221],[-114.48492,36.1614],[-114.48526,36.16047],[-114.48609,36.16102],[-114.48664,36.16267],[-114.48698,36.16184],[-114.48797,36.16185],[-114.4887,36.16064],[-114.48866,36.16158],[-114.48925,36.16213],[-114.48827,36.16518],[-114.4887,36.16711],[-114.48918,36.16518],[-114.4901,36.16435],[-114.49076,36.16426],[-114.4911,36.16561],[-114.49213,36.16359],[-114.49247,36.16343],[-114.49282,36.16397],[-114.49419,36.16295],[-114.4974,36.16379],[-114.49745,36.16435],[-114.49556,36.16611],[-114.498,36.1649],[-114.49934,36.16479],[-114.49887,36.16657],[-114.49971,36.16684],[-114.50003,36.16751],[-114.5014,36.16434],[-114.50312,36.1637],[-114.50402,36.16463],[-114.50483,36.16479],[-114.50551,36.16379],[-114.50655,36.16336],[-114.50725,36.16435],[-114.50998,36.16535],[-114.51239,36.16529],[-114.51294,36.16629],[-114.51442,36.16684],[-114.51651,36.16913],[-114.51754,36.16814],[-114.51857,36.16886],[-114.5196,36.16855],[-114.51915,36.16629],[-114.5196,36.1649],[-114.52028,36.16411],[-114.52166,36.16395],[-114.522,36.16301],[-114.52303,36.16247],[-114.52372,36.16277],[-114.52749,36.16252],[-114.5299,36.16506],[-114.53025,36.16379],[-114.52864,36.16075],[-114.52887,36.16044],[-114.53093,36.16196],[-114.5323,36.16236],[-114.53299,36.16406],[-114.53518,36.16518],[-114.53359,36.15825],[-114.53411,36.15603],[-114.53539,36.15585],[-114.53676,36.15748],[-114.53814,36.15809],[-114.53951,36.15812],[-114.54324,36.15964],[-114.5431,36.1613],[-114.54363,36.16226],[-114.54432,36.16162],[-114.54715,36.16269],[-114.54825,36.16407],[-114.54947,36.16725],[-114.55067,36.16823],[-114.54981,36.17019],[-114.55324,36.17228],[-114.55328,36.1674],[-114.55084,36.16435],[-114.55031,36.16185],[-114.54922,36.16075],[-114.54912,36.1592],[-114.54843,36.15853],[-114.549,36.1577],[-114.54679,36.15631],[-114.54672,36.15513],[-114.54944,36.15382],[-114.55084,36.15264],[-114.55275,36.15298],[-114.55462,36.15479],[-114.55564,36.15403],[-114.55908,36.15397],[-114.56139,36.15271],[-114.5632,36.15241],[-114.56526,36.15316],[-114.56903,36.15296],[-114.56978,36.15492],[-114.56892,36.15714],[-114.56938,36.15841],[-114.57115,36.15659],[-114.57212,36.15377],[-114.57384,36.15354],[-114.57556,36.15522],[-114.57752,36.15215],[-114.57933,36.1516],[-114.58139,36.14978],[-114.5838,36.15124],[-114.58352,36.15077],[-114.58405,36.14938],[-114.58551,36.14898],[-114.58625,36.14966],[-114.58641,36.15132],[-114.58792,36.15342],[-114.58929,36.15451],[-114.58966,36.15298],[-114.58882,36.15215],[-114.58836,36.15077],[-114.5886,36.14884],[-114.58963,36.14888],[-114.59135,36.14819],[-114.59238,36.14855],[-114.59331,36.14689],[-114.59581,36.14505],[-114.59753,36.14456],[-114.59804,36.14467],[-114.59925,36.14646],[-114.60028,36.14582],[-114.60131,36.1458],[-114.60187,36.14494],[-114.60124,36.14384],[-114.60195,36.14217],[-114.60111,36.14189],[-114.6012,36.14162],[-114.60318,36.13968],[-114.6044,36.13911],[-114.60623,36.13912],[-114.60625,36.13801],[-114.60755,36.13607],[-114.61023,36.13444],[-114.61264,36.13362],[-114.61435,36.1344],[-114.61607,36.13427],[-114.61679,36.13496],[-114.61647,36.13607],[-114.61694,36.1369],[-114.61639,36.13746],[-114.61681,36.14079],[-114.61744,36.14104],[-114.61847,36.13983],[-114.61985,36.13967],[-114.62069,36.14051],[-114.6195,36.14211],[-114.61882,36.14204],[-114.61786,36.14273],[-114.6173,36.14384],[-114.61792,36.14494],[-114.61794,36.14633],[-114.61701,36.14855],[-114.61733,36.14938],[-114.61847,36.15002],[-114.61847,36.14891],[-114.62088,36.14853],[-114.62194,36.14744],[-114.62141,36.14578],[-114.62259,36.14479],[-114.62534,36.14473],[-114.62582,36.14744],[-114.6274,36.14746],[-114.62869,36.14799],[-114.62877,36.15069],[-114.62982,36.15021],[-114.63152,36.14746],[-114.63291,36.14855],[-114.63324,36.14972],[-114.63564,36.15024],[-114.63701,36.15],[-114.63728,36.15077],[-114.63614,36.15437],[-114.63667,36.15509],[-114.6377,36.15468],[-114.63839,36.15513],[-114.63933,36.15354],[-114.64113,36.15204],[-114.6416,36.15215],[-114.64182,36.15327],[-114.64251,36.15306],[-114.64354,36.15361],[-114.64491,36.15223],[-114.648,36.15078],[-114.64869,36.15099],[-114.64903,36.15282],[-114.64972,36.1526],[-114.64983,36.15021],[-114.64938,36.1491],[-114.65034,36.14827],[-114.65033,36.14772],[-114.64731,36.14794],[-114.64642,36.14716],[-114.64723,36.14411],[-114.64903,36.14337],[-114.65006,36.14199],[-114.65042,36.14217],[-114.64976,36.14494],[-114.65075,36.14537],[-114.65246,36.1449],[-114.65349,36.14553],[-114.65624,36.1453],[-114.65761,36.14759],[-114.65835,36.14494],[-114.65702,36.14356],[-114.6573,36.14273],[-114.66139,36.14043],[-114.6626,36.14023],[-114.66345,36.13927],[-114.66482,36.13862],[-114.66654,36.13902],[-114.66757,36.13999],[-114.6686,36.14003],[-114.67031,36.1393],[-114.67203,36.14051],[-114.67162,36.13912],[-114.67327,36.13829],[-114.67323,36.13774],[-114.67089,36.13635],[-114.67085,36.13552],[-114.67169,36.13481],[-114.67375,36.13469],[-114.67454,36.13385],[-114.67684,36.13308],[-114.68061,36.13275],[-114.68199,36.13297],[-114.68238,36.13441],[-114.68326,36.13496],[-114.68336,36.13595],[-114.68417,36.13607],[-114.68439,36.13725],[-114.68542,36.13713],[-114.68782,36.13569],[-114.68853,36.13607],[-114.6902,36.13857],[-114.69034,36.1394],[-114.68944,36.14023],[-114.69126,36.14003],[-114.69229,36.14115],[-114.6931,36.14051],[-114.69317,36.13968],[-114.69274,36.13801],[-114.69164,36.13718],[-114.69194,36.13537],[-114.69142,36.13441],[-114.68969,36.1333],[-114.69194,36.13291],[-114.69248,36.1333],[-114.69273,36.13469],[-114.6945,36.13524],[-114.6951,36.13607],[-114.69414,36.13801],[-114.69475,36.14134],[-114.69725,36.14578],[-114.69847,36.14612],[-114.69923,36.14716],[-114.69934,36.14883],[-114.70053,36.14854],[-114.70121,36.14706],[-114.7019,36.14669],[-114.70602,36.14729],[-114.70689,36.14799],[-114.70688,36.14883],[-114.70506,36.14993],[-114.70808,36.15015],[-114.70911,36.15131],[-114.70768,36.15437],[-114.70911,36.15587],[-114.71031,36.15936],[-114.71117,36.16011],[-114.71186,36.15999],[-114.7119,36.15964],[-114.71105,36.15714],[-114.71144,36.15603],[-114.71073,36.1552],[-114.71239,36.15465],[-114.71054,36.15354],[-114.71116,36.15271],[-114.71274,36.15215],[-114.71264,36.15077],[-114.7146,36.15005],[-114.71425,36.14799],[-114.71632,36.1486],[-114.71758,36.14716],[-114.71872,36.14712],[-114.71856,36.14827],[-114.71946,36.14938],[-114.71939,36.15049],[-114.72023,36.15077],[-114.72046,36.1516],[-114.72181,36.15292],[-114.72205,36.15021],[-114.72276,36.1491],[-114.72387,36.14869],[-114.72525,36.14988],[-114.72596,36.14938],[-114.72552,36.14827],[-114.72593,36.1478],[-114.72765,36.14785],[-114.72834,36.14845],[-114.72991,36.14744],[-114.7267,36.14633],[-114.72628,36.14493],[-114.72525,36.1457],[-114.72387,36.14499],[-114.72361,36.14134],[-114.7225,36.14037],[-114.71817,36.13857],[-114.71632,36.13523],[-114.71495,36.13562],[-114.71434,36.13524],[-114.71323,36.13226],[-114.71214,36.1308],[-114.71105,36.13025],[-114.71138,36.12914],[-114.71033,36.12831],[-114.71043,36.12775],[-114.71186,36.12752],[-114.71456,36.12803],[-114.71495,36.13027],[-114.71701,36.12995],[-114.71872,36.1302],[-114.71886,36.13191],[-114.71975,36.13244],[-114.7208,36.13053],[-114.72074,36.12803],[-114.72147,36.12583],[-114.72245,36.12803],[-114.72181,36.13174],[-114.72284,36.13189],[-114.7249,36.12956],[-114.72561,36.13053],[-114.72482,36.13191],[-114.72525,36.13302],[-114.72493,36.13413],[-114.72692,36.13496],[-114.72659,36.1358],[-114.72696,36.13653],[-114.72731,36.13626],[-114.72937,36.13672],[-114.73005,36.13647],[-114.7306,36.13552],[-114.73008,36.1333],[-114.73143,36.13248],[-114.73159,36.13191],[-114.72888,36.12942],[-114.72812,36.12692],[-114.72913,36.12609],[-114.72786,36.12526],[-114.72774,36.12443],[-114.72868,36.12351],[-114.7304,36.12527],[-114.73143,36.12551],[-114.73192,36.12498],[-114.73196,36.12387],[-114.73383,36.12331],[-114.73418,36.12526],[-114.73383,36.12674],[-114.7348,36.12859],[-114.73617,36.12914],[-114.73561,36.12969],[-114.73577,36.13108],[-114.73484,36.13247],[-114.73475,36.13358],[-114.73692,36.13409],[-114.73726,36.13656],[-114.73795,36.13688],[-114.73841,36.13663],[-114.73917,36.13385],[-114.73967,36.13312],[-114.74001,36.13323],[-114.7407,36.13367],[-114.74105,36.13469],[-114.74096,36.13607],[-114.74001,36.13781],[-114.74241,36.13808],[-114.7431,36.13887],[-114.74379,36.13893],[-114.74447,36.13852],[-114.74494,36.13718],[-114.74618,36.1358],[-114.74653,36.13406],[-114.74787,36.13496],[-114.74756,36.13732],[-114.74859,36.13772],[-114.74859,36.13834],[-114.75031,36.13902],[-114.751,36.13805],[-114.75237,36.13857],[-114.7533,36.13801],[-114.75152,36.13635],[-114.75183,36.13496],[-114.75141,36.13385],[-114.74995,36.13219],[-114.7534,36.13224],[-114.75376,36.1308],[-114.75419,36.1308],[-114.7546,36.13275],[-114.75558,36.13358],[-114.75546,36.13437],[-114.75639,36.13441],[-114.75738,36.13524],[-114.75752,36.13609],[-114.75942,36.13441],[-114.75855,36.13403],[-114.7574,36.13247],[-114.75958,36.13048],[-114.76096,36.13191],[-114.76018,36.13302],[-114.76061,36.13407],[-114.76164,36.1325],[-114.76233,36.13274],[-114.76301,36.13233],[-114.76332,36.13358],[-114.76404,36.13414],[-114.76507,36.1341],[-114.76576,36.13358],[-114.76422,36.13164],[-114.76255,36.1308],[-114.76164,36.12969],[-114.76439,36.12933],[-114.76528,36.12831],[-114.76523,36.12748],[-114.76341,36.12637],[-114.76311,36.12554],[-114.76193,36.12526],[-114.76092,36.12248],[-114.75963,36.12165],[-114.75803,36.12138],[-114.75718,36.118],[-114.75889,36.11814],[-114.76061,36.11917],[-114.76095,36.11829],[-114.76301,36.11913],[-114.7637,36.11828],[-114.76507,36.11831],[-114.76576,36.11897],[-114.76679,36.11813],[-114.76756,36.11832],[-114.76764,36.11916],[-114.7668,36.12027],[-114.76864,36.12027],[-114.76811,36.1211],[-114.76851,36.12169],[-114.76988,36.12123],[-114.77077,36.12138],[-114.77027,36.12221],[-114.76932,36.12248],[-114.76945,36.12332],[-114.76996,36.12359],[-114.7694,36.12443],[-114.76848,36.1247],[-114.76851,36.12517],[-114.77091,36.12605],[-114.77203,36.12526],[-114.77297,36.12372],[-114.77365,36.12347],[-114.7735,36.12526],[-114.77251,36.12637],[-114.77297,36.12788],[-114.77606,36.12774],[-114.77846,36.12846],[-114.77898,36.12914],[-114.77855,36.13053],[-114.78052,36.13131],[-114.78224,36.13117],[-114.78306,36.13219],[-114.78533,36.13181],[-114.78567,36.1308],[-114.78498,36.12699],[-114.78704,36.12714],[-114.78835,36.12526],[-114.78887,36.12276],[-114.78957,36.12193],[-114.79082,36.12145],[-114.79092,36.12332],[-114.79173,36.12359],[-114.79089,36.12498],[-114.79187,36.12637],[-114.79179,36.12775],[-114.79322,36.12889],[-114.79494,36.12954],[-114.79563,36.13121],[-114.79769,36.13012],[-114.79837,36.13108],[-114.80043,36.13244],[-114.79955,36.12969],[-114.80146,36.12781],[-114.80181,36.12813],[-114.80284,36.12739],[-114.80352,36.12768],[-114.80328,36.12859],[-114.80401,36.12886],[-114.80395,36.12942],[-114.80455,36.12986],[-114.80524,36.12981],[-114.80593,36.12903],[-114.80661,36.12938],[-114.80799,36.12919],[-114.80843,36.13136],[-114.80902,36.13211],[-114.8097,36.1321],[-114.81002,36.13053],[-114.81073,36.12969],[-114.81176,36.13106],[-114.81451,36.13039],[-114.8152,36.13238],[-114.81623,36.13098],[-114.8176,36.13014],[-114.81863,36.13078],[-114.81848,36.13164],[-114.81897,36.13264],[-114.81966,36.13294],[-114.82103,36.13185],[-114.82206,36.13175],[-114.82344,36.1324],[-114.82412,36.13198],[-114.82407,36.13302],[-114.82509,36.13302],[-114.8249,36.13413],[-114.82584,36.13588],[-114.82638,36.13441],[-114.8279,36.13352],[-114.82848,36.13469],[-114.82833,36.13552],[-114.82893,36.13604],[-114.82962,36.13526],[-114.82996,36.13556],[-114.83073,36.13746],[-114.83175,36.13774],[-114.83188,36.1394],[-114.83236,36.1399],[-114.83325,36.1394],[-114.83339,36.13853],[-114.83477,36.1396],[-114.83545,36.13829],[-114.83717,36.13746],[-114.8382,36.13758],[-114.84095,36.13918],[-114.84174,36.13857],[-114.841,36.13746],[-114.83769,36.13496],[-114.83565,36.13247],[-114.83712,36.13164],[-114.83588,36.13053],[-114.83576,36.12914],[-114.83957,36.12943],[-114.84163,36.13088],[-114.84189,36.13025],[-114.84136,36.12859],[-114.84369,36.1286],[-114.84383,36.12748],[-114.84462,36.12692],[-114.84444,36.12609],[-114.84541,36.12555],[-114.8466,36.12609],[-114.84661,36.1272],[-114.84747,36.12855],[-114.8485,36.12739],[-114.84953,36.12715],[-114.85049,36.12886],[-114.85159,36.12897],[-114.85184,36.12859],[-114.85125,36.12817],[-114.85242,36.1272],[-114.85228,36.12656],[-114.85296,36.12631],[-114.85365,36.1266],[-114.85417,36.12775],[-114.85468,36.1282],[-114.85537,36.12816],[-114.85625,36.12969],[-114.85611,36.13302],[-114.85777,36.13347],[-114.86258,36.13746],[-114.86395,36.13714],[-114.86395,36.13626],[-114.85895,36.13053],[-114.86037,36.12914],[-114.86025,36.12803],[-114.85947,36.1272],[-114.85983,36.12626],[-114.86113,36.12775],[-114.86223,36.12804],[-114.86292,36.1298],[-114.86532,36.12983],[-114.86601,36.13128],[-114.8667,36.13108],[-114.86807,36.13159],[-114.8691,36.13131],[-114.87219,36.13305],[-114.87322,36.13294],[-114.87391,36.13346],[-114.87562,36.13322],[-114.87631,36.13447],[-114.87837,36.13546],[-114.88037,36.13469],[-114.87967,36.13302],[-114.8818,36.13153],[-114.88214,36.13212],[-114.88317,36.13122],[-114.88363,36.13136],[-114.88455,36.13075],[-114.88489,36.13115],[-114.88729,36.13006],[-114.88867,36.12991],[-114.89004,36.1303],[-114.89262,36.12775],[-114.8921,36.12752],[-114.88935,36.12911],[-114.88592,36.12927],[-114.88489,36.12875],[-114.88455,36.12913],[-114.8842,36.12896],[-114.88352,36.12785],[-114.88214,36.12854],[-114.88182,36.12942],[-114.88077,36.1302],[-114.87906,36.13076],[-114.87286,36.12969],[-114.87219,36.12864],[-114.87013,36.12776],[-114.86857,36.12554],[-114.86925,36.12498],[-114.8688,36.12443],[-114.86904,36.12387],[-114.86831,36.12332],[-114.86838,36.12193],[-114.86773,36.12032],[-114.86636,36.1186],[-114.86498,36.11818],[-114.86247,36.1186],[-114.86236,36.11749],[-114.86422,36.115],[-114.86395,36.11485],[-114.86189,36.11587],[-114.8612,36.1151],[-114.86017,36.11596],[-114.85949,36.11585],[-114.85959,36.115],[-114.86055,36.11389],[-114.85777,36.11487],[-114.85729,36.11444],[-114.85804,36.11361],[-114.85779,36.11333],[-114.85612,36.11361],[-114.85614,36.11278],[-114.85537,36.11226],[-114.85378,36.11278],[-114.85365,36.1132],[-114.85331,36.11252],[-114.85193,36.1133],[-114.8509,36.11306],[-114.85022,36.11367],[-114.84943,36.11195],[-114.85022,36.10968],[-114.8485,36.11087],[-114.84747,36.10982],[-114.84644,36.11009],[-114.84575,36.10941],[-114.84438,36.11041],[-114.84428,36.11139],[-114.84301,36.11111],[-114.84266,36.11178],[-114.84211,36.11139],[-114.84192,36.11028],[-114.84044,36.11111],[-114.83988,36.11056],[-114.84062,36.11],[-114.84022,36.10945],[-114.84062,36.10779],[-114.84148,36.10668],[-114.83992,36.10672],[-114.83923,36.10627],[-114.83854,36.10721],[-114.83786,36.10697],[-114.83614,36.10802],[-114.83461,36.10834],[-114.8347,36.10779],[-114.83554,36.10723],[-114.83511,36.1046],[-114.83099,36.10712],[-114.83252,36.10501],[-114.83283,36.1039],[-114.83202,36.10359],[-114.83047,36.1039],[-114.82962,36.10539],[-114.82833,36.10473],[-114.82893,36.10318],[-114.82653,36.10481],[-114.82595,36.10473],[-114.82595,36.10418],[-114.82918,36.10196],[-114.83003,36.10085],[-114.82893,36.10027],[-114.8279,36.10045],[-114.82721,36.09966],[-114.82584,36.09969],[-114.82566,36.09891],[-114.82636,36.09752],[-114.82412,36.0979],[-114.82252,36.09669],[-114.82344,36.0961],[-114.82447,36.09622],[-114.82564,36.0953],[-114.82358,36.09475],[-114.82432,36.09419],[-114.8241,36.09392],[-114.82241,36.09417],[-114.82215,36.09392],[-114.82254,36.09225],[-114.82035,36.09342],[-114.81966,36.09325],[-114.81955,36.09253],[-114.82051,36.0917],[-114.81923,36.09114],[-114.8194,36.09031],[-114.8188,36.08948],[-114.81956,36.08892],[-114.81819,36.08837],[-114.81794,36.08654],[-114.81657,36.08587],[-114.81451,36.08762],[-114.81412,36.08753],[-114.81436,36.0867],[-114.81301,36.08642],[-114.81309,36.08531],[-114.8153,36.08421],[-114.81385,36.08393],[-114.81599,36.08254],[-114.81417,36.08218],[-114.81202,36.08282],[-114.81354,36.08171],[-114.81242,36.08115],[-114.81346,36.0806],[-114.81362,36.07949],[-114.81108,36.07994],[-114.80964,36.07893],[-114.80902,36.07505],[-114.8097,36.07429],[-114.81026,36.072],[-114.80942,36.07033],[-114.80758,36.06894],[-114.80902,36.06876],[-114.81039,36.06803],[-114.81101,36.06534],[-114.81267,36.06395],[-114.81448,36.06117],[-114.8186,36.05729],[-114.81863,36.0562],[-114.81629,36.05479],[-114.81588,36.05362],[-114.81382,36.05341],[-114.81229,36.05257],[-114.81314,36.05127],[-114.8152,36.04993],[-114.81588,36.04991],[-114.81613,36.04896],[-114.81417,36.0476],[-114.81203,36.04729],[-114.81214,36.04702],[-114.81142,36.04707],[-114.8097,36.04618],[-114.80661,36.04377],[-114.80588,36.0423],[-114.80433,36.04091],[-114.80284,36.04056],[-114.79947,36.03786],[-114.79254,36.03458],[-114.78918,36.0323],[-114.78892,36.03175],[-114.78498,36.02985],[-114.78387,36.02869],[-114.78292,36.02671],[-114.78064,36.02564],[-114.78045,36.02508],[-114.78086,36.02476],[-114.77742,36.02175],[-114.77503,36.02087],[-114.77228,36.02162],[-114.77194,36.02071],[-114.77022,36.02039],[-114.76851,36.0192],[-114.76542,36.02032],[-114.7637,36.01938],[-114.76198,36.02011],[-114.75958,36.01978],[-114.75821,36.02105],[-114.7558,36.02107],[-114.75409,36.02299],[-114.74883,36.02453],[-114.74585,36.02603],[-114.7431,36.02856],[-114.74241,36.03309],[-114.74104,36.03529],[-114.73829,36.03535],[-114.73589,36.03411],[-114.73423,36.03397],[-114.72948,36.03092],[-114.72525,36.02919],[-114.72489,36.02869],[-114.72918,36.02564],[-114.73047,36.02592],[-114.73034,36.02286],[-114.73349,36.02176],[-114.73484,36.01981],[-114.73726,36.01919],[-114.73815,36.01842],[-114.73831,36.01759],[-114.73788,36.01703],[-114.73417,36.01424],[-114.7339,36.01453],[-114.73435,36.01509],[-114.7339,36.01592],[-114.73183,36.01731],[-114.73074,36.01882],[-114.729,36.0187],[-114.72628,36.01583],[-114.72748,36.01953],[-114.72565,36.02036],[-114.72525,36.02356],[-114.72387,36.02375],[-114.7225,36.02598],[-114.71997,36.02731],[-114.7187,36.03258],[-114.71947,36.03425],[-114.71918,36.0348],[-114.71392,36.03476],[-114.71254,36.03438],[-114.71117,36.0332],[-114.71014,36.03459],[-114.70911,36.0349],[-114.70705,36.0345],[-114.70602,36.03358],[-114.70534,36.03397],[-114.70508,36.03508],[-114.70596,36.03619],[-114.70529,36.03758],[-114.70808,36.03714],[-114.70938,36.03813],[-114.7088,36.03869],[-114.7096,36.04063],[-114.71081,36.0423],[-114.71188,36.04258],[-114.71078,36.04369],[-114.71118,36.04424],[-114.71289,36.04415],[-114.7146,36.04312],[-114.71455,36.04452],[-114.71495,36.04471],[-114.71632,36.04465],[-114.71769,36.04407],[-114.71804,36.04484],[-114.71872,36.04498],[-114.7201,36.04435],[-114.71873,36.04674],[-114.71888,36.04729],[-114.71721,36.04813],[-114.71769,36.04872],[-114.71905,36.04896],[-114.71907,36.04995],[-114.7207,36.05007],[-114.72059,36.05174],[-114.72216,36.05273],[-114.7227,36.05368],[-114.72234,36.05451],[-114.72098,36.05507],[-114.72063,36.0559],[-114.72284,36.05578],[-114.72411,36.05784],[-114.72284,36.05961],[-114.71975,36.06031],[-114.71888,36.0609],[-114.71888,36.06201],[-114.71941,36.0618],[-114.72113,36.06238],[-114.72147,36.06452],[-114.7225,36.06424],[-114.72413,36.06506],[-114.72391,36.06589],[-114.72437,36.06728],[-114.72221,36.06811],[-114.72387,36.06887],[-114.72418,36.06978],[-114.72357,36.07061],[-114.72383,36.07144],[-114.72274,36.07227],[-114.72222,36.07505],[-114.72093,36.07505],[-114.72044,36.07659],[-114.71842,36.07727],[-114.71769,36.0783],[-114.71672,36.07866],[-114.7169,36.07949],[-114.71632,36.08063],[-114.71495,36.08007],[-114.71151,36.08119],[-114.71048,36.08244],[-114.70705,36.0838],[-114.70475,36.08421],[-114.70396,36.08559],[-114.70053,36.08537],[-114.70066,36.08615],[-114.70163,36.08698],[-114.70121,36.0876],[-114.69915,36.0878],[-114.69744,36.08677],[-114.69572,36.08718],[-114.69503,36.08696],[-114.69366,36.08775],[-114.69297,36.0874],[-114.69154,36.08809],[-114.6921,36.09003],[-114.69126,36.09059],[-114.68954,36.08997],[-114.68576,36.08752],[-114.68643,36.08975],[-114.68576,36.09179],[-114.6837,36.09159],[-114.68233,36.09269],[-114.6813,36.09226],[-114.68036,36.09419],[-114.6789,36.09532],[-114.67752,36.09496],[-114.67684,36.09363],[-114.67581,36.09382],[-114.67523,36.09586],[-114.67566,36.09697],[-114.67386,36.09835],[-114.67425,36.09946],[-114.67401,36.10057],[-114.67294,36.10141],[-114.67179,36.1039],[-114.67156,36.10584],[-114.67053,36.10668],[-114.66928,36.10983],[-114.6686,36.11032],[-114.66791,36.10999],[-114.66722,36.11023],[-114.66694,36.11139],[-114.665,36.11306],[-114.66482,36.11385],[-114.66311,36.11388],[-114.66255,36.115],[-114.66066,36.11527],[-114.66002,36.11373],[-114.65933,36.11509],[-114.65796,36.11497],[-114.65719,36.11361],[-114.65533,36.11222],[-114.65407,36.10973],[-114.65422,36.10806],[-114.65315,36.10752],[-114.65212,36.10935],[-114.65082,36.10945],[-114.65166,36.11056],[-114.65169,36.1125],[-114.65073,36.11611],[-114.64937,36.11756],[-114.64697,36.1181],[-114.64594,36.11748],[-114.64519,36.11805],[-114.64594,36.11903],[-114.64718,36.11943],[-114.64799,36.12193],[-114.64874,36.12248],[-114.64899,36.12415],[-114.64834,36.1249],[-114.64783,36.12387],[-114.64731,36.1238],[-114.6456,36.1245],[-114.64488,36.12526],[-114.64663,36.12568],[-114.64744,36.12692],[-114.64856,36.12748],[-114.64834,36.12804],[-114.64697,36.1282],[-114.6456,36.12895],[-114.64457,36.12803],[-114.64388,36.13086],[-114.64285,36.13084],[-114.64148,36.12979],[-114.64108,36.12997],[-114.64113,36.13081],[-114.6401,36.13134],[-114.63736,36.13042],[-114.63667,36.12949],[-114.63415,36.12803],[-114.63477,36.13053],[-114.63464,36.1333],[-114.63341,36.13413],[-114.63289,36.13506],[-114.63221,36.13504],[-114.63083,36.13613],[-114.62946,36.13548],[-114.62843,36.13658],[-114.62747,36.13607],[-114.62706,36.13247],[-114.62534,36.13281],[-114.6247,36.13247],[-114.62488,36.12942],[-114.62379,36.12969],[-114.62294,36.13072],[-114.62225,36.13062],[-114.62156,36.1299],[-114.621,36.12831],[-114.62144,36.1272],[-114.62242,36.12554],[-114.62398,36.1247],[-114.62362,36.12431],[-114.62225,36.12441],[-114.62193,36.12359],[-114.62122,36.12364],[-114.62019,36.12276],[-114.61992,36.12443],[-114.61933,36.12498],[-114.61972,36.12664],[-114.61882,36.12827],[-114.61806,36.12831],[-114.61765,36.1272],[-114.6171,36.12695],[-114.61607,36.12731],[-114.61437,36.12886],[-114.61334,36.12886],[-114.61397,36.12581],[-114.61157,36.12359],[-114.61058,36.12348],[-114.61023,36.12359],[-114.61161,36.1261],[-114.61058,36.12691],[-114.6092,36.12616],[-114.60817,36.12649],[-114.60852,36.12823],[-114.6068,36.12762],[-114.60525,36.12914],[-114.60524,36.13025],[-114.60165,36.1308],[-114.60104,36.12886],[-114.60013,36.12831],[-114.5989,36.12801],[-114.59856,36.1292],[-114.59753,36.12854],[-114.59625,36.12637],[-114.5965,36.12431],[-114.59502,36.12664],[-114.59715,36.13025],[-114.5986,36.13053],[-114.59914,36.13136],[-114.59804,36.13191],[-114.59798,36.13275],[-114.59655,36.13496],[-114.59375,36.13508],[-114.59307,36.13477],[-114.59331,36.13635],[-114.59414,36.1369],[-114.59397,36.13801],[-114.59204,36.13961],[-114.59066,36.1387],[-114.58929,36.13889],[-114.58757,36.13799],[-114.58719,36.1394],[-114.58823,36.14106],[-114.5862,36.1437],[-114.58512,36.14356],[-114.58174,36.13862],[-114.57968,36.13874],[-114.58069,36.1394],[-114.57961,36.14051],[-114.5803,36.143],[-114.57862,36.14356],[-114.57796,36.14587],[-114.57659,36.14665],[-114.57544,36.14633],[-114.57453,36.14799],[-114.5735,36.14862],[-114.57188,36.14661],[-114.57178,36.14757],[-114.56972,36.15058],[-114.56835,36.15028],[-114.56418,36.15049],[-114.56217,36.14999],[-114.55873,36.15126],[-114.55781,36.15104],[-114.5575,36.15049],[-114.5577,36.14871],[-114.55511,36.15104],[-114.55462,36.15107],[-114.55393,36.14901],[-114.55324,36.14961],[-114.55256,36.14912],[-114.55153,36.14948],[-114.55015,36.1481],[-114.54912,36.14807],[-114.54844,36.14721],[-114.54695,36.14744],[-114.5445,36.14439],[-114.54367,36.14217],[-114.54226,36.14056],[-114.54054,36.13989],[-114.53779,36.13966],[-114.53711,36.1402],[-114.5347,36.14018],[-114.53367,36.1411],[-114.53299,36.14101],[-114.53163,36.13857],[-114.53288,36.13746],[-114.53375,36.13552],[-114.53363,36.13496],[-114.53201,36.13413],[-114.53121,36.13302],[-114.53216,36.13191],[-114.53196,36.13106],[-114.53024,36.13124],[-114.5299,36.1308],[-114.53079,36.12997],[-114.52955,36.12859],[-114.52935,36.12581],[-114.53,36.12498],[-114.52977,36.12387],[-114.52955,36.12359],[-114.5285,36.12387],[-114.5286,36.1211],[-114.5272,36.12138],[-114.52818,36.12052],[-114.52853,36.11943],[-114.52715,36.11831],[-114.52578,36.11841],[-114.52543,36.11774],[-114.52399,36.11777],[-114.52475,36.11688],[-114.52663,36.11638],[-114.52646,36.1143],[-114.52475,36.11466],[-114.52372,36.11441],[-114.522,36.11527],[-114.5196,36.11486],[-114.51875,36.11527],[-114.51865,36.11444],[-114.51966,36.11306],[-114.52028,36.11287],[-114.52102,36.11361],[-114.52166,36.11366],[-114.52249,36.11278],[-114.51955,36.11195],[-114.52174,36.11111],[-114.52171,36.11],[-114.52056,36.10945],[-114.51863,36.10723],[-114.52031,36.1039],[-114.51994,36.10339],[-114.51891,36.10335],[-114.51582,36.10537],[-114.51522,36.10335],[-114.51441,36.10307],[-114.51413,36.10196],[-114.5112,36.09891],[-114.51263,36.09641],[-114.51502,36.09419],[-114.51478,36.09308],[-114.51376,36.09292],[-114.51204,36.09383],[-114.5093,36.09391],[-114.50792,36.09301],[-114.50552,36.09319],[-114.50503,36.09225],[-114.50415,36.09196],[-114.50312,36.09225],[-114.5014,36.09366],[-114.50003,36.09302],[-114.49934,36.09314],[-114.49865,36.09389],[-114.49762,36.09384],[-114.49526,36.09253],[-114.49536,36.0917],[-114.49458,36.09142],[-114.49453,36.09102],[-114.49282,36.09119],[-114.49261,36.09059],[-114.49367,36.08975],[-114.49084,36.08975],[-114.4904,36.08837],[-114.4892,36.08753],[-114.48976,36.08559],[-114.48938,36.08507],[-114.48183,36.08332],[-114.47674,36.08143],[-114.47271,36.07505],[-114.47187,36.07462],[-114.47001,36.07533],[-114.46878,36.07936],[-114.46672,36.08019],[-114.4649,36.08171],[-114.46466,36.08325],[-114.46432,36.08342],[-114.46329,36.08282],[-114.46375,36.08226],[-114.46244,36.0806],[-114.462,36.07505],[-114.46381,36.07172],[-114.46672,36.0692],[-114.46765,36.06978],[-114.46713,36.07033],[-114.4681,36.0709],[-114.46854,36.07005],[-114.46932,36.06978],[-114.46913,36.0695],[-114.46981,36.06941],[-114.47135,36.07005],[-114.47256,36.07201],[-114.47325,36.07219],[-114.47394,36.07172],[-114.4739,36.06672],[-114.47282,36.06617],[-114.47084,36.06765],[-114.46981,36.06783],[-114.46814,36.06894],[-114.46787,36.06756],[-114.46908,36.06728],[-114.46798,36.06645],[-114.46815,36.06561],[-114.46715,36.06478],[-114.46703,36.06395],[-114.46775,36.06344],[-114.47325,36.06331],[-114.47496,36.06201],[-114.47367,36.06145],[-114.47365,36.06034],[-114.47218,36.05951],[-114.4743,36.05729],[-114.47305,36.05701],[-114.4732,36.05645],[-114.47236,36.05618],[-114.47351,36.05507],[-114.47173,36.05285],[-114.47365,36.05174],[-114.47388,36.05007],[-114.47472,36.05007],[-114.47428,36.0496],[-114.47325,36.0495],[-114.47222,36.05022],[-114.47027,36.05035],[-114.47053,36.04979],[-114.47209,36.04896],[-114.47225,36.04841],[-114.46981,36.04839],[-114.46944,36.04674],[-114.46982,36.04563],[-114.46892,36.04507],[-114.46895,36.04396],[-114.4682,36.04341],[-114.46703,36.04035],[-114.46432,36.03757],[-114.46157,36.0363],[-114.4602,36.0371],[-114.45966,36.03813],[-114.45972,36.04091],[-114.46043,36.04202],[-114.46012,36.04258],[-114.46072,36.04507],[-114.45958,36.04702],[-114.45677,36.0454],[-114.45642,36.04424],[-114.45577,36.04535],[-114.45623,36.04674],[-114.45587,36.04702],[-114.45695,36.04729],[-114.45667,36.04813],[-114.45764,36.04868],[-114.45739,36.04896],[-114.45794,36.04952],[-114.45698,36.05007],[-114.45883,36.05008],[-114.45875,36.0509],[-114.45972,36.05146],[-114.45951,36.05186],[-114.45848,36.05167],[-114.45792,36.05201],[-114.45819,36.0534],[-114.45726,36.05368],[-114.45689,36.05534],[-114.45642,36.05588],[-114.45505,36.05532],[-114.45368,36.05603],[-114.4529,36.05562],[-114.45254,36.05729],[-114.45311,36.05812],[-114.45162,36.05926],[-114.45024,36.05694],[-114.44979,36.05867],[-114.44887,36.0594],[-114.44818,36.05845],[-114.44714,36.05812],[-114.44647,36.05672],[-114.44544,36.05715],[-114.44529,36.05673],[-114.44626,36.05562],[-114.44578,36.05528],[-114.4451,36.05563],[-114.44475,36.05489],[-114.44456,36.05645],[-114.44359,36.05729],[-114.44492,36.0584],[-114.44506,36.05923],[-114.44434,36.05979],[-114.44407,36.06077],[-114.44277,36.0609],[-114.44333,36.06145],[-114.44304,36.06256],[-114.44404,36.06395],[-114.4429,36.06506],[-114.44228,36.06728],[-114.43995,36.06812],[-114.43839,36.06589],[-114.43702,36.06534],[-114.43698,36.0645],[-114.43617,36.0645],[-114.43499,36.06756],[-114.43405,36.06756],[-114.43436,36.06894],[-114.43514,36.06919],[-114.43572,36.07005],[-114.43512,36.07144],[-114.43533,36.07283],[-114.43445,36.07297],[-114.43308,36.07218],[-114.43251,36.07255],[-114.43241,36.0756],[-114.43161,36.07755],[-114.43068,36.07836],[-114.4293,36.07859],[-114.42724,36.07795],[-114.42484,36.07965],[-114.42244,36.07991],[-114.42244,36.08089],[-114.42447,36.08226],[-114.42442,36.08337],[-114.42285,36.08476],[-114.419,36.08525],[-114.4166,36.08341],[-114.41557,36.08393],[-114.41552,36.08559],[-114.41488,36.08583],[-114.41513,36.08504],[-114.41408,36.08448],[-114.41403,36.0831],[-114.41152,36.08143],[-114.41162,36.08032],[-114.41108,36.08004],[-114.41097,36.07921],[-114.41127,36.07866],[-114.40974,36.07782],[-114.41008,36.07613],[-114.40939,36.07603],[-114.40836,36.07682],[-114.40767,36.07685],[-114.40632,36.07616],[-114.40527,36.07498],[-114.4063,36.07688],[-114.40847,36.07838],[-114.40922,36.08004],[-114.40836,36.08098],[-114.40733,36.08109],[-114.40716,36.08143],[-114.40718,36.08199],[-114.4083,36.0831],[-114.40823,36.08421],[-114.40699,36.08573],[-114.40596,36.08532],[-114.40424,36.08329],[-114.40253,36.08448],[-114.40404,36.08587],[-114.40365,36.08726],[-114.40118,36.08726],[-114.40216,36.08837],[-114.40205,36.08892],[-114.40115,36.08939],[-114.40145,36.09003],[-114.39737,36.09056],[-114.39682,36.09253],[-114.39703,36.09284],[-114.39978,36.09166],[-114.40046,36.09242],[-114.40115,36.09222],[-114.40184,36.09277],[-114.40355,36.09284],[-114.40433,36.09336],[-114.4047,36.09447],[-114.40424,36.09484],[-114.40287,36.09354],[-114.40191,36.09392],[-114.40251,36.09447],[-114.40235,36.09586],[-114.40149,36.09669],[-114.40136,36.09752],[-114.39917,36.09808],[-114.39943,36.09934],[-114.40218,36.09978],[-114.40264,36.10057],[-114.40145,36.10141],[-114.40169,36.10224],[-114.40115,36.10243],[-114.40012,36.10172],[-114.39905,36.10196],[-114.39775,36.10085],[-114.39772,36.09985],[-114.39531,36.09946],[-114.39405,36.09974],[-114.39497,36.10046],[-114.39634,36.10063],[-114.3966,36.10085],[-114.39615,36.10113],[-114.39677,36.10168],[-114.39634,36.10236],[-114.39772,36.10269],[-114.39796,36.10335],[-114.39663,36.10418],[-114.39727,36.10529],[-114.39677,36.10612],[-114.39772,36.10619],[-114.39759,36.10695],[-114.39856,36.10723],[-114.39772,36.10737],[-114.39634,36.10687],[-114.39532,36.10751],[-114.39546,36.10834],[-114.39634,36.10843],[-114.39781,36.10973],[-114.39687,36.11028],[-114.39758,36.11139],[-114.39669,36.11195],[-114.39679,36.1125],[-114.39875,36.11302],[-114.39896,36.11389],[-114.39806,36.11469],[-114.39669,36.11442],[-114.39686,36.11666],[-114.3954,36.11722],[-114.39703,36.11782],[-114.3984,36.11689],[-114.39905,36.11722],[-114.39634,36.11906],[-114.39463,36.11935],[-114.39345,36.12082],[-114.39119,36.12088],[-114.38948,36.12027],[-114.38925,36.1211],[-114.3881,36.12191],[-114.38673,36.1209],[-114.38501,36.12212],[-114.3833,36.12074],[-114.38295,36.11997],[-114.38206,36.11999],[-114.38089,36.119],[-114.38034,36.11805],[-114.37984,36.11888],[-114.38033,36.11916],[-114.38,36.12027],[-114.38097,36.12138],[-114.38055,36.12173],[-114.37986,36.12137],[-114.37915,36.12193],[-114.38021,36.12268],[-114.3812,36.12276],[-114.37957,36.12387],[-114.37965,36.12526],[-114.38056,36.12609],[-114.37952,36.12635],[-114.37921,36.12692],[-114.37985,36.12886],[-114.3818,36.12942],[-114.38234,36.1308],[-114.38192,36.13133],[-114.38089,36.13095],[-114.37986,36.13132],[-114.37725,36.12969],[-114.37609,36.12809],[-114.3754,36.128],[-114.37471,36.1285],[-114.37397,36.12831],[-114.37405,36.12748],[-114.37611,36.12609],[-114.37506,36.126],[-114.37471,36.12537],[-114.37368,36.126],[-114.37334,36.12551],[-114.37231,36.12544],[-114.37178,36.12498],[-114.37239,36.12415],[-114.37178,36.12387],[-114.37172,36.12304],[-114.37265,36.12137],[-114.37094,36.1206],[-114.37191,36.12138],[-114.37186,36.12193],[-114.37059,36.12302],[-114.36922,36.12343],[-114.36871,36.12248],[-114.36922,36.12138],[-114.36822,36.12054],[-114.3689,36.11888],[-114.36819,36.11828],[-114.36682,36.11916],[-114.36682,36.12013],[-114.36591,36.11943],[-114.36563,36.11722],[-114.3663,36.11666],[-114.36653,36.115],[-114.36544,36.11542],[-114.3651,36.11631],[-114.36342,36.11638],[-114.36398,36.11555],[-114.36314,36.11472],[-114.36351,36.11306],[-114.36446,36.11139],[-114.36582,36.11111],[-114.36611,36.10889],[-114.36731,36.10834],[-114.36759,36.10779],[-114.36608,36.10584],[-114.36678,36.10335],[-114.36544,36.10242],[-114.36398,36.10446],[-114.36415,36.10584],[-114.36304,36.10742],[-114.36201,36.1077],[-114.36132,36.10746],[-114.36098,36.10653],[-114.36029,36.10652],[-114.35961,36.1058],[-114.35807,36.10584],[-114.35908,36.10751],[-114.35854,36.10862],[-114.3593,36.10945],[-114.35854,36.11111],[-114.35893,36.1125],[-114.35858,36.11305],[-114.35789,36.11298],[-114.3562,36.11111],[-114.35654,36.11],[-114.35583,36.10946],[-114.35514,36.11052],[-114.35293,36.11084],[-114.35262,36.11389],[-114.35034,36.11421],[-114.34999,36.11341],[-114.34891,36.11278],[-114.34945,36.11222],[-114.34828,36.11111],[-114.34828,36.10993],[-114.34709,36.10973],[-114.34622,36.10785],[-114.34576,36.10917],[-114.34644,36.11056],[-114.34539,36.11111],[-114.34484,36.11218],[-114.34185,36.10917],[-114.3425,36.10862],[-114.34245,36.10806],[-114.34142,36.10751],[-114.34233,36.1064],[-114.34175,36.10584],[-114.34213,36.10501],[-114.34072,36.10435],[-114.34004,36.10492],[-114.33969,36.10471],[-114.33919,36.10252],[-114.33784,36.10224],[-114.33871,36.10085],[-114.33695,36.10022],[-114.33604,36.09919],[-114.3374,36.09919],[-114.33867,36.09807],[-114.34004,36.09811],[-114.34107,36.09864],[-114.3421,36.09766],[-114.34341,36.0978],[-114.34381,36.0972],[-114.34725,36.09819],[-114.34799,36.09808],[-114.34827,36.09669],[-114.34999,36.09643],[-114.35008,36.09586],[-114.34906,36.09558],[-114.34862,36.09497],[-114.34484,36.09503],[-114.34452,36.09475],[-114.34528,36.09336],[-114.3445,36.09273],[-114.34347,36.09303],[-114.34244,36.09404],[-114.34188,36.09364],[-114.34232,36.09225],[-114.34313,36.09182],[-114.34416,36.09224],[-114.34553,36.0913],[-114.34662,36.09142],[-114.34793,36.09024],[-114.34931,36.0906],[-114.34924,36.08948],[-114.35025,36.08892],[-114.35069,36.08781],[-114.34931,36.08724],[-114.34896,36.08795],[-114.34656,36.08838],[-114.34484,36.08965],[-114.34435,36.08948],[-114.34381,36.08803],[-114.34335,36.08809],[-114.34313,36.08876],[-114.34216,36.08864],[-114.34197,36.08809],[-114.34274,36.08753],[-114.34244,36.08684],[-114.34072,36.0886],[-114.33901,36.08663],[-114.33828,36.08781],[-114.33874,36.08975],[-114.33764,36.09029],[-114.33608,36.08948],[-114.337,36.08781],[-114.33625,36.08642],[-114.33231,36.08698],[-114.33203,36.08642],[-114.3331,36.08504],[-114.3325,36.08421],[-114.33146,36.08426],[-114.33077,36.08348],[-114.3294,36.08393],[-114.32786,36.08337],[-114.32859,36.08199],[-114.3294,36.08178],[-114.32992,36.08088],[-114.32871,36.08068],[-114.32835,36.08004],[-114.33041,36.07949],[-114.32942,36.07893],[-114.32941,36.0781],[-114.32817,36.07782],[-114.32897,36.07727],[-114.32896,36.07644],[-114.3322,36.07893],[-114.33277,36.07977],[-114.3326,36.0806],[-114.33455,36.08181],[-114.33462,36.08004],[-114.33523,36.07941],[-114.33634,36.07949],[-114.33592,36.0789],[-114.33478,36.07866],[-114.33456,36.07671],[-114.33523,36.07657],[-114.33695,36.078],[-114.33768,36.0781],[-114.33856,36.07671],[-114.33832,36.07576],[-114.34019,36.07782],[-114.34107,36.08052],[-114.34278,36.08136],[-114.34327,36.07949],[-114.34402,36.07866],[-114.34299,36.07727],[-114.34326,36.07616],[-114.34215,36.07533],[-114.34225,36.07449],[-114.34553,36.07412],[-114.34725,36.07472],[-114.3466,36.07366],[-114.34667,36.07283],[-114.34828,36.07228],[-114.35137,36.07207],[-114.35205,36.07103],[-114.35325,36.07116],[-114.35265,36.07061],[-114.35274,36.07002],[-114.35034,36.07168],[-114.34725,36.07081],[-114.34553,36.07154],[-114.34416,36.07292],[-114.34278,36.07306],[-114.3415,36.07255],[-114.3424,36.07089],[-114.34144,36.07061],[-114.34116,36.06894],[-114.34019,36.06839],[-114.34039,36.06672],[-114.33992,36.06645],[-114.34023,36.06534],[-114.33974,36.06339],[-114.33856,36.06228],[-114.33771,36.06006],[-114.33758,36.05784],[-114.33799,36.05701],[-114.33623,36.05451],[-114.33636,36.05396],[-114.33744,36.0534],[-114.33627,36.05285],[-114.33661,36.05255],[-114.3357,36.05229],[-114.33573,36.04979],[-114.33626,36.04954],[-114.33901,36.05026],[-114.34038,36.05018],[-114.34278,36.05113],[-114.34313,36.0508],[-114.34266,36.04924],[-114.34313,36.04897],[-114.34467,36.04924],[-114.34495,36.04813],[-114.34449,36.04757],[-114.34601,36.04507],[-114.34735,36.04452],[-114.34656,36.0434],[-114.34773,36.04258],[-114.34786,36.04174],[-114.34872,36.04147],[-114.34912,36.03897],[-114.34862,36.03894],[-114.34725,36.04062],[-114.34553,36.04176],[-114.3449,36.04341],[-114.34347,36.04418],[-114.34299,36.04424],[-114.34275,36.04341],[-114.34299,36.04202],[-114.34244,36.04216],[-114.34158,36.04313],[-114.34116,36.04507],[-114.34038,36.04548],[-114.3408,36.04313],[-114.33618,36.04258],[-114.33689,36.04063],[-114.33641,36.04008],[-114.33648,36.03813],[-114.33592,36.03741],[-114.33317,36.03841],[-114.33212,36.03841],[-114.33008,36.04021],[-114.32914,36.0398],[-114.32871,36.03855],[-114.32492,36.04008],[-114.32489,36.04063],[-114.32578,36.04091],[-114.32562,36.04132],[-114.32219,36.04125],[-114.32236,36.04008],[-114.3252,36.03869],[-114.32322,36.03794],[-114.32397,36.03702],[-114.32352,36.03619],[-114.32061,36.03536],[-114.32018,36.0348],[-114.32029,36.03341],[-114.31772,36.03164],[-114.31689,36.03203],[-114.31663,36.03369],[-114.31609,36.03397],[-114.31532,36.0358],[-114.31478,36.03564],[-114.31556,36.03452],[-114.31532,36.03337],[-114.31189,36.03413],[-114.31234,36.03119],[-114.31339,36.03036],[-114.31326,36.02995],[-114.31256,36.0298],[-114.3134,36.02842],[-114.31363,36.02536],[-114.31292,36.02493],[-114.31237,36.02675],[-114.31017,36.02867],[-114.30948,36.02536],[-114.3088,36.02493],[-114.30864,36.02703],[-114.30767,36.02869],[-114.30821,36.02925],[-114.30824,36.03008],[-114.30761,36.03092],[-114.308,36.03175],[-114.30674,36.0326],[-114.30605,36.03239],[-114.30428,36.03314],[-114.30374,36.03369],[-114.30417,36.03452],[-114.30274,36.03508],[-114.3025,36.03591],[-114.30124,36.03652],[-114.301,36.03564],[-114.29953,36.03467],[-114.299,36.03508],[-114.2992,36.03619],[-114.29815,36.03591],[-114.29747,36.03643],[-114.29781,36.03732],[-114.29644,36.03695],[-114.29506,36.03936],[-114.29471,36.03924],[-114.29477,36.03786],[-114.29403,36.03701],[-114.293,36.03829],[-114.29197,36.03779],[-114.29083,36.03813],[-114.28991,36.03937],[-114.28923,36.03925],[-114.28958,36.03813],[-114.28846,36.03758],[-114.28817,36.03619],[-114.28648,36.03609],[-114.28627,36.03564],[-114.28751,36.03413],[-114.28888,36.0351],[-114.28991,36.03472],[-114.29231,36.0348],[-114.29218,36.03425],[-114.29313,36.03258],[-114.29266,36.03151],[-114.29252,36.03258],[-114.29129,36.03399],[-114.28957,36.0336],[-114.28904,36.03314],[-114.28923,36.03253],[-114.28712,36.0323],[-114.28599,36.0298],[-114.28625,36.02925],[-114.28753,36.02869],[-114.28768,36.02814],[-114.28387,36.02786],[-114.28305,36.02675],[-114.28408,36.02509],[-114.28476,36.02481],[-114.28339,36.02355],[-114.28303,36.0237],[-114.28308,36.02508],[-114.2803,36.02614],[-114.27961,36.02777],[-114.27885,36.02758],[-114.27884,36.02647],[-114.27802,36.02592],[-114.27961,36.02001],[-114.2803,36.01895],[-114.28135,36.0187],[-114.28162,36.01731],[-114.28273,36.01648],[-114.283,36.01509],[-114.28242,36.01231],[-114.27996,36.01222],[-114.27996,36.01147],[-114.27893,36.0122],[-114.27893,36.01261],[-114.27996,36.01265],[-114.2806,36.01398],[-114.27927,36.01464],[-114.27824,36.01693],[-114.27687,36.01802],[-114.27515,36.01789],[-114.27454,36.01731],[-114.27489,36.01564],[-114.27412,36.0135],[-114.27363,36.01564],[-114.2718,36.01675],[-114.27274,36.01759],[-114.27206,36.01953],[-114.27271,36.02009],[-114.27069,36.02147],[-114.26966,36.02314],[-114.26863,36.02327],[-114.26519,36.02099],[-114.26451,36.01895],[-114.26279,36.01782],[-114.2621,36.01782],[-114.26142,36.01862],[-114.26039,36.01895],[-114.25941,36.01592],[-114.25746,36.01537],[-114.25674,36.01453],[-114.25676,36.01342],[-114.25804,36.01203],[-114.25778,36.01064],[-114.25592,36.01151],[-114.25489,36.01146],[-114.25504,36.01064],[-114.2539,36.00926],[-114.25478,36.0087],[-114.25407,36.00815],[-114.25318,36.00811],[-114.25287,36.00703],[-114.25319,36.00592],[-114.2552,36.00398],[-114.25318,36.00425],[-114.2513,36.00565],[-114.25005,36.0087],[-114.25036,36.00981],[-114.24858,36.01064],[-114.24769,36.0087],[-114.24665,36.00815],[-114.24796,36.00676],[-114.24759,36.00592],[-114.24816,36.0037],[-114.24734,36.00332],[-114.24733,36.00287],[-114.24888,36.00148],[-114.24902,36.00065],[-114.24793,36.00009],[-114.24871,35.99899],[-114.24528,35.99648]]}},{"type":"Feature","properties":{"elevation":1229,"label":"1,229 ft \u00b7 Full pool"},"geometry":{"type":"LineString","coordinates":[[-114.32768,36.49138],[-114.32921,36.49266],[-114.32905,36.49374],[-114.32711,36.49239],[-114.32768,36.49138]]}},{"type":"Feature","properties":{"elevation":1229,"label":"1,229 ft \u00b7 Full pool"},"geometry":{"type":"LineString","coordinates":[[-114.38501,36.46277],[-114.38501,36.4637],[-114.38285,36.46423],[-114.38314,36.46312],[-114.38501,36.46277]]}},{"type":"Feature","properties":{"elevation":1229,"label":"1,229 ft \u00b7 Full pool"},"geometry":{"type":"LineString","coordinates":[[-114.37403,36.40679],[-114.37515,36.40816],[-114.3754,36.41013],[-114.37437,36.40937],[-114.37368,36.40806],[-114.37403,36.40679]]}},{"type":"Feature","properties":{"elevation":1229,"label":"1,229 ft \u00b7 Full pool"},"geometry":{"type":"LineString","coordinates":[[-114.38295,36.38577],[-114.38377,36.38716],[-114.38467,36.38828],[-114.3833,36.38745],[-114.38276,36.3866],[-114.38295,36.38577]]}},{"type":"Feature","properties":{"elevation":1229,"label":"1,229 ft \u00b7 Full pool"},"geometry":{"type":"LineString","coordinates":[[-114.42862,36.33352],[-114.42942,36.3338],[-114.42909,36.33546],[-114.42827,36.3364],[-114.42724,36.33655],[-114.42604,36.33739],[-114.42244,36.33722],[-114.41921,36.33629],[-114.41909,36.33601],[-114.42038,36.3355],[-114.42141,36.33584],[-114.42374,36.33546],[-114.42587,36.33422],[-114.42862,36.33352]]}},{"type":"Feature","properties":{"elevation":1229,"label":"1,229 ft \u00b7 Full pool"},"geometry":{"type":"LineString","coordinates":[[-114.41729,36.32016],[-114.41935,36.32056],[-114.42136,36.32163],[-114.42003,36.32261],[-114.419,36.3221],[-114.41797,36.32282],[-114.41626,36.32323],[-114.41495,36.32301],[-114.4142,36.32231],[-114.4123,36.32246],[-114.41248,36.32185],[-114.4142,36.3218],[-114.41729,36.32016]]}},{"type":"Feature","properties":{"elevation":1229,"label":"1,229 ft \u00b7 Full pool"},"geometry":{"type":"LineString","coordinates":[[-114.42484,36.31599],[-114.42684,36.31637],[-114.4269,36.31719],[-114.4245,36.31784],[-114.42347,36.31758],[-114.42366,36.31665],[-114.42484,36.31599]]}},{"type":"Feature","properties":{"elevation":1229,"label":"1,229 ft \u00b7 Full pool"},"geometry":{"type":"LineString","coordinates":[[-114.41454,36.31347],[-114.41682,36.31388],[-114.41738,36.31526],[-114.41591,36.31582],[-114.41454,36.31574],[-114.41365,36.31471],[-114.41381,36.31388],[-114.41454,36.31347]]}},{"type":"Feature","properties":{"elevation":1229,"label":"1,229 ft \u00b7 Full pool"},"geometry":{"type":"LineString","coordinates":[[-114.40493,36.28367],[-114.40531,36.28372],[-114.40526,36.28455],[-114.40165,36.28593],[-114.40267,36.28621],[-114.40278,36.28704],[-114.40424,36.28712],[-114.40424,36.28815],[-114.40046,36.28924],[-114.39972,36.29009],[-114.40012,36.2903],[-114.40218,36.28967],[-114.40321,36.28992],[-114.40401,36.29064],[-114.40321,36.29157],[-114.40012,36.29299],[-114.39772,36.29192],[-114.39634,36.29233],[-114.396,36.29211],[-114.39572,36.29064],[-114.39475,36.29036],[-114.39497,36.2882],[-114.39744,36.28787],[-114.3969,36.28676],[-114.39814,36.28621],[-114.39909,36.28472],[-114.39978,36.28522],[-114.40287,36.28504],[-114.40424,36.28452],[-114.40493,36.28367]]}},{"type":"Feature","properties":{"elevation":1229,"label":"1,229 ft \u00b7 Full pool"},"geometry":{"type":"LineString","coordinates":[[-114.37883,36.27315],[-114.37908,36.27459],[-114.38057,36.2768],[-114.38089,36.27827],[-114.38227,36.27863],[-114.38398,36.27778],[-114.38295,36.28006],[-114.38037,36.28012],[-114.38019,36.27929],[-114.37769,36.27735],[-114.37714,36.27569],[-114.37729,36.27459],[-114.3778,36.27351],[-114.37883,36.27315]]}},{"type":"Feature","properties":{"elevation":1229,"label":"1,229 ft \u00b7 Full pool"},"geometry":{"type":"LineString","coordinates":[[-114.38364,36.26567],[-114.38433,36.26552],[-114.38424,36.26684],[-114.3822,36.26933],[-114.38289,36.26988],[-114.38279,36.27044],[-114.38433,36.27116],[-114.3856,36.27293],[-114.38446,36.27514],[-114.38364,36.27581],[-114.38123,36.2732],[-114.38219,36.27265],[-114.38261,36.27182],[-114.38124,36.2717],[-114.38024,36.27044],[-114.38169,36.26684],[-114.38364,36.26567]]}},{"type":"Feature","properties":{"elevation":1229,"label":"1,229 ft \u00b7 Full pool"},"geometry":{"type":"LineString","coordinates":[[-114.39222,36.26344],[-114.39257,36.26334],[-114.3936,36.26443],[-114.39428,36.26441],[-114.39473,36.26628],[-114.39337,36.26684],[-114.39222,36.27073],[-114.39178,36.2696],[-114.39061,36.26877],[-114.39085,36.26782],[-114.38911,36.26711],[-114.38982,36.2668],[-114.38995,36.26573],[-114.39119,36.26495],[-114.39139,36.26379],[-114.39222,36.26344]]}},{"type":"Feature","properties":{"elevation":1229,"label":"1,229 ft \u00b7 Full pool"},"geometry":{"type":"LineString","coordinates":[[-114.40252,36.26373],[-114.40321,36.26369],[-114.40379,36.26462],[-114.40355,36.26535],[-114.40252,36.26583],[-114.40252,36.26373]]}},{"type":"Feature","properties":{"elevation":1229,"label":"1,229 ft \u00b7 Full pool"},"geometry":{"type":"LineString","coordinates":[[-114.38261,36.18038],[-114.38305,36.18042],[-114.38306,36.18126],[-114.38209,36.18209],[-114.3833,36.18222],[-114.38359,36.18264],[-114.38089,36.18403],[-114.37952,36.18392],[-114.37942,36.18347],[-114.38056,36.18264],[-114.3808,36.18153],[-114.38261,36.18038]]}},{"type":"Feature","properties":{"elevation":1229,"label":"1,229 ft \u00b7 Full pool"},"geometry":{"type":"LineString","coordinates":[[-114.45917,36.15287],[-114.45992,36.15326],[-114.45971,36.15576],[-114.45883,36.1562],[-114.45816,36.15437],[-114.45917,36.15287]]}},{"type":"Feature","properties":{"elevation":1229,"label":"1,229 ft \u00b7 Full pool"},"geometry":{"type":"LineString","coordinates":[[-114.45299,36.14988],[-114.45436,36.15213],[-114.45574,36.1518],[-114.45574,36.15275],[-114.45751,36.15215],[-114.45774,36.15437],[-114.45642,36.1556],[-114.45539,36.15566],[-114.45461,36.15437],[-114.45162,36.15339],[-114.45024,36.15211],[-114.44859,36.15132],[-114.44868,36.15077],[-114.44956,36.15035],[-114.45078,36.15049],[-114.45299,36.14988]]}},{"type":"Feature","properties":{"elevation":1229,"label":"1,229 ft \u00b7 Full pool"},"geometry":{"type":"LineString","coordinates":[[-114.65246,36.13407],[-114.65308,36.13441],[-114.65106,36.13663],[-114.65071,36.13885],[-114.64958,36.13968],[-114.64972,36.14091],[-114.64834,36.13997],[-114.64805,36.13857],[-114.64901,36.13774],[-114.65041,36.13469],[-114.65246,36.13407]]}},{"type":"Feature","properties":{"elevation":1229,"label":"1,229 ft \u00b7 Full pool"},"geometry":{"type":"LineString","coordinates":[[-114.76782,36.11356],[-114.76816,36.11401],[-114.76679,36.11493],[-114.76575,36.115],[-114.76645,36.11417],[-114.76782,36.11356]]}},{"type":"Feature","properties":{"elevation":1229,"label":"1,229 ft \u00b7 Full pool"},"geometry":{"type":"LineString","coordinates":[[-114.41145,36.10443],[-114.41282,36.10428],[-114.41351,36.10496],[-114.41479,36.10501],[-114.41454,36.10557],[-114.41306,36.10584],[-114.41482,36.10751],[-114.41356,36.10834],[-114.41454,36.10876],[-114.41626,36.10816],[-114.41675,36.10834],[-114.41652,36.10945],[-114.41488,36.10965],[-114.41488,36.11007],[-114.41591,36.1102],[-114.4166,36.11097],[-114.41838,36.11028],[-114.41732,36.11167],[-114.41767,36.11222],[-114.41729,36.11373],[-114.41626,36.11308],[-114.41521,36.11306],[-114.41463,36.11139],[-114.41317,36.1102],[-114.41179,36.11039],[-114.40976,36.10917],[-114.41071,36.10806],[-114.41026,36.1064],[-114.41145,36.10443]]}},{"type":"Feature","properties":{"elevation":1229,"label":"1,229 ft \u00b7 Full pool"},"geometry":{"type":"LineString","coordinates":[[-114.77674,36.10277],[-114.77777,36.10282],[-114.77846,36.10422],[-114.78022,36.10529],[-114.77983,36.10559],[-114.77876,36.10529],[-114.77743,36.10664],[-114.77586,36.1064],[-114.77567,36.10557],[-114.77687,36.10473],[-114.77609,36.10362],[-114.77674,36.10277]]}},{"type":"Feature","properties":{"elevation":1229,"label":"1,229 ft \u00b7 Full pool"},"geometry":{"type":"LineString","coordinates":[[-114.40664,36.10441],[-114.40836,36.10465],[-114.40859,36.10612],[-114.40646,36.10584],[-114.40664,36.10441]]}},{"type":"Feature","properties":{"elevation":1229,"label":"1,229 ft \u00b7 Full pool"},"geometry":{"type":"LineString","coordinates":[[-114.42656,36.10159],[-114.42759,36.10182],[-114.4278,36.10252],[-114.4293,36.10362],[-114.42793,36.10348],[-114.42759,36.10457],[-114.42621,36.10422],[-114.42592,36.10362],[-114.42656,36.10159]]}},{"type":"Feature","properties":{"elevation":1229,"label":"1,229 ft \u00b7 Full pool"},"geometry":{"type":"LineString","coordinates":[[-114.42244,36.08992],[-114.42587,36.09024],[-114.42887,36.09142],[-114.42878,36.09225],[-114.42967,36.09336],[-114.42937,36.09392],[-114.42862,36.0932],[-114.4269,36.0933],[-114.42713,36.09419],[-114.42518,36.09404],[-114.42531,36.09558],[-114.42553,36.09594],[-114.42707,36.09613],[-114.42688,36.09697],[-114.42724,36.09711],[-114.42896,36.09641],[-114.4305,36.09697],[-114.4293,36.09933],[-114.42862,36.09961],[-114.4269,36.09917],[-114.42644,36.1003],[-114.42553,36.10026],[-114.42278,36.10127],[-114.42255,36.10168],[-114.42328,36.10279],[-114.42278,36.10318],[-114.42112,36.10252],[-114.42139,36.10168],[-114.42066,36.10113],[-114.42227,36.10002],[-114.42007,36.09974],[-114.42049,36.09891],[-114.42157,36.09863],[-114.42128,36.0978],[-114.42258,36.09669],[-114.42141,36.09673],[-114.42003,36.09769],[-114.41663,36.09724],[-114.41694,36.09668],[-114.41832,36.09636],[-114.41935,36.09656],[-114.42011,36.09613],[-114.41951,36.09503],[-114.42062,36.09419],[-114.42038,36.09394],[-114.41922,36.09419],[-114.41839,36.09281],[-114.41935,36.09177],[-114.42244,36.08992]]}},{"type":"Feature","properties":{"elevation":1229,"label":"1,229 ft \u00b7 Full pool"},"geometry":{"type":"LineString","coordinates":[[-114.5117,36.10085],[-114.51232,36.10113],[-114.51067,36.10274],[-114.51067,36.10199],[-114.5117,36.10085]]}},{"type":"Feature","properties":{"elevation":1229,"label":"1,229 ft \u00b7 Full pool"},"geometry":{"type":"LineString","coordinates":[[-114.80146,36.05629],[-114.8026,36.05701],[-114.80249,36.05784],[-114.80328,36.05812],[-114.80455,36.06046],[-114.80383,36.06145],[-114.80444,36.06284],[-114.80391,36.06811],[-114.80434,36.06894],[-114.80352,36.06949],[-114.80255,36.07144],[-114.80252,36.07533],[-114.80146,36.07582],[-114.80162,36.07671],[-114.80012,36.07782],[-114.79952,36.07977],[-114.79769,36.08061],[-114.79613,36.08004],[-114.79764,36.07921],[-114.79796,36.0781],[-114.79597,36.07714],[-114.79534,36.07616],[-114.79597,36.07553],[-114.79695,36.07533],[-114.79647,36.07422],[-114.79749,36.07311],[-114.79736,36.06894],[-114.79924,36.06284],[-114.79976,36.05923],[-114.80044,36.0584],[-114.8004,36.05729],[-114.80146,36.05629]]}},{"type":"Feature","properties":{"elevation":1229,"label":"1,229 ft \u00b7 Full pool"},"geometry":{"type":"LineString","coordinates":[[-114.44441,36.0664],[-114.4451,36.06628],[-114.44564,36.06672],[-114.44469,36.07033],[-114.44407,36.07074],[-114.44304,36.06993],[-114.44209,36.07005],[-114.44281,36.06922],[-114.44273,36.06756],[-114.44441,36.0664]]}},{"type":"Feature","properties":{"elevation":1229,"label":"1,229 ft \u00b7 Full pool"},"geometry":{"type":"LineString","coordinates":[[-114.4451,36.06087],[-114.44578,36.06077],[-114.44663,36.06145],[-114.44618,36.06284],[-114.44517,36.06201],[-114.4451,36.06087]]}},{"type":"Feature","properties":{"elevation":1229,"label":"1,229 ft \u00b7 Full pool"},"geometry":{"type":"LineString","coordinates":[[-114.74447,36.05586],[-114.74585,36.0559],[-114.74672,36.05701],[-114.74654,36.0584],[-114.7455,36.05899],[-114.74475,36.05867],[-114.74416,36.05645],[-114.74447,36.05586]]}},{"type":"Feature","properties":{"elevation":1229,"label":"1,229 ft \u00b7 Full pool"},"geometry":{"type":"LineString","coordinates":[[-114.45677,36.05585],[-114.45728,36.0559],[-114.45734,36.05673],[-114.45608,36.0579],[-114.45601,36.05701],[-114.45677,36.05585]]}},{"type":"Feature","properties":{"elevation":1229,"label":"1,229 ft \u00b7 Full pool"},"geometry":{"type":"LineString","coordinates":[[-114.25833,36.05331],[-114.25886,36.05368],[-114.25839,36.05396],[-114.25661,36.05469],[-114.25593,36.05451],[-114.25833,36.05331]]}},{"type":"Feature","properties":{"elevation":1229,"label":"1,229 ft \u00b7 Full pool"},"geometry":{"type":"LineString","coordinates":[[-114.31498,36.04492],[-114.31655,36.04507],[-114.31475,36.04674],[-114.31257,36.04772],[-114.3127,36.04702],[-114.31498,36.04492]]}},{"type":"Feature","properties":{"elevation":1229,"label":"1,229 ft \u00b7 Full pool"},"geometry":{"type":"LineString","coordinates":[[-114.32184,36.04183],[-114.32219,36.04344],[-114.31944,36.04352],[-114.31771,36.04424],[-114.31789,36.04369],[-114.32184,36.04183]]}},{"type":"Feature","properties":{"elevation":1229,"label":"1,229 ft \u00b7 Full pool"},"geometry":{"type":"LineString","coordinates":[[-114.14778,36.02105],[-114.1484,36.0212],[-114.14901,36.02231],[-114.14881,36.02366],[-114.14815,36.02342],[-114.14778,36.02105]]}},{"type":"Feature","properties":{"elevation":1075,"label":"1,075 ft \u00b7 Tier 1"},"geometry":{"type":"LineString","coordinates":[[-114.2451,36.00259],[-114.24374,36.00565],[-114.24318,36.00592],[-114.24332,36.00648],[-114.24101,36.00815],[-114.24013,36.01091],[-114.23944,36.01046],[-114.23876,36.01109],[-114.23807,36.01066],[-114.2367,36.01126],[-114.23635,36.01054],[-114.23545,36.01009],[-114.23581,36.00926],[-114.23361,36.00603],[-114.23306,36.00676],[-114.23352,36.00842],[-114.23326,36.00877],[-114.23189,36.00862],[-114.23234,36.00981],[-114.23217,36.01092],[-114.23155,36.01131],[-114.22846,36.0116],[-114.22812,36.01017],[-114.22743,36.01094],[-114.22671,36.01092],[-114.22537,36.0127],[-114.22468,36.01198],[-114.22333,36.0137],[-114.22228,36.01406],[-114.21782,36.0137],[-114.21747,36.01303],[-114.21644,36.01308],[-114.21429,36.01148],[-114.21404,36.01203],[-114.21473,36.01403],[-114.20855,36.01551],[-114.20786,36.01549],[-114.20752,36.01505],[-114.2058,36.01611],[-114.20134,36.0165],[-114.19893,36.01715],[-114.19756,36.01632],[-114.19749,36.01786],[-114.19447,36.01885],[-114.19294,36.01981],[-114.18829,36.0211],[-114.18692,36.022],[-114.18554,36.02222],[-114.1828,36.02351],[-114.17971,36.02411],[-114.17696,36.02602],[-114.17524,36.02646],[-114.17009,36.02684],[-114.16563,36.02631],[-114.16351,36.02481],[-114.16403,36.02397],[-114.16391,36.02202],[-114.16288,36.02404],[-114.16014,36.02491],[-114.15911,36.02471],[-114.15464,36.0222],[-114.15155,36.02191],[-114.15015,36.02064],[-114.14925,36.01759],[-114.14881,36.01735],[-114.14831,36.01786],[-114.14839,36.01898],[-114.15101,36.0237],[-114.14709,36.0259],[-114.14665,36.02508],[-114.14675,36.02291],[-114.14537,36.02351],[-114.14563,36.02592],[-114.14503,36.0261],[-114.14434,36.02534],[-114.14238,36.02647],[-114.14278,36.02675],[-114.14263,36.02741],[-114.14331,36.02748],[-114.144,36.02697],[-114.1456,36.02731],[-114.14403,36.02869],[-114.14536,36.02953],[-114.1458,36.03064],[-114.14537,36.03094],[-114.14331,36.03028],[-114.14263,36.03082],[-114.14125,36.0298],[-114.14057,36.02842],[-114.13954,36.02786],[-114.14007,36.02703],[-114.13988,36.02645],[-114.13679,36.02692],[-114.13473,36.02796],[-114.13404,36.02793],[-114.13324,36.0262],[-114.13159,36.02508],[-114.13159,36.02397],[-114.12992,36.02385],[-114.12837,36.02092],[-114.12662,36.02036],[-114.12843,36.0237],[-114.12856,36.02564],[-114.12958,36.02792],[-114.13233,36.02978],[-114.13679,36.03091],[-114.13723,36.03203],[-114.1361,36.03293],[-114.13501,36.03286],[-114.13561,36.03425],[-114.13507,36.03516],[-114.1337,36.0348],[-114.13301,36.03335],[-114.13233,36.03381],[-114.13027,36.03292],[-114.12924,36.03303],[-114.13116,36.0348],[-114.13219,36.03647],[-114.13352,36.0373],[-114.13233,36.03866],[-114.13095,36.03853],[-114.13088,36.04147],[-114.12958,36.04193],[-114.12958,36.04261],[-114.12875,36.04285],[-114.12931,36.0448],[-114.12848,36.04729],[-114.12786,36.04841],[-114.12615,36.04844],[-114.12615,36.05055],[-114.12473,36.0509],[-114.12473,36.05174],[-114.12593,36.05201],[-114.12581,36.0534],[-114.12409,36.05388],[-114.12271,36.0531],[-114.12234,36.0534],[-114.1234,36.05476],[-114.12495,36.05507],[-114.12434,36.05618],[-114.12333,36.05645],[-114.12374,36.05706],[-114.12512,36.05706],[-114.12626,36.05618],[-114.12622,36.05784],[-114.12474,36.05867],[-114.12592,36.05923],[-114.12556,36.06117],[-114.12452,36.06201],[-114.12409,36.06341],[-114.12237,36.06389],[-114.12203,36.06463],[-114.12066,36.06408],[-114.11928,36.06462],[-114.11791,36.06429],[-114.11758,36.06506],[-114.11825,36.06679],[-114.11722,36.06673],[-114.11345,36.06788],[-114.11323,36.06839],[-114.11413,36.06843],[-114.11471,36.06894],[-114.11379,36.07025],[-114.11242,36.06993],[-114.11024,36.07089],[-114.11189,36.07255],[-114.11345,36.07274],[-114.11352,36.07311],[-114.11207,36.07315],[-114.11105,36.07394],[-114.11104,36.07427],[-114.11242,36.07447],[-114.11278,36.07505],[-114.11243,36.07533],[-114.11036,36.07486],[-114.10873,36.07533],[-114.10873,36.07727],[-114.10967,36.07709],[-114.11139,36.07749],[-114.11061,36.07838],[-114.11276,36.07884],[-114.11324,36.07949],[-114.11193,36.07949],[-114.1121,36.08032],[-114.11129,36.0806],[-114.11143,36.08171],[-114.11047,36.08254],[-114.11125,36.08337],[-114.11106,36.08393],[-114.10967,36.08456],[-114.1083,36.08463],[-114.10664,36.08615],[-114.10692,36.0868],[-114.10867,36.0867],[-114.10918,36.08809],[-114.10548,36.09003],[-114.10624,36.09083],[-114.1083,36.09109],[-114.1083,36.09163],[-114.10761,36.092],[-114.10757,36.09253],[-114.10563,36.09364],[-114.10594,36.09419],[-114.10486,36.09533],[-114.10249,36.09447],[-114.10336,36.09586],[-114.10521,36.0966],[-114.10624,36.09642],[-114.10761,36.09547],[-114.1083,36.0955],[-114.10833,36.09586],[-114.10556,36.09752],[-114.10474,36.09863],[-114.10177,36.09985],[-114.10017,36.10168],[-114.1004,36.10235],[-114.10219,36.10279],[-114.10212,36.10411],[-114.10349,36.10303],[-114.10727,36.10262],[-114.10727,36.10315],[-114.10521,36.10408],[-114.10513,36.10501],[-114.10658,36.10492],[-114.10689,36.10584],[-114.10813,36.1064],[-114.11036,36.10912],[-114.11242,36.10947],[-114.11276,36.10877],[-114.1139,36.10917],[-114.11356,36.11028],[-114.11482,36.11022],[-114.11493,36.11056],[-114.11433,36.11306],[-114.11482,36.11359],[-114.11552,36.11361],[-114.11448,36.11435],[-114.1131,36.11427],[-114.11315,36.11527],[-114.11207,36.11591],[-114.10898,36.11642],[-114.10795,36.11795],[-114.10692,36.11859],[-114.10555,36.11881],[-114.10349,36.11845],[-114.10177,36.1189],[-114.09937,36.11998],[-114.09731,36.12161],[-114.09691,36.12165],[-114.09668,36.12054],[-114.09594,36.1201],[-114.09525,36.11997],[-114.09422,36.1214],[-114.09319,36.11996],[-114.09259,36.11999],[-114.09275,36.12359],[-114.09188,36.12415],[-114.09147,36.12535],[-114.08903,36.12554],[-114.08976,36.12622],[-114.09064,36.12637],[-114.09044,36.1272],[-114.09113,36.12748],[-114.09138,36.12831],[-114.09104,36.12942],[-114.08914,36.1308],[-114.08904,36.13136],[-114.09079,36.13086],[-114.0925,36.13108],[-114.0929,36.13164],[-114.09184,36.13718],[-114.08792,36.143],[-114.08461,36.14601],[-114.08117,36.15014],[-114.08022,36.15271],[-114.07867,36.15326],[-114.0798,36.15385],[-114.08002,36.15465],[-114.07946,36.1553],[-114.07863,36.15548],[-114.07935,36.15603],[-114.0793,36.15687],[-114.0756,36.16324],[-114.0755,36.1649],[-114.07621,36.16518],[-114.07646,36.16574],[-114.07606,36.16629],[-114.07671,36.16663],[-114.07843,36.16441],[-114.07946,36.16439],[-114.08014,36.16511],[-114.08083,36.16463],[-114.08083,36.16379],[-114.07918,36.16324],[-114.07921,36.16241],[-114.0798,36.16175],[-114.08062,36.16158],[-114.08334,36.15881],[-114.08521,36.15437],[-114.08813,36.15271],[-114.08632,36.15241],[-114.08424,36.15271],[-114.08698,36.15077],[-114.08865,36.1516],[-114.08849,36.15243],[-114.08941,36.15313],[-114.08976,36.1528],[-114.09113,36.15297],[-114.09216,36.15388],[-114.0929,36.15382],[-114.09422,36.15573],[-114.09491,36.15589],[-114.09525,36.1552],[-114.09388,36.15237],[-114.09063,36.15021],[-114.09445,36.14993],[-114.0925,36.14904],[-114.09116,36.14772],[-114.09182,36.14669],[-114.09319,36.14776],[-114.09834,36.14948],[-114.09959,36.14855],[-114.09719,36.14716],[-114.09708,36.14661],[-114.09799,36.14605],[-114.09779,36.14522],[-114.09586,36.14411],[-114.0953,36.14273],[-114.09594,36.14231],[-114.09628,36.14299],[-114.09834,36.14374],[-114.09971,36.14483],[-114.10027,36.14467],[-114.09998,36.14411],[-114.1004,36.1434],[-114.1028,36.1441],[-114.10368,36.14356],[-114.10253,36.14217],[-114.1028,36.14129],[-114.09971,36.13995],[-114.10006,36.13947],[-114.10193,36.13912],[-114.10089,36.13801],[-114.10109,36.13755],[-114.10212,36.13759],[-114.10542,36.13635],[-114.10521,36.136],[-114.10355,36.1358],[-114.10315,36.13436],[-114.1009,36.13358],[-114.10222,36.13191],[-114.10334,36.12914],[-114.10333,36.12859],[-114.10246,36.12803],[-114.10452,36.12692],[-114.10486,36.12696],[-114.10465,36.12775],[-114.10521,36.12857],[-114.10564,36.12859],[-114.10596,36.12775],[-114.10761,36.12766],[-114.108,36.12969],[-114.10753,36.13053],[-114.10795,36.13089],[-114.10864,36.13041],[-114.11001,36.1313],[-114.11173,36.13112],[-114.11164,36.12886],[-114.11217,36.12803],[-114.1131,36.12798],[-114.11379,36.12725],[-114.11482,36.12813],[-114.11482,36.12686],[-114.11551,36.12687],[-114.11918,36.12415],[-114.11893,36.12332],[-114.11997,36.12231],[-114.12076,36.12248],[-114.12103,36.12027],[-114.12203,36.11891],[-114.12312,36.11832],[-114.1232,36.11722],[-114.12374,36.1169],[-114.12477,36.11708],[-114.12523,36.11666],[-114.12441,36.11611],[-114.12473,36.11583],[-114.12443,36.115],[-114.12683,36.11317],[-114.12855,36.11279],[-114.12889,36.11184],[-114.12979,36.11195],[-114.12992,36.11085],[-114.13095,36.11076],[-114.13128,36.11056],[-114.13085,36.11],[-114.13174,36.10973],[-114.13086,36.10889],[-114.13284,36.10779],[-114.1329,36.10612],[-114.13369,36.10557],[-114.13375,36.10418],[-114.13298,36.10307],[-114.1339,36.10168],[-114.13302,36.10085],[-114.13294,36.09946],[-114.13391,36.09586],[-114.13389,36.09364],[-114.1347,36.0917],[-114.13632,36.08975],[-114.13576,36.08895],[-114.13492,36.08892],[-114.13449,36.08837],[-114.13724,36.08753],[-114.1354,36.08615],[-114.13654,36.08587],[-114.13626,36.08504],[-114.13743,36.08337],[-114.13699,36.08226],[-114.13851,36.08411],[-114.14022,36.08416],[-114.14077,36.08254],[-114.14032,36.08143],[-114.14269,36.07977],[-114.14295,36.07727],[-114.14469,36.07812],[-114.14612,36.07727],[-114.14728,36.07255],[-114.14867,36.07089],[-114.14749,36.07005],[-114.14663,36.06811],[-114.14728,36.06756],[-114.1471,36.06589],[-114.14785,36.06506],[-114.14738,36.06395],[-114.14788,36.06339],[-114.14667,36.0609],[-114.14812,36.05921],[-114.14839,36.05812],[-114.14785,36.0559],[-114.14716,36.05534],[-114.14845,36.05479],[-114.14874,36.05312],[-114.14761,36.05257],[-114.14743,36.05153],[-114.14566,36.05146],[-114.14323,36.04702],[-114.14426,36.04452],[-114.14503,36.04424],[-114.14582,36.04202],[-114.14545,36.04119],[-114.14776,36.03647],[-114.14984,36.03504],[-114.15087,36.03517],[-114.15155,36.03426],[-114.1545,36.03341],[-114.15258,36.03283],[-114.15052,36.0328],[-114.14963,36.03203],[-114.14949,36.03095],[-114.15018,36.03087],[-114.15075,36.0298],[-114.15012,36.02925],[-114.15018,36.02836],[-114.1519,36.02857],[-114.15415,36.02786],[-114.15293,36.02772],[-114.15173,36.02675],[-114.15224,36.02584],[-114.15293,36.02567],[-114.15361,36.02627],[-114.15499,36.02643],[-114.15773,36.0277],[-114.15911,36.02938],[-114.15968,36.02897],[-114.15979,36.02754],[-114.1646,36.02876],[-114.167,36.02908],[-114.16803,36.02884],[-114.17078,36.02952],[-114.1773,36.02937],[-114.18074,36.02706],[-114.18554,36.02526],[-114.18692,36.02581],[-114.18795,36.02466],[-114.19513,36.02147],[-114.19962,36.02114],[-114.20293,36.02036],[-114.20683,36.01852],[-114.20786,36.01867],[-114.21129,36.01802],[-114.21232,36.01899],[-114.21378,36.01898],[-114.21392,36.01981],[-114.21507,36.02038],[-114.21433,36.01953],[-114.21448,36.0187],[-114.21378,36.01814],[-114.21438,36.0175],[-114.21679,36.01697],[-114.21988,36.01743],[-114.22056,36.01673],[-114.22194,36.01752],[-114.22228,36.01703],[-114.22571,36.01692],[-114.22709,36.01768],[-114.2288,36.01784],[-114.2312,36.01718],[-114.23155,36.01815],[-114.23361,36.01691],[-114.23498,36.01713],[-114.23601,36.01785],[-114.23773,36.01729],[-114.24082,36.0175],[-114.23959,36.02036],[-114.24082,36.02175],[-114.23978,36.02231],[-114.24038,36.02314],[-114.24047,36.0246],[-114.24219,36.0244],[-114.24185,36.02508],[-114.24296,36.02647],[-114.24082,36.02636],[-114.23944,36.02672],[-114.2367,36.02936],[-114.24013,36.02759],[-114.24356,36.02784],[-114.24459,36.02703],[-114.24631,36.02755],[-114.24665,36.02836],[-114.24704,36.02758],[-114.24555,36.02647],[-114.24619,36.02536],[-114.24481,36.02397],[-114.24504,36.02203],[-114.24452,36.02092],[-114.24494,36.02035],[-114.24597,36.02059],[-114.24768,36.02225],[-114.24837,36.02175],[-114.24906,36.02214],[-114.25009,36.02366],[-114.25112,36.02316],[-114.25283,36.02376],[-114.25352,36.02547],[-114.25524,36.02509],[-114.25558,36.02566],[-114.25627,36.02558],[-114.25661,36.02663],[-114.25764,36.02635],[-114.26004,36.02771],[-114.26105,36.02786],[-114.26194,36.02897],[-114.26282,36.02925],[-114.26318,36.03119],[-114.26426,36.03147],[-114.26341,36.03258],[-114.26478,36.03369],[-114.26582,36.03536],[-114.26416,36.03637],[-114.26313,36.0366],[-114.26245,36.03633],[-114.26157,36.03702],[-114.26245,36.03841],[-114.26348,36.03843],[-114.26479,36.0398],[-114.26446,36.04119],[-114.26509,36.04174],[-114.26532,36.04313],[-114.26485,36.04344],[-114.26348,36.04327],[-114.26357,36.04452],[-114.26451,36.04493],[-114.26485,36.04576],[-114.26588,36.04542],[-114.26657,36.04651],[-114.26725,36.04616],[-114.26828,36.0465],[-114.26931,36.04572],[-114.27136,36.04702],[-114.27193,36.04785],[-114.2718,36.04868],[-114.27261,36.04924],[-114.27138,36.04952],[-114.27069,36.05015],[-114.27,36.0497],[-114.26897,36.05051],[-114.26863,36.04967],[-114.2676,36.04961],[-114.26725,36.05018],[-114.26657,36.04949],[-114.26588,36.04966],[-114.26485,36.04924],[-114.26451,36.04869],[-114.26313,36.04931],[-114.26245,36.04895],[-114.25867,36.04884],[-114.25849,36.04785],[-114.25798,36.0477],[-114.25798,36.04928],[-114.26203,36.05035],[-114.26107,36.05102],[-114.25828,36.05063],[-114.2573,36.05174],[-114.25833,36.05159],[-114.26254,36.05257],[-114.26271,36.05285],[-114.26039,36.05513],[-114.26245,36.05401],[-114.26485,36.0538],[-114.26529,36.05479],[-114.26463,36.05562],[-114.26554,36.05555],[-114.26657,36.05419],[-114.2676,36.05372],[-114.26825,36.05396],[-114.26742,36.05451],[-114.26828,36.05549],[-114.26966,36.05458],[-114.27103,36.05573],[-114.2724,36.05616],[-114.27145,36.05729],[-114.26808,36.05951],[-114.26749,36.06145],[-114.27332,36.0584],[-114.27721,36.05815],[-114.27824,36.05751],[-114.27858,36.05843],[-114.28064,36.0577],[-114.28081,36.0584],[-114.28146,36.0584],[-114.28146,36.05895],[-114.27961,36.06112],[-114.27689,36.06284],[-114.27721,36.06331],[-114.27817,36.06256],[-114.27961,36.06242],[-114.28099,36.06176],[-114.28202,36.06243],[-114.28201,36.06117],[-114.28318,36.06062],[-114.28367,36.05979],[-114.28442,36.05975],[-114.28545,36.06035],[-114.28614,36.06018],[-114.28637,36.05951],[-114.28579,36.05895],[-114.28614,36.05847],[-114.28837,36.05812],[-114.28923,36.05869],[-114.29129,36.05893],[-114.29208,36.05979],[-114.29203,36.0609],[-114.29037,36.06173],[-114.2906,36.06226],[-114.293,36.06242],[-114.29276,36.06339],[-114.29369,36.06342],[-114.29469,36.06256],[-114.29499,36.0609],[-114.29541,36.0608],[-114.29844,36.06312],[-114.2988,36.06423],[-114.30051,36.06506],[-114.30078,36.06617],[-114.30215,36.06672],[-114.30056,36.06776],[-114.30158,36.06894],[-114.30046,36.06978],[-114.30193,36.06987],[-114.30334,36.07061],[-114.30262,36.07096],[-114.30159,36.07044],[-114.3002,36.07089],[-114.30048,36.07144],[-114.29995,36.07227],[-114.30155,36.07311],[-114.30161,36.07394],[-114.30078,36.07422],[-114.30056,36.07483],[-114.29806,36.07449],[-114.29903,36.07588],[-114.29778,36.07671],[-114.2985,36.07721],[-114.30056,36.07719],[-114.30072,36.07755],[-114.29918,36.07799],[-114.29644,36.0776],[-114.29455,36.07782],[-114.29644,36.07828],[-114.29644,36.07908],[-114.29712,36.07886],[-114.29747,36.07929],[-114.29926,36.07977],[-114.29591,36.08143],[-114.29453,36.08143],[-114.29335,36.08258],[-114.29163,36.08272],[-114.29178,36.08337],[-114.29069,36.08476],[-114.29129,36.08542],[-114.29266,36.08413],[-114.29438,36.08384],[-114.29541,36.08474],[-114.29712,36.08359],[-114.29781,36.08357],[-114.29815,36.08415],[-114.29953,36.08322],[-114.30193,36.08279],[-114.30257,36.0831],[-114.30238,36.08365],[-114.30088,36.08448],[-114.30127,36.08476],[-114.30106,36.08559],[-114.30124,36.08584],[-114.30262,36.08507],[-114.30365,36.08516],[-114.3039,36.08559],[-114.30288,36.0867],[-114.30468,36.08693],[-114.30468,36.08739],[-114.30399,36.08794],[-114.29999,36.08892],[-114.30124,36.0894],[-114.30172,36.09003],[-114.29953,36.09177],[-114.29644,36.09169],[-114.29638,36.09197],[-114.29678,36.09242],[-114.29964,36.09308],[-114.29933,36.09364],[-114.29791,36.09419],[-114.29781,36.09525],[-114.2985,36.0947],[-114.30021,36.09448],[-114.30468,36.0913],[-114.30516,36.0917],[-114.30468,36.09245],[-114.30571,36.09242],[-114.30639,36.09119],[-114.30708,36.09106],[-114.30754,36.0917],[-114.30708,36.09253],[-114.3088,36.09299],[-114.30766,36.09419],[-114.30815,36.09447],[-114.30631,36.09503],[-114.30777,36.09575],[-114.30811,36.09661],[-114.3088,36.09626],[-114.30948,36.0966],[-114.31086,36.09636],[-114.31141,36.09697],[-114.31017,36.09755],[-114.30811,36.09784],[-114.30571,36.09763],[-114.30487,36.09808],[-114.30639,36.09835],[-114.30669,36.09919],[-114.30624,36.10057],[-114.30505,36.10113],[-114.30536,36.10135],[-114.31017,36.10263],[-114.31162,36.10168],[-114.3116,36.10224],[-114.3104,36.10307],[-114.30832,36.1039],[-114.30966,36.10418],[-114.30896,36.10557],[-114.30764,36.10612],[-114.30862,36.10668],[-114.30819,36.10723],[-114.3112,36.10522],[-114.31165,36.10529],[-114.31132,36.10557],[-114.3115,36.10695],[-114.31189,36.1071],[-114.31429,36.10528],[-114.31635,36.10463],[-114.31603,36.10529],[-114.31637,36.10584],[-114.31601,36.10621],[-114.31463,36.10626],[-114.31471,36.10668],[-114.31207,36.11],[-114.31498,36.10823],[-114.31562,36.10834],[-114.31669,36.10889],[-114.31483,36.10973],[-114.31586,36.11028],[-114.31601,36.1109],[-114.31704,36.11034],[-114.31731,36.11056],[-114.31741,36.11111],[-114.31631,36.11167],[-114.31669,36.11177],[-114.31804,36.11139],[-114.32013,36.10956],[-114.31881,36.11222],[-114.31977,36.1125],[-114.31875,36.11362],[-114.31875,36.11424],[-114.31978,36.11352],[-114.31971,36.11416],[-114.32013,36.11404],[-114.32184,36.11147],[-114.32278,36.11167],[-114.32258,36.11306],[-114.3236,36.11306],[-114.32337,36.11389],[-114.3239,36.11405],[-114.32425,36.11357],[-114.32493,36.11387],[-114.32631,36.11135],[-114.32837,36.11126],[-114.32619,36.11472],[-114.32837,36.11357],[-114.32905,36.1143],[-114.32974,36.11345],[-114.33146,36.11403],[-114.32991,36.11583],[-114.33043,36.11636],[-114.3318,36.11664],[-114.3318,36.11749],[-114.33325,36.11722],[-114.33214,36.12056],[-114.33352,36.11989],[-114.33445,36.11999],[-114.33447,36.11888],[-114.33523,36.11835],[-114.33602,36.11916],[-114.33504,36.12054],[-114.33523,36.12143],[-114.33661,36.12088],[-114.33729,36.12186],[-114.33867,36.12173],[-114.33823,36.12248],[-114.33661,36.12233],[-114.33587,36.12332],[-114.33835,36.12415],[-114.33678,36.12554],[-114.33695,36.12602],[-114.33932,36.12554],[-114.33867,36.12864],[-114.34038,36.1276],[-114.3403,36.12886],[-114.34107,36.12981],[-114.34161,36.12886],[-114.34278,36.12854],[-114.34347,36.12743],[-114.34506,36.12664],[-114.34515,36.12803],[-114.346,36.12803],[-114.34468,36.12886],[-114.34528,36.12969],[-114.34489,36.13025],[-114.34656,36.13154],[-114.3473,36.13164],[-114.34484,36.13319],[-114.34484,36.13371],[-114.34553,36.13393],[-114.34679,36.13358],[-114.34663,36.13469],[-114.34725,36.13531],[-114.34862,36.13327],[-114.34999,36.13275],[-114.34985,36.13385],[-114.35037,36.13469],[-114.34759,36.13697],[-114.34896,36.13682],[-114.34999,36.13609],[-114.35137,36.13611],[-114.3524,36.1377],[-114.35364,36.13718],[-114.35126,36.13968],[-114.35075,36.14189],[-114.35377,36.13964],[-114.35397,36.13995],[-114.35324,36.14079],[-114.35446,36.14105],[-114.35407,36.14189],[-114.35446,36.14211],[-114.35652,36.13985],[-114.3572,36.13969],[-114.35755,36.14183],[-114.35823,36.14247],[-114.36029,36.14042],[-114.35986,36.143],[-114.36029,36.14321],[-114.36132,36.14272],[-114.36145,36.14356],[-114.35892,36.14423],[-114.3574,36.14633],[-114.3572,36.14734],[-114.35961,36.1457],[-114.36044,36.14578],[-114.36044,36.14633],[-114.36132,36.14631],[-114.36202,36.14716],[-114.36036,36.14744],[-114.36047,36.14772],[-114.36235,36.14845],[-114.36304,36.14748],[-114.36319,36.14827],[-114.36228,36.1491],[-114.3627,36.14951],[-114.3675,36.14759],[-114.36758,36.14855],[-114.36613,36.14965],[-114.36441,36.14992],[-114.36407,36.15079],[-114.36086,36.15188],[-114.3627,36.15217],[-114.36569,36.15188],[-114.3648,36.15271],[-114.3655,36.15298],[-114.36544,36.15421],[-114.36613,36.15354],[-114.36733,36.15354],[-114.3675,36.15288],[-114.36943,36.1516],[-114.37025,36.15154],[-114.37162,36.15026],[-114.37231,36.15021],[-114.37351,36.15104],[-114.3696,36.15354],[-114.36931,36.15409],[-114.36975,36.1552],[-114.37231,36.15568],[-114.37471,36.15527],[-114.3754,36.15614],[-114.37756,36.15687],[-114.37705,36.15797],[-114.37918,36.15845],[-114.37924,36.15908],[-114.37994,36.15908],[-114.37982,36.16075],[-114.38098,36.16102],[-114.38067,36.16213],[-114.38124,36.16283],[-114.38227,36.16264],[-114.38364,36.1615],[-114.38368,36.16019],[-114.38501,36.15904],[-114.38673,36.15987],[-114.38845,36.15992],[-114.3888,36.16047],[-114.38814,36.16158],[-114.38866,36.16241],[-114.39085,36.16261],[-114.39287,36.1649],[-114.39257,36.16542],[-114.39154,36.16548],[-114.39051,36.16492],[-114.38933,36.16574],[-114.38906,36.1674],[-114.38818,36.16878],[-114.3896,36.17183],[-114.38932,36.17654],[-114.39123,36.17848],[-114.39008,36.17987],[-114.39092,36.1807],[-114.39101,36.18264],[-114.38962,36.18319],[-114.38982,36.18413],[-114.38742,36.18391],[-114.38697,36.1843],[-114.387,36.18513],[-114.38864,36.18569],[-114.38747,36.18624],[-114.38678,36.18735],[-114.38848,36.18985],[-114.38805,36.19068],[-114.38879,36.19127],[-114.38893,36.19317],[-114.38948,36.19358],[-114.39016,36.19323],[-114.39095,36.19372],[-114.39056,36.19566],[-114.39188,36.19666],[-114.39257,36.19631],[-114.39325,36.19655],[-114.39441,36.19539],[-114.39501,36.19677],[-114.39414,36.19705],[-114.39428,36.19819],[-114.39463,36.19839],[-114.39566,36.19772],[-114.39634,36.19834],[-114.39737,36.19806],[-114.39789,36.19927],[-114.39718,36.20037],[-114.39879,36.20176],[-114.3981,36.20259],[-114.39943,36.20287],[-114.39869,36.2037],[-114.39863,36.20647],[-114.39706,36.20702],[-114.39654,36.20785],[-114.39724,36.21118],[-114.396,36.2124],[-114.39383,36.21201],[-114.39362,36.21229],[-114.39419,36.21284],[-114.39275,36.21367],[-114.39317,36.21478],[-114.39507,36.21589],[-114.39378,36.21672],[-114.39485,36.21727],[-114.39413,36.21866],[-114.39325,36.21962],[-114.39119,36.21895],[-114.38992,36.21976],[-114.39108,36.22087],[-114.39016,36.22112],[-114.38997,36.2217],[-114.39157,36.22226],[-114.39065,36.22309],[-114.39086,36.22447],[-114.39013,36.22475],[-114.3896,36.22558],[-114.3903,36.22641],[-114.38982,36.22719],[-114.39122,36.2278],[-114.38972,36.2289],[-114.38965,36.22974],[-114.3916,36.2314],[-114.38961,36.23389],[-114.39111,36.23666],[-114.39067,36.23943],[-114.39016,36.23986],[-114.38948,36.2397],[-114.38845,36.24009],[-114.38763,36.24192],[-114.38861,36.24303],[-114.38866,36.24413],[-114.38943,36.24441],[-114.38845,36.24483],[-114.38776,36.24429],[-114.38615,36.24413],[-114.38459,36.24635],[-114.38466,36.2469],[-114.38644,36.24773],[-114.38501,36.24774],[-114.38414,36.24829],[-114.38501,36.249],[-114.38364,36.25133],[-114.38339,36.25299],[-114.38398,36.25387],[-114.38704,36.25438],[-114.38579,36.25576],[-114.38611,36.25659],[-114.38579,36.25825],[-114.38673,36.25907],[-114.38776,36.25797],[-114.38845,36.25769],[-114.3887,36.25798],[-114.3872,36.26158],[-114.38776,36.26207],[-114.38879,36.26186],[-114.38982,36.26101],[-114.39119,36.26119],[-114.39371,36.25825],[-114.39463,36.25797],[-114.39485,36.25881],[-114.39377,36.26019],[-114.39441,36.26158],[-114.39566,36.26022],[-114.39669,36.26073],[-114.39806,36.26027],[-114.39943,36.26076],[-114.40012,36.26032],[-114.40184,36.26017],[-114.40413,36.26185],[-114.40365,36.26296],[-114.40466,36.26573],[-114.40624,36.26656],[-114.40424,36.26673],[-114.40355,36.26644],[-114.40115,36.26695],[-114.40012,36.26464],[-114.39943,36.26539],[-114.3984,36.26455],[-114.39809,36.2649],[-114.39997,36.26877],[-114.39817,36.26905],[-114.39875,36.27],[-114.39497,36.26936],[-114.39428,36.26854],[-114.39351,36.26933],[-114.39377,36.27071],[-114.39257,36.2722],[-114.39105,36.27182],[-114.39016,36.27024],[-114.38896,36.26988],[-114.38977,36.27099],[-114.38961,36.27237],[-114.3881,36.27353],[-114.38696,36.27293],[-114.38692,36.27376],[-114.38758,36.27459],[-114.3867,36.27514],[-114.38744,36.27597],[-114.38419,36.2768],[-114.38536,36.27744],[-114.38913,36.27665],[-114.38949,36.27708],[-114.38918,36.27791],[-114.38982,36.2786],[-114.39016,36.2781],[-114.39154,36.27799],[-114.39207,36.27874],[-114.39154,36.27911],[-114.39026,36.27902],[-114.39057,36.27957],[-114.38962,36.28012],[-114.38987,36.28068],[-114.3894,36.28123],[-114.39051,36.28199],[-114.39154,36.28165],[-114.3916,36.28206],[-114.39016,36.28315],[-114.38879,36.28288],[-114.38845,36.28351],[-114.38742,36.28324],[-114.38536,36.28352],[-114.38192,36.28264],[-114.38117,36.28344],[-114.38192,36.28425],[-114.38514,36.28538],[-114.38227,36.28602],[-114.38124,36.28552],[-114.38088,36.28593],[-114.38091,36.28704],[-114.38192,36.28714],[-114.38295,36.28808],[-114.3833,36.28702],[-114.38501,36.28732],[-114.38434,36.28815],[-114.38441,36.28926],[-114.38295,36.28915],[-114.38192,36.29019],[-114.3792,36.29064],[-114.37883,36.29151],[-114.38055,36.29105],[-114.38261,36.29125],[-114.38251,36.2923],[-114.38227,36.2927],[-114.38094,36.29285],[-114.38055,36.29341],[-114.37986,36.29331],[-114.37967,36.29424],[-114.37826,36.29451],[-114.37621,36.29673],[-114.37643,36.297],[-114.37746,36.29663],[-114.37741,36.29756],[-114.3778,36.29774],[-114.38055,36.29626],[-114.38124,36.29633],[-114.38135,36.29728],[-114.38401,36.29728],[-114.38307,36.29949],[-114.38376,36.30032],[-114.38124,36.29984],[-114.37952,36.29888],[-114.37857,36.29949],[-114.38034,36.3006],[-114.37918,36.30053],[-114.37892,36.30088],[-114.37968,36.30143],[-114.37914,36.30281],[-114.38075,36.30613],[-114.38073,36.30696],[-114.38192,36.30784],[-114.38295,36.30748],[-114.3833,36.30798],[-114.3842,36.30807],[-114.38242,36.30862],[-114.38228,36.30973],[-114.38331,36.31056],[-114.38325,36.31139],[-114.38215,36.31222],[-114.38221,36.31305],[-114.38426,36.31471],[-114.38398,36.3155],[-114.38536,36.31547],[-114.38563,36.31582],[-114.38394,36.31637],[-114.38408,36.31748],[-114.38302,36.31775],[-114.38275,36.31831],[-114.38318,36.31914],[-114.38425,36.31969],[-114.38295,36.31979],[-114.38252,36.32024],[-114.38295,36.32069],[-114.38398,36.32049],[-114.38421,36.3208],[-114.38286,36.32356],[-114.38218,36.32412],[-114.38233,36.32467],[-114.38345,36.32495],[-114.38192,36.32534],[-114.38179,36.32605],[-114.38018,36.3266],[-114.38089,36.32723],[-114.38261,36.32745],[-114.38398,36.32705],[-114.38439,36.32743],[-114.38373,36.32799],[-114.38364,36.32886],[-114.38192,36.32831],[-114.38118,36.32854],[-114.38142,36.32965],[-114.38227,36.32945],[-114.38327,36.33048],[-114.38261,36.33117],[-114.38124,36.33163],[-114.37952,36.33107],[-114.37931,36.33131],[-114.37985,36.33241],[-114.37922,36.33297],[-114.37932,36.33352],[-114.38124,36.33409],[-114.38011,36.33435],[-114.37986,36.33505],[-114.37849,36.33394],[-114.37652,36.3349],[-114.37748,36.33546],[-114.37677,36.33651],[-114.37809,36.33684],[-114.37724,36.33877],[-114.37447,36.33905],[-114.37265,36.33962],[-114.37221,36.34016],[-114.373,36.34083],[-114.37712,36.34119],[-114.37736,36.34237],[-114.37624,36.34237],[-114.37565,36.34292],[-114.37647,36.34348],[-114.37657,36.34458],[-114.37512,36.34569],[-114.37529,36.34679],[-114.37276,36.34928],[-114.37151,36.35122],[-114.37042,36.35454],[-114.37041,36.3573],[-114.37003,36.35785],[-114.36891,36.35813],[-114.37004,36.35896],[-114.37002,36.36007],[-114.36888,36.35995],[-114.36835,36.36034],[-114.36974,36.36117],[-114.3697,36.36173],[-114.36888,36.36167],[-114.36853,36.36202],[-114.36682,36.3616],[-114.36441,36.36225],[-114.3626,36.36228],[-114.36044,36.36366],[-114.35806,36.36698],[-114.35668,36.37168],[-114.35823,36.37325],[-114.35874,36.37444],[-114.36064,36.37542],[-114.3607,36.37693],[-114.36167,36.37817],[-114.36617,36.38052],[-114.3631,36.3808],[-114.36281,36.38135],[-114.3651,36.38222],[-114.36528,36.38273],[-114.3627,36.3823],[-114.36246,36.38273],[-114.36331,36.38329],[-114.36304,36.38377],[-114.36132,36.38485],[-114.36029,36.38473],[-114.35652,36.38734],[-114.35425,36.38826],[-114.35366,36.38992],[-114.35549,36.39144],[-114.35619,36.39296],[-114.35558,36.39434],[-114.35343,36.39559],[-114.35276,36.39462],[-114.3516,36.39434],[-114.35155,36.39489],[-114.35221,36.39545],[-114.35199,36.39655],[-114.35054,36.39766],[-114.35125,36.39821],[-114.35086,36.39932],[-114.35162,36.40153],[-114.35102,36.40286],[-114.34965,36.40328],[-114.34793,36.40263],[-114.3445,36.40363],[-114.34063,36.40788],[-114.3395,36.41092],[-114.33858,36.41147],[-114.33862,36.41368],[-114.33922,36.41396],[-114.33869,36.41534],[-114.33867,36.41783],[-114.33825,36.41921],[-114.33679,36.42059],[-114.33695,36.42173],[-114.33801,36.42225],[-114.33779,36.42501],[-114.33693,36.42639],[-114.33733,36.4286],[-114.33798,36.42955],[-114.33935,36.42972],[-114.34038,36.42874],[-114.34141,36.42968],[-114.34313,36.42955],[-114.34484,36.43047],[-114.3469,36.43012],[-114.34896,36.43073],[-114.35137,36.43012],[-114.35205,36.43055],[-114.35343,36.4304],[-114.35602,36.42612],[-114.35794,36.42501],[-114.36907,36.41507],[-114.37204,36.41065],[-114.37185,36.40816],[-114.37306,36.40015],[-114.37505,36.39489],[-114.37623,36.38854],[-114.3756,36.38716],[-114.37591,36.38495],[-114.37643,36.38428],[-114.37746,36.38441],[-114.37859,36.38273],[-114.37698,36.38052],[-114.37609,36.37792],[-114.37471,36.37683],[-114.37326,36.37693],[-114.37334,36.37581],[-114.37437,36.37616],[-114.37473,36.37582],[-114.37393,36.37444],[-114.37508,36.37472],[-114.37527,36.37638],[-114.37727,36.37804],[-114.3778,36.37964],[-114.37918,36.3789],[-114.38055,36.3799],[-114.38089,36.37914],[-114.38158,36.37964],[-114.38227,36.37917],[-114.38269,36.38025],[-114.38398,36.38098],[-114.38776,36.38023],[-114.38817,36.37997],[-114.38786,36.37886],[-114.38879,36.37871],[-114.38913,36.3779],[-114.39036,36.37748],[-114.38989,36.37665],[-114.39193,36.37527],[-114.39144,36.37472],[-114.39143,36.37085],[-114.39035,36.36919],[-114.39039,36.36698],[-114.39153,36.36615],[-114.39222,36.36487],[-114.39291,36.36602],[-114.39345,36.36504],[-114.39463,36.36506],[-114.39413,36.36421],[-114.39566,36.36306],[-114.3966,36.36449],[-114.39725,36.36449],[-114.39689,36.36366],[-114.3976,36.36311],[-114.39716,36.362],[-114.39862,36.36173],[-114.39843,36.3609],[-114.39923,36.36062],[-114.39943,36.35999],[-114.40012,36.36002],[-114.40115,36.361],[-114.40184,36.36097],[-114.40191,36.36034],[-114.40125,36.35951],[-114.40184,36.35922],[-114.40321,36.36032],[-114.4039,36.36029],[-114.40315,36.35896],[-114.40321,36.35781],[-114.40984,36.35205],[-114.40912,36.35011],[-114.40751,36.34901],[-114.40732,36.34845],[-114.4087,36.34785],[-114.41008,36.34788],[-114.41149,36.34707],[-114.41181,36.34292],[-114.41132,36.34182],[-114.40986,36.34071],[-114.41001,36.33988],[-114.40911,36.3385],[-114.41145,36.33849],[-114.41392,36.33767],[-114.41282,36.33624],[-114.4101,36.33601],[-114.41111,36.33594],[-114.41141,36.33546],[-114.40935,36.3338],[-114.41008,36.33342],[-114.41214,36.33387],[-114.41385,36.33338],[-114.41496,36.33186],[-114.41375,36.33103],[-114.41371,36.3302],[-114.41282,36.32981],[-114.41076,36.32966],[-114.40802,36.33027],[-114.40596,36.32988],[-114.40567,36.32965],[-114.40745,36.32882],[-114.40699,36.32846],[-114.40561,36.32862],[-114.40559,36.32826],[-114.40699,36.32768],[-114.40836,36.32769],[-114.40862,36.32716],[-114.40786,36.32688],[-114.40767,36.32625],[-114.40602,36.32633],[-114.40739,36.32522],[-114.40664,36.32414],[-114.40527,36.3245],[-114.40493,36.3234],[-114.4039,36.32381],[-114.40287,36.32365],[-114.40332,36.32301],[-114.40242,36.32218],[-114.40287,36.32189],[-114.40424,36.32265],[-114.40596,36.32279],[-114.40664,36.32218],[-114.41008,36.32102],[-114.41293,36.3208],[-114.41248,36.3199],[-114.41111,36.32043],[-114.40538,36.3208],[-114.40537,36.31969],[-114.40655,36.31969],[-114.40574,36.31803],[-114.40717,36.31803],[-114.40819,36.3172],[-114.40836,36.31653],[-114.40939,36.3168],[-114.41145,36.31654],[-114.4122,36.31554],[-114.41219,36.31471],[-114.41179,36.31438],[-114.41008,36.31434],[-114.40939,36.31274],[-114.40697,36.31305],[-114.40667,36.31277],[-114.40724,36.31222],[-114.40589,36.31111],[-114.40424,36.31021],[-114.40218,36.30994],[-114.40218,36.30921],[-114.40378,36.30752],[-114.40046,36.30629],[-114.4002,36.30586],[-114.40057,36.30558],[-114.39914,36.30447],[-114.39943,36.30424],[-114.40012,36.30464],[-114.40115,36.30392],[-114.40269,36.30475],[-114.40355,36.30615],[-114.40458,36.30576],[-114.40561,36.30611],[-114.40623,36.30558],[-114.40384,36.30392],[-114.4057,36.30309],[-114.40453,36.30226],[-114.40465,36.30171],[-114.40424,36.30152],[-114.40281,36.30226],[-114.40246,36.30171],[-114.40361,36.3006],[-114.40321,36.30023],[-114.40081,36.29942],[-114.39978,36.3001],[-114.39875,36.30006],[-114.39777,36.29922],[-114.39791,36.29866],[-114.39737,36.29859],[-114.39737,36.29811],[-114.39654,36.29783],[-114.39737,36.2968],[-114.3984,36.2974],[-114.40046,36.29738],[-114.40149,36.29786],[-114.40218,36.29744],[-114.40355,36.29815],[-114.40424,36.29793],[-114.40774,36.30032],[-114.40811,36.30171],[-114.40973,36.30373],[-114.41152,36.30198],[-114.41,36.30005],[-114.40996,36.29922],[-114.4087,36.29849],[-114.40737,36.29645],[-114.40567,36.29534],[-114.40424,36.29348],[-114.39943,36.29401],[-114.39541,36.29258],[-114.39408,36.29064],[-114.39419,36.28842],[-114.39477,36.28759],[-114.39497,36.28593],[-114.39648,36.28566],[-114.396,36.2851],[-114.39705,36.284],[-114.39737,36.28175],[-114.39923,36.28151],[-114.39947,36.28206],[-114.39881,36.28317],[-114.39978,36.28317],[-114.40184,36.28228],[-114.40355,36.27992],[-114.40467,36.2804],[-114.40439,36.28095],[-114.40493,36.28201],[-114.40596,36.28175],[-114.40664,36.28218],[-114.40733,36.28203],[-114.40709,36.28095],[-114.40789,36.2804],[-114.40691,36.28012],[-114.40706,36.27874],[-114.4054,36.27735],[-114.40508,36.27486],[-114.40664,36.27377],[-114.40767,36.27475],[-114.40798,36.27459],[-114.40817,36.27376],[-114.40992,36.2721],[-114.41444,36.26933],[-114.41279,36.26767],[-114.41266,36.26628],[-114.4113,36.2649],[-114.41169,36.26435],[-114.41076,36.26385],[-114.40928,36.26435],[-114.40929,36.26379],[-114.40854,36.26324],[-114.40767,36.2633],[-114.40688,36.26213],[-114.40988,36.26019],[-114.40843,36.25909],[-114.40838,36.25742],[-114.40797,36.25715],[-114.40848,36.25576],[-114.41076,36.25614],[-114.41214,36.25591],[-114.41351,36.25635],[-114.41352,36.25604],[-114.40754,36.25383],[-114.40764,36.25272],[-114.40705,36.25216],[-114.40817,36.2505],[-114.40596,36.25031],[-114.40648,36.2494],[-114.40623,36.24884],[-114.40721,36.24801],[-114.40647,36.24746],[-114.40695,36.24718],[-114.40687,36.24663],[-114.40939,36.24676],[-114.40983,36.24607],[-114.40905,36.24618],[-114.40795,36.24552],[-114.40772,36.24413],[-114.41042,36.24399],[-114.41191,36.24441],[-114.41118,36.24358],[-114.40891,36.24247],[-114.41174,36.24192],[-114.41139,36.24081],[-114.41179,36.24054],[-114.41109,36.23998],[-114.41192,36.2397],[-114.41128,36.23915],[-114.41179,36.23867],[-114.41523,36.23994],[-114.41555,36.2397],[-114.41504,36.23887],[-114.41523,36.23817],[-114.41364,36.23804],[-114.41337,36.23721],[-114.41248,36.23672],[-114.41067,36.23694],[-114.41115,36.2361],[-114.41076,36.2357],[-114.41248,36.23528],[-114.4135,36.23555],[-114.41369,36.23417],[-114.41331,36.23389],[-114.41393,36.23334],[-114.41385,36.23259],[-114.4166,36.2325],[-114.41694,36.23315],[-114.41797,36.23341],[-114.41999,36.23278],[-114.41523,36.23143],[-114.41523,36.23101],[-114.41385,36.23036],[-114.41282,36.23055],[-114.41223,36.23001],[-114.41222,36.22918],[-114.41351,36.22869],[-114.41488,36.22912],[-114.41557,36.23083],[-114.41694,36.23024],[-114.41763,36.23073],[-114.41832,36.23024],[-114.41859,36.22918],[-114.41944,36.2289],[-114.41919,36.2278],[-114.42038,36.2272],[-114.42106,36.22775],[-114.42259,36.22641],[-114.42198,36.22613],[-114.42229,36.22586],[-114.42172,36.22447],[-114.42236,36.2242],[-114.42347,36.22257],[-114.42467,36.22253],[-114.42368,36.2217],[-114.4237,36.22115],[-114.42477,36.2206],[-114.42484,36.2198],[-114.4269,36.22008],[-114.42862,36.22104],[-114.42963,36.22087],[-114.42408,36.21783],[-114.4245,36.2169],[-114.42656,36.21748],[-114.42752,36.21644],[-114.42651,36.21422],[-114.42827,36.21384],[-114.4293,36.21445],[-114.42999,36.21432],[-114.43033,36.21508],[-114.43122,36.21478],[-114.43096,36.21339],[-114.4326,36.21367],[-114.4321,36.21256],[-114.43399,36.21173],[-114.42999,36.21203],[-114.4293,36.21097],[-114.42793,36.2115],[-114.42733,36.21118],[-114.42827,36.20886],[-114.42896,36.20889],[-114.42999,36.20822],[-114.43068,36.20879],[-114.43153,36.20785],[-114.4304,36.20675],[-114.43068,36.20643],[-114.43136,36.20688],[-114.43291,36.20702],[-114.43342,36.20752],[-114.43539,36.20619],[-114.43337,36.20591],[-114.43288,36.20453],[-114.43165,36.20398],[-114.43263,36.20176],[-114.43342,36.20173],[-114.43398,36.2012],[-114.43377,36.20021],[-114.43514,36.1998],[-114.43633,36.20037],[-114.43661,36.2001],[-114.43622,36.19954],[-114.43808,36.19899],[-114.43802,36.1976],[-114.43514,36.19804],[-114.43342,36.19778],[-114.43239,36.19681],[-114.43249,36.19539],[-114.43377,36.19544],[-114.43509,36.19483],[-114.43494,36.19372],[-114.43648,36.19317],[-114.43743,36.19178],[-114.437,36.19012],[-114.43754,36.18999],[-114.43857,36.19088],[-114.43906,36.19068],[-114.43943,36.18985],[-114.43905,36.18929],[-114.43983,36.18846],[-114.4381,36.18791],[-114.44025,36.1868],[-114.43853,36.18652],[-114.43708,36.18569],[-114.43613,36.18375],[-114.43671,36.18264],[-114.4382,36.18181],[-114.43829,36.18015],[-114.43918,36.17959],[-114.43926,36.17899],[-114.44098,36.1782],[-114.44201,36.17825],[-114.44269,36.17768],[-114.44323,36.17571],[-114.4423,36.17488],[-114.44235,36.17396],[-114.4415,36.17377],[-114.44255,36.17322],[-114.442,36.16934],[-114.44132,36.16883],[-114.44063,36.16914],[-114.43982,36.16878],[-114.44008,36.16795],[-114.43823,36.16659],[-114.43617,36.16582],[-114.43377,36.16564],[-114.43342,36.16463],[-114.43239,36.16465],[-114.43192,36.16407],[-114.43084,36.16379],[-114.43205,36.16271],[-114.43499,36.1613],[-114.43515,36.16019],[-114.43636,36.15853],[-114.43823,36.15735],[-114.44228,36.15825],[-114.44384,36.15964],[-114.44441,36.16088],[-114.4451,36.15866],[-114.44784,36.15877],[-114.44921,36.15985],[-114.45053,36.15964],[-114.44956,36.15842],[-114.45162,36.15762],[-114.45175,36.15659],[-114.45107,36.15548],[-114.44939,36.15437],[-114.44906,36.15326],[-114.44743,36.15132],[-114.44818,36.15015],[-114.45333,36.14883],[-114.45483,36.1491],[-114.45452,36.14993],[-114.45521,36.15077],[-114.4558,36.15077],[-114.45677,36.14982],[-114.45745,36.15029],[-114.45827,36.15021],[-114.46242,36.15271],[-114.4634,36.15465],[-114.46341,36.15603],[-114.46276,36.15742],[-114.46398,36.15787],[-114.46519,36.15742],[-114.46604,36.15437],[-114.46775,36.15313],[-114.47016,36.15406],[-114.47256,36.15614],[-114.47462,36.15572],[-114.47599,36.15626],[-114.47696,36.15603],[-114.4784,36.15483],[-114.47977,36.15521],[-114.48174,36.15492],[-114.48354,36.15354],[-114.48366,36.15243],[-114.48492,36.15027],[-114.48629,36.14978],[-114.48735,36.15104],[-114.48904,36.15172],[-114.48959,36.15271],[-114.4911,36.15337],[-114.49282,36.15333],[-114.49385,36.15374],[-114.49522,36.15537],[-114.49591,36.15544],[-114.49485,36.15797],[-114.49316,36.15932],[-114.49316,36.1598],[-114.49659,36.15834],[-114.49728,36.15856],[-114.49728,36.15963],[-114.49968,36.15968],[-114.50243,36.16114],[-114.50277,36.16016],[-114.50346,36.15978],[-114.50552,36.16005],[-114.50552,36.1612],[-114.50758,36.16026],[-114.50964,36.16103],[-114.51136,36.16092],[-114.5141,36.1623],[-114.51479,36.16158],[-114.51685,36.16263],[-114.51718,36.16379],[-114.51681,36.16546],[-114.51719,36.16581],[-114.51853,36.16379],[-114.51822,36.16145],[-114.51891,36.16256],[-114.51994,36.16206],[-114.52108,36.16213],[-114.52127,36.16158],[-114.52021,36.16019],[-114.52116,36.15908],[-114.52183,36.15908],[-114.52269,36.16018],[-114.52406,36.16081],[-114.52509,36.16012],[-114.52531,36.1613],[-114.52612,36.16166],[-114.5274,36.16158],[-114.52617,36.16075],[-114.52681,36.15924],[-114.53024,36.15914],[-114.53299,36.1609],[-114.53221,36.15797],[-114.53367,36.15568],[-114.53539,36.15513],[-114.53848,36.15756],[-114.54054,36.15811],[-114.54123,36.15746],[-114.54166,36.15825],[-114.54342,36.15936],[-114.54366,36.16075],[-114.54878,36.16304],[-114.54981,36.1661],[-114.55221,36.16745],[-114.55073,36.16601],[-114.54975,36.16241],[-114.54783,36.16047],[-114.54758,36.15825],[-114.54725,36.15742],[-114.54638,36.15687],[-114.5459,36.1552],[-114.5505,36.15224],[-114.55317,36.15271],[-114.55427,36.15354],[-114.55462,36.1545],[-114.55564,36.1537],[-114.55908,36.15377],[-114.56079,36.1527],[-114.5632,36.15222],[-114.56526,36.15294],[-114.56972,36.1527],[-114.57056,36.15382],[-114.57038,36.1552],[-114.57075,36.15567],[-114.57191,36.15354],[-114.57487,36.15317],[-114.57556,36.15405],[-114.57659,36.15239],[-114.57899,36.15141],[-114.58174,36.14907],[-114.58242,36.14921],[-114.58311,36.14849],[-114.5862,36.14832],[-114.58674,36.14883],[-114.58723,36.15083],[-114.58782,36.15021],[-114.58753,36.1491],[-114.58792,36.1482],[-114.58963,36.14828],[-114.59135,36.14738],[-114.59204,36.1481],[-114.59307,36.14598],[-114.59444,36.1458],[-114.59753,36.14377],[-114.59925,36.14494],[-114.60011,36.14439],[-114.59946,36.14384],[-114.60031,36.14356],[-114.59976,36.14245],[-114.60199,36.14029],[-114.60405,36.1387],[-114.60577,36.13852],[-114.60569,36.13746],[-114.60646,36.13722],[-114.60749,36.13587],[-114.60989,36.13435],[-114.61264,36.13326],[-114.61435,36.13385],[-114.6147,36.13312],[-114.61727,36.13413],[-114.61813,36.1358],[-114.61744,36.13613],[-114.61766,36.13718],[-114.61715,36.13774],[-114.61777,36.13912],[-114.61813,36.13847],[-114.61916,36.13839],[-114.6195,36.13885],[-114.62053,36.13885],[-114.62174,36.14023],[-114.62026,36.14328],[-114.61956,36.14356],[-114.61916,36.14627],[-114.62019,36.14629],[-114.62037,36.1455],[-114.62294,36.14332],[-114.62362,36.14311],[-114.62431,36.14386],[-114.62568,36.14371],[-114.62611,36.14356],[-114.62603,36.14268],[-114.62673,36.14411],[-114.62637,36.1459],[-114.62671,36.14624],[-114.6274,36.14598],[-114.62763,36.14689],[-114.62877,36.14719],[-114.62958,36.14689],[-114.6298,36.14803],[-114.63092,36.14689],[-114.63083,36.14579],[-114.63192,36.14633],[-114.6327,36.14772],[-114.63392,36.14871],[-114.63428,36.14855],[-114.63459,36.14799],[-114.63385,36.14744],[-114.63428,36.14633],[-114.63314,36.14494],[-114.63358,36.14465],[-114.6342,36.14494],[-114.63633,36.14806],[-114.63824,36.14883],[-114.63907,36.15147],[-114.63981,36.15077],[-114.63931,36.14938],[-114.64013,36.14883],[-114.63804,36.14732],[-114.63693,36.1455],[-114.63678,36.14273],[-114.63736,36.14244],[-114.63975,36.14439],[-114.63919,36.14522],[-114.6408,36.14633],[-114.64129,36.14716],[-114.64079,36.14839],[-114.64113,36.14879],[-114.64182,36.14818],[-114.64225,36.14827],[-114.64319,36.15072],[-114.64392,36.15077],[-114.64422,36.1497],[-114.64731,36.14989],[-114.64731,36.149],[-114.64405,36.14855],[-114.64401,36.14827],[-114.64528,36.14799],[-114.64463,36.14744],[-114.64502,36.14661],[-114.6439,36.14633],[-114.64525,36.14524],[-114.64422,36.14494],[-114.64491,36.1441],[-114.64251,36.14365],[-114.64182,36.14439],[-114.64158,36.14356],[-114.64079,36.14338],[-114.64,36.14217],[-114.63969,36.14106],[-114.64045,36.141],[-114.64216,36.14194],[-114.64216,36.14153],[-114.64322,36.14162],[-114.64202,36.13968],[-114.64216,36.13864],[-114.64491,36.14098],[-114.64766,36.14241],[-114.64835,36.14162],[-114.64731,36.14119],[-114.64672,36.13995],[-114.64711,36.13968],[-114.64554,36.13857],[-114.64641,36.13829],[-114.64663,36.13627],[-114.64766,36.1371],[-114.64839,36.13607],[-114.6484,36.13496],[-114.64977,36.13413],[-114.65246,36.13333],[-114.65473,36.13385],[-114.65418,36.13496],[-114.65205,36.1369],[-114.65124,36.13995],[-114.65212,36.14211],[-114.65281,36.14209],[-114.6531,36.14134],[-114.65418,36.14105],[-114.65432,36.14245],[-114.65487,36.14264],[-114.65567,36.14162],[-114.65555,36.13955],[-114.65658,36.13983],[-114.65761,36.13879],[-114.65864,36.13899],[-114.66002,36.13659],[-114.66105,36.13757],[-114.66159,36.13635],[-114.66345,36.13485],[-114.66581,36.1358],[-114.66589,36.13635],[-114.66722,36.13711],[-114.66791,36.13848],[-114.66825,36.13843],[-114.6672,36.13275],[-114.66825,36.13126],[-114.67066,36.13058],[-114.67375,36.13069],[-114.67718,36.12986],[-114.67787,36.1299],[-114.67821,36.13073],[-114.67924,36.13016],[-114.68027,36.13092],[-114.6813,36.13011],[-114.68233,36.13012],[-114.68373,36.13302],[-114.68518,36.13469],[-114.68748,36.13453],[-114.68885,36.13521],[-114.6886,36.13413],[-114.6866,36.13275],[-114.68679,36.13021],[-114.68782,36.13014],[-114.68731,36.13136],[-114.68817,36.13161],[-114.68988,36.13059],[-114.68998,36.13164],[-114.69057,36.13221],[-114.69194,36.13074],[-114.69297,36.13126],[-114.69332,36.13203],[-114.69469,36.13135],[-114.69571,36.13275],[-114.69452,36.13358],[-114.69538,36.13429],[-114.69615,36.13413],[-114.69705,36.13607],[-114.69536,36.13718],[-114.69558,36.13829],[-114.69641,36.13747],[-114.69759,36.13801],[-114.69812,36.13926],[-114.69984,36.13901],[-114.70017,36.14023],[-114.70121,36.14019],[-114.70077,36.14079],[-114.70156,36.14073],[-114.70137,36.14162],[-114.70224,36.14191],[-114.70259,36.14126],[-114.70396,36.14103],[-114.70499,36.13885],[-114.70568,36.13861],[-114.70586,36.13912],[-114.70685,36.13912],[-114.70919,36.14079],[-114.7122,36.14453],[-114.71289,36.14452],[-114.71391,36.14217],[-114.71323,36.13998],[-114.71563,36.1405],[-114.71667,36.13995],[-114.71054,36.13607],[-114.70945,36.13447],[-114.70877,36.13492],[-114.70808,36.13473],[-114.70852,36.13413],[-114.70774,36.1338],[-114.70739,36.1326],[-114.70568,36.13388],[-114.70327,36.13263],[-114.70226,36.13136],[-114.70207,36.12859],[-114.70291,36.12748],[-114.70327,36.12729],[-114.70499,36.12838],[-114.70636,36.12862],[-114.70744,36.12748],[-114.70703,36.1272],[-114.70759,36.12581],[-114.70693,36.12443],[-114.70793,36.12359],[-114.7078,36.12221],[-114.70911,36.12155],[-114.7098,36.12231],[-114.71048,36.12213],[-114.71117,36.12262],[-114.71242,36.12138],[-114.71165,36.12304],[-114.7122,36.1235],[-114.712,36.12443],[-114.71244,36.12498],[-114.71185,36.12581],[-114.7122,36.12609],[-114.71277,36.12581],[-114.71357,36.12396],[-114.71402,36.12526],[-114.71392,36.12721],[-114.71598,36.12682],[-114.71666,36.12766],[-114.71735,36.12703],[-114.71907,36.12776],[-114.71757,36.1247],[-114.71941,36.12574],[-114.7201,36.12354],[-114.72113,36.12384],[-114.72357,36.12581],[-114.72319,36.1276],[-114.72422,36.12733],[-114.72593,36.12795],[-114.72644,36.12692],[-114.72532,36.12637],[-114.72588,36.12581],[-114.72506,36.1247],[-114.72548,36.12415],[-114.72412,36.12304],[-114.72503,36.12221],[-114.72251,36.12138],[-114.7229,36.12082],[-114.72181,36.1205],[-114.72139,36.11943],[-114.72216,36.11913],[-114.72319,36.11958],[-114.72387,36.11873],[-114.72523,36.12082],[-114.72662,36.12166],[-114.72699,36.12138],[-114.72674,36.12082],[-114.72765,36.11999],[-114.72868,36.12007],[-114.73005,36.12256],[-114.73068,36.1186],[-114.73199,36.11916],[-114.73221,36.11666],[-114.73349,36.11624],[-114.73373,36.11805],[-114.73469,36.11832],[-114.73185,36.11971],[-114.73199,36.1211],[-114.73246,36.12176],[-114.73314,36.12051],[-114.73623,36.12067],[-114.73519,36.12138],[-114.7366,36.12248],[-114.73538,36.12359],[-114.73571,36.12526],[-114.73623,36.12553],[-114.73829,36.12309],[-114.73903,36.12332],[-114.7397,36.12387],[-114.73884,36.1247],[-114.7391,36.12554],[-114.73874,36.12637],[-114.74106,36.12637],[-114.74124,36.1272],[-114.74252,36.12831],[-114.74218,36.12969],[-114.74276,36.1299],[-114.74344,36.12943],[-114.74451,36.12997],[-114.74379,36.13039],[-114.74376,36.13136],[-114.74482,36.13184],[-114.74452,36.13053],[-114.7455,36.12995],[-114.74791,36.13162],[-114.74727,36.12997],[-114.74482,36.12898],[-114.74396,36.12803],[-114.74387,36.12692],[-114.74538,36.12609],[-114.74337,36.12359],[-114.74497,36.12359],[-114.7452,36.1247],[-114.74859,36.12634],[-114.74962,36.12789],[-114.74824,36.12498],[-114.75065,36.12568],[-114.75127,36.1247],[-114.75144,36.12276],[-114.74997,36.12156],[-114.74852,36.1211],[-114.75065,36.12091],[-114.75224,36.11971],[-114.75168,36.11915],[-114.74945,36.11888],[-114.75124,36.1186],[-114.74957,36.11777],[-114.75039,36.11722],[-114.74921,36.11638],[-114.74962,36.11595],[-114.75031,36.11643],[-114.75203,36.11629],[-114.75257,36.11583],[-114.75203,36.11481],[-114.74981,36.11361],[-114.74988,36.11278],[-114.75065,36.11221],[-114.7513,36.11361],[-114.75271,36.11455],[-114.7534,36.1146],[-114.75409,36.11408],[-114.75546,36.11494],[-114.75606,36.11472],[-114.75624,36.11361],[-114.75718,36.11318],[-114.7603,36.11333],[-114.76027,36.11222],[-114.76095,36.11173],[-114.76267,36.11145],[-114.76324,36.10973],[-114.76713,36.10505],[-114.76719,36.10362],[-114.76641,36.10307],[-114.76632,36.10224],[-114.76816,36.1027],[-114.7694,36.10224],[-114.76888,36.10113],[-114.76705,36.10002],[-114.76758,36.09835],[-114.76816,36.09806],[-114.76818,36.09863],[-114.76924,36.09946],[-114.76929,36.10085],[-114.77022,36.10119],[-114.77434,36.09843],[-114.77606,36.0982],[-114.77657,36.09586],[-114.77799,36.09447],[-114.77654,36.09253],[-114.77674,36.09192],[-114.77846,36.09337],[-114.7793,36.09475],[-114.77948,36.09697],[-114.77885,36.09974],[-114.78009,36.10085],[-114.77915,36.10141],[-114.77912,36.10196],[-114.77986,36.10335],[-114.78346,36.1064],[-114.78289,36.10751],[-114.78164,36.10779],[-114.77915,36.10946],[-114.77743,36.10968],[-114.7774,36.11084],[-114.77915,36.1126],[-114.78389,36.11416],[-114.78498,36.11658],[-114.7872,36.11611],[-114.78775,36.11416],[-114.79048,36.11052],[-114.79108,36.11084],[-114.79138,36.11306],[-114.7923,36.11333],[-114.79288,36.11421],[-114.79528,36.11481],[-114.79597,36.11534],[-114.79872,36.11558],[-114.80014,36.115],[-114.80249,36.11331],[-114.80318,36.11171],[-114.80464,36.11222],[-114.80661,36.11525],[-114.80936,36.11486],[-114.81176,36.11557],[-114.81268,36.11333],[-114.81211,36.11139],[-114.81108,36.11033],[-114.8097,36.11006],[-114.80885,36.10668],[-114.80599,36.10501],[-114.80555,36.10446],[-114.80593,36.10427],[-114.80936,36.10631],[-114.81176,36.10697],[-114.81245,36.10798],[-114.81314,36.1074],[-114.81417,36.10729],[-114.8142,36.10695],[-114.81554,36.10692],[-114.8176,36.10874],[-114.81892,36.11167],[-114.81843,36.11306],[-114.81932,36.11332],[-114.8198,36.1125],[-114.82035,36.11238],[-114.82172,36.11396],[-114.8261,36.11555],[-114.82731,36.11638],[-114.82756,36.11699],[-114.82447,36.11847],[-114.82281,36.12082],[-114.82273,36.12193],[-114.82344,36.12224],[-114.82447,36.12174],[-114.82481,36.12339],[-114.8255,36.12327],[-114.82614,36.12248],[-114.82584,36.1212],[-114.82768,36.12082],[-114.82996,36.11872],[-114.83065,36.11896],[-114.83065,36.11827],[-114.83168,36.11843],[-114.83191,36.11888],[-114.83146,36.11916],[-114.83271,36.11952],[-114.83362,36.11943],[-114.83339,36.1186],[-114.83545,36.11907],[-114.83631,36.11943],[-114.83648,36.12022],[-114.83683,36.11997],[-114.83751,36.12039],[-114.83773,36.11971],[-114.83889,36.11913],[-114.83923,36.11979],[-114.84089,36.12027],[-114.84056,36.12082],[-114.84095,36.12109],[-114.84224,36.12054],[-114.84232,36.11985],[-114.84541,36.11927],[-114.84693,36.11749],[-114.84709,36.11583],[-114.84369,36.11627],[-114.84232,36.1159],[-114.84163,36.11657],[-114.84095,36.11616],[-114.83957,36.11695],[-114.83834,36.11638],[-114.83854,36.11568],[-114.83786,36.11578],[-114.83717,36.11509],[-114.83614,36.11495],[-114.83543,36.11527],[-114.83607,36.11389],[-114.83511,36.1131],[-114.83408,36.11325],[-114.83168,36.11486],[-114.83099,36.11488],[-114.83042,36.11472],[-114.8303,36.11411],[-114.82927,36.11432],[-114.82756,36.11337],[-114.82919,36.1125],[-114.82883,36.11167],[-114.8279,36.11173],[-114.82618,36.11265],[-114.82481,36.1125],[-114.82579,36.11056],[-114.8255,36.11041],[-114.82378,36.11152],[-114.82309,36.11148],[-114.82345,36.11084],[-114.82291,36.11028],[-114.82344,36.11022],[-114.82396,36.10917],[-114.82344,36.10845],[-114.82206,36.10883],[-114.82103,36.1085],[-114.82052,36.10751],[-114.82135,36.10695],[-114.82048,36.10668],[-114.82122,36.10557],[-114.82022,36.10473],[-114.82344,36.10449],[-114.8245,36.10307],[-114.82241,36.10189],[-114.82173,36.10085],[-114.82035,36.10033],[-114.81931,36.10085],[-114.81819,36.10279],[-114.8176,36.10188],[-114.81604,36.10196],[-114.81899,36.09863],[-114.81829,36.09863],[-114.81588,36.10001],[-114.81409,36.09891],[-114.81403,36.09808],[-114.8152,36.09677],[-114.81829,36.09604],[-114.81865,36.0953],[-114.81829,36.09461],[-114.81719,36.09419],[-114.81632,36.09253],[-114.81417,36.09044],[-114.81196,36.09031],[-114.81255,36.09142],[-114.80833,36.09328],[-114.80764,36.09304],[-114.80761,36.09253],[-114.80992,36.09142],[-114.80902,36.09065],[-114.80524,36.09103],[-114.80281,36.09003],[-114.80455,36.08942],[-114.80491,36.08892],[-114.80421,36.08844],[-114.80302,36.08837],[-114.80403,36.08642],[-114.80284,36.08587],[-114.80181,36.08346],[-114.80043,36.08331],[-114.79906,36.08244],[-114.79597,36.08371],[-114.79528,36.08242],[-114.7946,36.08213],[-114.79263,36.08226],[-114.79116,36.08354],[-114.78683,36.08254],[-114.7867,36.0817],[-114.78876,36.08041],[-114.78979,36.08023],[-114.79169,36.07866],[-114.79159,36.07699],[-114.79258,36.0756],[-114.79218,36.07394],[-114.79397,36.07283],[-114.79425,36.07211],[-114.79547,36.07172],[-114.79743,36.06534],[-114.79737,36.06423],[-114.79841,36.06284],[-114.79925,36.05812],[-114.79863,36.05507],[-114.80006,36.05257],[-114.79625,36.04813],[-114.79357,36.04585],[-114.79082,36.04467],[-114.78327,36.04017],[-114.77812,36.03623],[-114.77564,36.03286],[-114.77543,36.03175],[-114.7742,36.03119],[-114.77224,36.0262],[-114.77125,36.02507],[-114.76679,36.02419],[-114.76576,36.02324],[-114.76439,36.02302],[-114.76301,36.02207],[-114.75683,36.02218],[-114.75374,36.02414],[-114.74933,36.02536],[-114.74614,36.02703],[-114.74422,36.02925],[-114.74404,36.03119],[-114.74291,36.03341],[-114.7416,36.03536],[-114.7407,36.03573],[-114.73692,36.03566],[-114.7352,36.03454],[-114.73349,36.03428],[-114.72937,36.03138],[-114.72456,36.02922],[-114.72436,36.02869],[-114.72485,36.02814],[-114.72668,36.02731],[-114.72902,36.02539],[-114.73005,36.02531],[-114.72968,36.02286],[-114.7304,36.02223],[-114.73211,36.02205],[-114.73309,36.02147],[-114.73334,36.02036],[-114.73775,36.01731],[-114.73589,36.01559],[-114.73486,36.01574],[-114.73244,36.01731],[-114.73074,36.01907],[-114.72971,36.0192],[-114.72766,36.01842],[-114.72821,36.01953],[-114.72765,36.02022],[-114.72642,36.02064],[-114.7259,36.02314],[-114.72422,36.02458],[-114.72387,36.02424],[-114.7225,36.02616],[-114.7201,36.02771],[-114.71917,36.0323],[-114.7203,36.03508],[-114.71907,36.03556],[-114.71392,36.03565],[-114.71151,36.03506],[-114.71185,36.03591],[-114.71067,36.03675],[-114.71089,36.0373],[-114.7122,36.03793],[-114.71731,36.03897],[-114.71666,36.03931],[-114.71598,36.03908],[-114.7149,36.0398],[-114.71634,36.04008],[-114.71712,36.04091],[-114.71701,36.04192],[-114.71902,36.04174],[-114.71828,36.0423],[-114.71932,36.04258],[-114.71941,36.04327],[-114.72216,36.04102],[-114.72328,36.04119],[-114.72394,36.04258],[-114.72217,36.04452],[-114.7225,36.04498],[-114.72319,36.04473],[-114.72407,36.04507],[-114.72441,36.04563],[-114.72443,36.04729],[-114.72333,36.04785],[-114.72526,36.04841],[-114.72431,36.04896],[-114.72397,36.04979],[-114.72422,36.05014],[-114.72527,36.05007],[-114.72559,36.05082],[-114.72726,36.0509],[-114.727,36.05174],[-114.72871,36.05285],[-114.72834,36.05334],[-114.72628,36.05375],[-114.72504,36.05451],[-114.72662,36.05491],[-114.72731,36.05561],[-114.72902,36.05548],[-114.72902,36.05666],[-114.72819,36.05729],[-114.72902,36.05766],[-114.7304,36.05689],[-114.73074,36.0547],[-114.73134,36.05479],[-114.73217,36.05645],[-114.73192,36.05784],[-114.73074,36.05856],[-114.73005,36.06088],[-114.72834,36.05994],[-114.72422,36.06083],[-114.72337,36.06145],[-114.7255,36.06228],[-114.7245,36.06312],[-114.72548,36.06478],[-114.72696,36.0644],[-114.72731,36.06462],[-114.72625,36.06589],[-114.72713,36.06617],[-114.7265,36.06672],[-114.72809,36.06839],[-114.72654,36.06867],[-114.72678,36.0695],[-114.72593,36.07],[-114.72586,36.07116],[-114.72696,36.07114],[-114.728,36.07172],[-114.72903,36.07311],[-114.725,36.07394],[-114.72539,36.07505],[-114.72612,36.0756],[-114.72446,36.07616],[-114.72527,36.07755],[-114.72478,36.07782],[-114.72497,36.07949],[-114.72396,36.08143],[-114.72305,36.08199],[-114.7225,36.0831],[-114.7201,36.08461],[-114.71927,36.08476],[-114.71701,36.08412],[-114.71657,36.08476],[-114.71701,36.08566],[-114.71529,36.08632],[-114.71323,36.08653],[-114.71271,36.08698],[-114.71285,36.08781],[-114.71117,36.08791],[-114.71035,36.08892],[-114.70842,36.08914],[-114.70671,36.08992],[-114.70533,36.08985],[-114.70465,36.0908],[-114.70327,36.0911],[-114.70087,36.09021],[-114.70087,36.09184],[-114.6995,36.09171],[-114.69812,36.09274],[-114.69606,36.09333],[-114.69469,36.09533],[-114.69332,36.09611],[-114.69229,36.09595],[-114.69194,36.09643],[-114.69057,36.09604],[-114.68954,36.09724],[-114.68822,36.09503],[-114.68782,36.09325],[-114.68695,36.09558],[-114.68611,36.09652],[-114.68508,36.09597],[-114.6839,36.09641],[-114.6837,36.09736],[-114.68233,36.09708],[-114.68098,36.09808],[-114.68134,36.09974],[-114.68061,36.10066],[-114.67958,36.10009],[-114.67787,36.10019],[-114.67762,36.10168],[-114.67581,36.10313],[-114.67498,36.10501],[-114.67314,36.10557],[-114.67303,36.10779],[-114.67134,36.10879],[-114.67008,36.11056],[-114.6686,36.11164],[-114.66757,36.11153],[-114.66715,36.11278],[-114.66594,36.11333],[-114.66551,36.11449],[-114.66345,36.11485],[-114.66276,36.11579],[-114.66016,36.11611],[-114.66072,36.11777],[-114.65967,36.11831],[-114.65899,36.11794],[-114.6583,36.11645],[-114.65761,36.11677],[-114.65624,36.11506],[-114.6559,36.11506],[-114.65555,36.11621],[-114.65389,36.11444],[-114.65349,36.11255],[-114.6515,36.11666],[-114.65227,36.11777],[-114.65143,36.11846],[-114.64863,36.11916],[-114.65017,36.12082],[-114.64939,36.12138],[-114.65158,36.12359],[-114.64979,36.12526],[-114.64972,36.12583],[-114.64792,36.12637],[-114.64993,36.12748],[-114.64834,36.1287],[-114.64671,36.12886],[-114.64354,36.13174],[-114.64282,36.13164],[-114.64182,36.13064],[-114.6409,36.13191],[-114.6401,36.13202],[-114.63667,36.13107],[-114.63633,36.13022],[-114.6353,36.12996],[-114.6352,36.13164],[-114.63578,36.13358],[-114.63392,36.13468],[-114.63322,36.13635],[-114.63289,36.13652],[-114.63221,36.13597],[-114.63049,36.1385],[-114.6298,36.1368],[-114.62877,36.13778],[-114.6274,36.13733],[-114.62642,36.1358],[-114.62603,36.13333],[-114.62439,36.13275],[-114.62431,36.1307],[-114.62397,36.13052],[-114.62294,36.13147],[-114.62133,36.13025],[-114.62051,36.12886],[-114.62088,36.12666],[-114.61901,36.12914],[-114.61744,36.12883],[-114.6171,36.12754],[-114.61517,36.12886],[-114.61298,36.12927],[-114.61221,36.12859],[-114.61368,36.12664],[-114.61298,36.12545],[-114.61264,36.12688],[-114.61126,36.12689],[-114.61058,36.12751],[-114.60955,36.12685],[-114.60887,36.1272],[-114.6092,36.12922],[-114.60817,36.12964],[-114.60791,36.12886],[-114.60692,36.12831],[-114.60699,36.12886],[-114.60646,36.12895],[-114.60606,36.12969],[-114.60628,36.13053],[-114.60254,36.13136],[-114.60199,36.13202],[-114.59993,36.12896],[-114.59925,36.12975],[-114.59787,36.12982],[-114.5975,36.12942],[-114.59773,36.12997],[-114.59925,36.13005],[-114.60008,36.13136],[-114.59941,36.13219],[-114.59998,36.13275],[-114.59993,36.13343],[-114.5989,36.1332],[-114.59767,36.13524],[-114.59684,36.13579],[-114.59442,36.1358],[-114.59522,36.1369],[-114.595,36.13774],[-114.5928,36.13995],[-114.59204,36.14013],[-114.59066,36.13919],[-114.58963,36.13936],[-114.58792,36.13877],[-114.5892,36.14106],[-114.58647,36.14384],[-114.58448,36.14362],[-114.58184,36.1394],[-114.58097,36.13912],[-114.58124,36.13995],[-114.58056,36.14079],[-114.58206,36.143],[-114.58174,36.14348],[-114.58002,36.14458],[-114.57933,36.14408],[-114.57841,36.14633],[-114.57613,36.14716],[-114.57533,36.14827],[-114.57365,36.14938],[-114.57212,36.15003],[-114.57215,36.14883],[-114.57178,36.14883],[-114.57006,36.15082],[-114.56182,36.15044],[-114.55873,36.15159],[-114.55702,36.15121],[-114.55667,36.15034],[-114.55496,36.1516],[-114.55422,36.15132],[-114.55359,36.15017],[-114.55153,36.14987],[-114.54981,36.14875],[-114.54889,36.14938],[-114.54844,36.14839],[-114.54638,36.1481],[-114.54397,36.14532],[-114.54319,36.1455],[-114.5426,36.14632],[-114.54157,36.1444],[-114.53959,36.1455],[-114.53985,36.14702],[-114.53867,36.14605],[-114.53848,36.14522],[-114.53676,36.14577],[-114.5366,36.14744],[-114.53539,36.14745],[-114.5347,36.14708],[-114.5347,36.14605],[-114.53243,36.143],[-114.5304,36.14162],[-114.53089,36.14051],[-114.52971,36.1394],[-114.52853,36.13912],[-114.52866,36.13857],[-114.52803,36.13829],[-114.52855,36.13774],[-114.52814,36.1369],[-114.52715,36.1361],[-114.52612,36.13666],[-114.52543,36.1359],[-114.52332,36.1358],[-114.52311,36.13524],[-114.52509,36.13527],[-114.52662,36.13441],[-114.52608,36.13302],[-114.5267,36.13219],[-114.52578,36.13145],[-114.52475,36.13137],[-114.52479,36.12997],[-114.52349,36.12886],[-114.52411,36.12748],[-114.52327,36.12692],[-114.52411,36.12609],[-114.52372,36.12504],[-114.52097,36.12611],[-114.52121,36.12526],[-114.52269,36.12491],[-114.52301,36.12443],[-114.52234,36.12408],[-114.51925,36.12445],[-114.5196,36.12402],[-114.52303,36.12373],[-114.5238,36.12221],[-114.52313,36.11971],[-114.52234,36.11914],[-114.52086,36.11888],[-114.52028,36.11818],[-114.51908,36.1186],[-114.52065,36.11666],[-114.51822,36.11673],[-114.51754,36.11603],[-114.51685,36.11641],[-114.51616,36.11475],[-114.51558,36.11583],[-114.51607,36.11694],[-114.51548,36.11736],[-114.5141,36.11738],[-114.5122,36.11638],[-114.51322,36.11555],[-114.51248,36.11416],[-114.51136,36.1139],[-114.51067,36.11454],[-114.50998,36.11361],[-114.51083,36.11333],[-114.51099,36.11306],[-114.51037,36.11278],[-114.51067,36.11253],[-114.51204,36.11259],[-114.51281,36.11111],[-114.51239,36.11064],[-114.50942,36.10973],[-114.50976,36.10917],[-114.50943,36.10862],[-114.51025,36.10751],[-114.50964,36.10681],[-114.50881,36.10723],[-114.50827,36.10826],[-114.5081,36.10723],[-114.50724,36.10704],[-114.50569,36.10973],[-114.50586,36.11028],[-114.50518,36.11092],[-114.5038,36.11141],[-114.50277,36.11097],[-114.50366,36.10973],[-114.5037,36.10889],[-114.5004,36.10557],[-114.50074,36.1039],[-114.49968,36.10312],[-114.49694,36.10281],[-114.49385,36.1038],[-114.49341,36.10335],[-114.4938,36.10224],[-114.49327,36.10057],[-114.48904,36.09752],[-114.48698,36.09708],[-114.47393,36.09814],[-114.47237,36.09919],[-114.47125,36.10224],[-114.47119,36.10439],[-114.46947,36.10429],[-114.46913,36.10383],[-114.46775,36.10356],[-114.46672,36.1037],[-114.46638,36.10336],[-114.46501,36.10483],[-114.46432,36.10485],[-114.46363,36.10548],[-114.46089,36.10346],[-114.4597,36.10473],[-114.46044,36.1064],[-114.45951,36.10725],[-114.4578,36.10791],[-114.4578,36.10863],[-114.45677,36.10842],[-114.45642,36.10918],[-114.45574,36.10908],[-114.45505,36.10983],[-114.45368,36.10973],[-114.45402,36.11095],[-114.45333,36.10993],[-114.45196,36.10988],[-114.4513,36.10751],[-114.45142,36.10224],[-114.45073,36.10113],[-114.45006,36.09724],[-114.45155,36.0953],[-114.45349,36.09419],[-114.45428,36.09225],[-114.45456,36.0892],[-114.45622,36.08615],[-114.45797,36.08448],[-114.45677,36.08382],[-114.45668,36.08337],[-114.45745,36.08277],[-114.45917,36.08301],[-114.45951,36.08177],[-114.45875,36.0806],[-114.4586,36.07866],[-114.4594,36.07755],[-114.45926,36.07644],[-114.46078,36.07477],[-114.46075,36.07394],[-114.46236,36.07033],[-114.46107,36.06728],[-114.46147,36.06645],[-114.46073,36.06534],[-114.45814,36.06461],[-114.45608,36.06544],[-114.45489,36.06756],[-114.45312,36.06867],[-114.45307,36.06978],[-114.45214,36.07061],[-114.44975,36.07144],[-114.44992,36.07449],[-114.45073,36.07505],[-114.45059,36.07554],[-114.44887,36.07591],[-114.44872,36.07477],[-114.44818,36.07447],[-114.44671,36.07644],[-114.44539,36.07977],[-114.44418,36.08088],[-114.44249,36.07977],[-114.44269,36.07886],[-114.44201,36.07927],[-114.44281,36.08115],[-114.44163,36.08254],[-114.4405,36.08559],[-114.43818,36.08504],[-114.43979,36.08642],[-114.43926,36.08796],[-114.43841,36.08753],[-114.43789,36.0861],[-114.43768,36.08698],[-114.43823,36.08861],[-114.43995,36.08826],[-114.44036,36.0892],[-114.4396,36.08973],[-114.43863,36.08975],[-114.43852,36.09114],[-114.43694,36.09253],[-114.43704,36.09364],[-114.43437,36.09419],[-114.43514,36.0943],[-114.43548,36.09488],[-114.43686,36.09413],[-114.43809,36.09447],[-114.4379,36.09641],[-114.43724,36.09669],[-114.4373,36.09724],[-114.43829,36.0978],[-114.43765,36.09808],[-114.43789,36.09974],[-114.43713,36.10085],[-114.44023,36.10362],[-114.43944,36.10446],[-114.43978,36.10529],[-114.43867,36.10612],[-114.43951,36.10751],[-114.43926,36.10792],[-114.43823,36.10797],[-114.43754,36.10865],[-114.43548,36.10802],[-114.43445,36.10715],[-114.43379,36.10751],[-114.43405,36.10834],[-114.43516,36.10917],[-114.43502,36.10973],[-114.43651,36.11104],[-114.43892,36.11022],[-114.4373,36.11167],[-114.43754,36.11198],[-114.43878,36.11195],[-114.4399,36.11278],[-114.43981,36.11333],[-114.43888,36.11333],[-114.43892,36.11454],[-114.43754,36.11503],[-114.43686,36.1148],[-114.43643,36.11527],[-114.43651,36.11576],[-114.43892,36.11588],[-114.43929,36.11666],[-114.4379,36.11694],[-114.43789,36.11782],[-114.43671,36.1186],[-114.43686,36.11923],[-114.43617,36.11946],[-114.4348,36.11911],[-114.43414,36.11832],[-114.43519,36.11722],[-114.43308,36.11709],[-114.43239,36.11516],[-114.43138,36.11638],[-114.43224,36.11832],[-114.43136,36.11796],[-114.42965,36.11835],[-114.43057,36.11722],[-114.42977,36.11583],[-114.4304,36.11527],[-114.43058,36.11416],[-114.43313,36.11361],[-114.43256,36.11222],[-114.43205,36.11174],[-114.43136,36.11184],[-114.43102,36.11291],[-114.43033,36.11245],[-114.4293,36.11297],[-114.42724,36.1125],[-114.42719,36.11167],[-114.42783,36.11084],[-114.42759,36.11056],[-114.42656,36.11091],[-114.42638,36.11056],[-114.42702,36.10889],[-114.42587,36.10932],[-114.42473,36.10862],[-114.42415,36.10686],[-114.42347,36.10801],[-114.42243,36.10695],[-114.4195,36.10557],[-114.41884,36.10362],[-114.41788,36.10307],[-114.41695,36.10085],[-114.41523,36.10021],[-114.41686,36.10141],[-114.41743,36.10307],[-114.41848,36.10418],[-114.41785,36.10473],[-114.41956,36.1064],[-114.41957,36.10695],[-114.42209,36.10821],[-114.42175,36.10903],[-114.42459,36.10973],[-114.4245,36.11148],[-114.42278,36.11102],[-114.42226,36.11139],[-114.42278,36.1125],[-114.42381,36.11232],[-114.42502,36.11278],[-114.42406,36.11389],[-114.42567,36.11416],[-114.42555,36.11555],[-114.42706,36.11527],[-114.4268,36.11611],[-114.42724,36.11667],[-114.42587,36.11655],[-114.42547,36.11722],[-114.42665,36.11777],[-114.42595,36.11832],[-114.42752,36.11888],[-114.42647,36.11943],[-114.42752,36.12027],[-114.42621,36.12089],[-114.42553,36.1207],[-114.42576,36.12027],[-114.42484,36.11924],[-114.42381,36.12019],[-114.42312,36.11914],[-114.42244,36.12004],[-114.42175,36.11882],[-114.421,36.11888],[-114.42038,36.11732],[-114.41992,36.11832],[-114.42045,36.11999],[-114.41967,36.12027],[-114.41989,36.12082],[-114.41926,36.12082],[-114.41797,36.11935],[-114.41763,36.1205],[-114.41694,36.11985],[-114.41591,36.1205],[-114.41498,36.11971],[-114.41577,36.11916],[-114.41611,36.11805],[-114.41417,36.1186],[-114.41417,36.11722],[-114.41345,36.11694],[-114.41343,36.11611],[-114.41182,36.11389],[-114.41123,36.11222],[-114.4087,36.11147],[-114.40664,36.11035],[-114.40635,36.11084],[-114.40711,36.11139],[-114.40735,36.11306],[-114.40593,36.11306],[-114.40706,36.11416],[-114.40741,36.11666],[-114.40596,36.11866],[-114.40527,36.11826],[-114.40453,36.1186],[-114.4039,36.12065],[-114.40321,36.12016],[-114.40266,36.12082],[-114.40218,36.12068],[-114.4019,36.12193],[-114.40115,36.12059],[-114.40012,36.1211],[-114.39978,36.12228],[-114.39943,36.12175],[-114.3984,36.12166],[-114.39854,36.12304],[-114.396,36.12289],[-114.396,36.12437],[-114.39463,36.12435],[-114.39051,36.12597],[-114.38845,36.1253],[-114.38782,36.12609],[-114.38821,36.1272],[-114.38742,36.12786],[-114.38433,36.12747],[-114.38399,36.12775],[-114.3857,36.13191],[-114.38501,36.13282],[-114.38261,36.13378],[-114.38158,36.13305],[-114.38055,36.13388],[-114.37609,36.13244],[-114.37506,36.13262],[-114.37437,36.13182],[-114.37265,36.13159],[-114.37273,36.13053],[-114.37231,36.13007],[-114.37167,36.1308],[-114.36922,36.13066],[-114.36969,36.12914],[-114.36819,36.12883],[-114.36834,36.12748],[-114.36613,36.12808],[-114.36716,36.12747],[-114.36726,36.12692],[-114.3651,36.12442],[-114.36441,36.1228],[-114.36336,36.12359],[-114.36304,36.12038],[-114.36201,36.11986],[-114.36064,36.12203],[-114.36017,36.1211],[-114.35927,36.12054],[-114.35892,36.11927],[-114.35755,36.11844],[-114.35771,36.11805],[-114.35943,36.11749],[-114.36029,36.11632],[-114.36217,36.11611],[-114.36151,36.11416],[-114.36298,36.10917],[-114.36132,36.10973],[-114.36054,36.10945],[-114.35954,36.11306],[-114.35823,36.11429],[-114.35692,36.11389],[-114.3548,36.11144],[-114.3544,36.11195],[-114.35486,36.11278],[-114.35356,36.11361],[-114.35325,36.11444],[-114.35368,36.11527],[-114.34931,36.11561],[-114.34862,36.11636],[-114.34725,36.11654],[-114.34634,36.11583],[-114.34696,36.11306],[-114.34519,36.11412],[-114.34267,36.11111],[-114.34032,36.10945],[-114.33969,36.10872],[-114.33978,36.10806],[-114.33883,36.10751],[-114.33826,36.1064],[-114.3398,36.1064],[-114.33772,36.10529],[-114.33764,36.10371],[-114.33626,36.10483],[-114.33422,36.10362],[-114.3342,36.10291],[-114.33571,36.10168],[-114.33352,36.10151],[-114.33464,36.10057],[-114.33385,36.09974],[-114.33283,36.09979],[-114.33181,36.09919],[-114.33269,36.09835],[-114.33161,36.0978],[-114.33171,36.09724],[-114.33249,36.09685],[-114.33386,36.09725],[-114.33592,36.09646],[-114.33695,36.09701],[-114.34141,36.09599],[-114.34132,36.09558],[-114.33913,36.09503],[-114.33891,36.09447],[-114.33988,36.09308],[-114.34124,36.09225],[-114.34141,36.09151],[-114.34038,36.09198],[-114.33867,36.0917],[-114.33798,36.09306],[-114.33626,36.0933],[-114.33514,36.09253],[-114.3356,36.09142],[-114.33352,36.09095],[-114.33282,36.09031],[-114.33291,36.08948],[-114.33214,36.08937],[-114.33146,36.09049],[-114.33018,36.09086],[-114.33056,36.09197],[-114.32917,36.09253],[-114.32956,36.09503],[-114.32793,36.09752],[-114.32734,36.09758],[-114.32799,36.09586],[-114.32596,36.09617],[-114.32504,36.0953],[-114.32523,36.09392],[-114.32622,36.09308],[-114.3242,36.0917],[-114.32562,36.09075],[-114.32661,36.09059],[-114.32665,36.08996],[-114.32782,36.09031],[-114.32839,36.08975],[-114.32828,36.0892],[-114.32631,36.08871],[-114.32493,36.09004],[-114.32459,36.08936],[-114.32322,36.08902],[-114.32287,36.08934],[-114.3224,36.08837],[-114.32105,36.08726],[-114.32013,36.08447],[-114.32253,36.08491],[-114.32322,36.08459],[-114.3234,36.08393],[-114.32314,36.0831],[-114.321,36.08226],[-114.32253,36.08163],[-114.32322,36.08215],[-114.32459,36.08236],[-114.32493,36.08136],[-114.32571,36.08088],[-114.32528,36.08018],[-114.32399,36.08032],[-114.32437,36.07977],[-114.32388,36.07921],[-114.32442,36.07866],[-114.32311,36.0781],[-114.32488,36.07699],[-114.32459,36.07642],[-114.32699,36.07685],[-114.32671,36.07588],[-114.32837,36.07504],[-114.33043,36.07571],[-114.33146,36.07663],[-114.33154,36.07533],[-114.32988,36.07366],[-114.33077,36.07343],[-114.33283,36.07428],[-114.33317,36.07218],[-114.33429,36.072],[-114.33695,36.07285],[-114.33729,36.07396],[-114.33981,36.07338],[-114.33797,36.07144],[-114.33859,36.07089],[-114.33798,36.06871],[-114.33759,36.0695],[-114.33661,36.06973],[-114.33626,36.06921],[-114.33558,36.06959],[-114.33489,36.06903],[-114.33281,36.06894],[-114.33283,36.068],[-114.33146,36.06827],[-114.32974,36.06783],[-114.33126,36.06645],[-114.33078,36.06589],[-114.33111,36.06537],[-114.33249,36.06461],[-114.33555,36.06506],[-114.33523,36.06428],[-114.33423,36.06395],[-114.33455,36.06347],[-114.33626,36.0635],[-114.33558,36.06215],[-114.33489,36.06245],[-114.3342,36.06177],[-114.33352,36.06314],[-114.33043,36.06343],[-114.33236,36.06201],[-114.33214,36.06164],[-114.33077,36.06155],[-114.32974,36.0624],[-114.32734,36.06297],[-114.32562,36.06423],[-114.32432,36.0645],[-114.32501,36.06339],[-114.32706,36.06256],[-114.32673,36.06201],[-114.32834,36.06173],[-114.3289,36.05979],[-114.33037,36.05895],[-114.3294,36.05843],[-114.32768,36.05868],[-114.32639,36.0584],[-114.32598,36.05756],[-114.32637,36.05701],[-114.32565,36.05645],[-114.32688,36.0559],[-114.32617,36.05534],[-114.32768,36.05535],[-114.3294,36.05656],[-114.33069,36.0559],[-114.33077,36.05502],[-114.33352,36.05553],[-114.33303,36.0534],[-114.3336,36.05201],[-114.33369,36.05035],[-114.33316,36.04979],[-114.33349,36.04924],[-114.33489,36.04841],[-114.33558,36.04858],[-114.336,36.04813],[-114.33764,36.04786],[-114.33867,36.04859],[-114.33969,36.04846],[-114.33924,36.04785],[-114.34072,36.0469],[-114.34195,36.04674],[-114.34107,36.04613],[-114.33969,36.04686],[-114.33832,36.04687],[-114.33751,36.04618],[-114.33621,36.04618],[-114.33592,36.04502],[-114.33523,36.04637],[-114.33386,36.04692],[-114.33283,36.0467],[-114.33091,36.04535],[-114.33111,36.04479],[-114.32974,36.04482],[-114.32974,36.0434],[-114.32728,36.0448],[-114.32771,36.04535],[-114.32734,36.04735],[-114.32651,36.04674],[-114.32683,36.0448],[-114.32596,36.04408],[-114.32528,36.04408],[-114.32514,36.0448],[-114.32272,36.04563],[-114.32247,36.04646],[-114.32131,36.04702],[-114.32081,36.04615],[-114.31978,36.04603],[-114.31944,36.04677],[-114.31875,36.04655],[-114.31786,36.04729],[-114.31772,36.0486],[-114.31669,36.04873],[-114.31648,36.04924],[-114.31532,36.04862],[-114.31463,36.0494],[-114.31364,36.04952],[-114.3139,36.05007],[-114.31223,36.05042],[-114.31154,36.04935],[-114.30948,36.05035],[-114.30931,36.04979],[-114.30981,36.04924],[-114.30948,36.04792],[-114.30845,36.04822],[-114.30881,36.04757],[-114.3084,36.04729],[-114.30928,36.04646],[-114.30914,36.04573],[-114.31094,36.04563],[-114.31017,36.04467],[-114.31012,36.04369],[-114.31154,36.04369],[-114.3127,36.0423],[-114.31558,36.04091],[-114.31498,36.0402],[-114.31243,36.04119],[-114.31317,36.04035],[-114.31297,36.0398],[-114.31397,36.03897],[-114.3136,36.03857],[-114.31189,36.03886],[-114.31231,36.03786],[-114.31111,36.03786],[-114.31051,36.033],[-114.30925,36.03591],[-114.30935,36.03675],[-114.3083,36.03786],[-114.30781,36.03924],[-114.30617,36.04008],[-114.30536,36.04183],[-114.30483,36.04147],[-114.3047,36.04008],[-114.30365,36.03958],[-114.30159,36.04039],[-114.3009,36.04119],[-114.29918,36.04095],[-114.2985,36.0418],[-114.29781,36.04148],[-114.29747,36.04184],[-114.29678,36.04129],[-114.29438,36.04312],[-114.29384,36.04202],[-114.29237,36.04119],[-114.293,36.03992],[-114.29197,36.04019],[-114.29163,36.03948],[-114.28854,36.04163],[-114.28682,36.04155],[-114.28687,36.04063],[-114.28648,36.04066],[-114.28581,36.04147],[-114.2861,36.04202],[-114.28511,36.04295],[-114.28405,36.04313],[-114.28476,36.04195],[-114.28339,36.0423],[-114.2827,36.04156],[-114.28167,36.0419],[-114.28133,36.0428],[-114.2803,36.04264],[-114.27998,36.04174],[-114.28076,36.04008],[-114.28126,36.03675],[-114.28236,36.03547],[-114.28305,36.03599],[-114.28388,36.03591],[-114.28451,36.03397],[-114.28545,36.03402],[-114.28736,36.03314],[-114.28526,36.03286],[-114.28476,36.03151],[-114.28339,36.03176],[-114.28278,36.03147],[-114.28236,36.0284],[-114.28133,36.02937],[-114.28064,36.02931],[-114.2803,36.03023],[-114.27858,36.03046],[-114.27824,36.02987],[-114.27755,36.02998],[-114.27715,36.02869],[-114.27652,36.02837],[-114.27584,36.02959],[-114.27481,36.02913],[-114.27413,36.02925],[-114.27593,36.02758],[-114.27579,36.02675],[-114.27479,36.0262],[-114.27475,36.02481],[-114.27608,36.02425],[-114.27687,36.02195],[-114.27796,36.02064],[-114.27779,36.02009],[-114.28039,36.01592],[-114.27988,36.01592],[-114.27584,36.02063],[-114.27493,36.01925],[-114.27378,36.01857],[-114.27414,36.01981],[-114.27385,36.02092],[-114.2718,36.02203],[-114.27,36.0241],[-114.26828,36.02438],[-114.26554,36.02248],[-114.26485,36.02279],[-114.26348,36.02186],[-114.26392,36.0212],[-114.26331,36.01981],[-114.2621,36.01914],[-114.26039,36.02028],[-114.26004,36.01966],[-114.25813,36.01981],[-114.25865,36.01814],[-114.25799,36.01675],[-114.25592,36.01699],[-114.25489,36.0154],[-114.25411,36.01537],[-114.2542,36.0137],[-114.25486,36.01314],[-114.25352,36.01322],[-114.2518,36.01472],[-114.25153,36.01453],[-114.2515,36.01398],[-114.253,36.01231],[-114.2529,36.01092],[-114.2518,36.00881],[-114.25123,36.01176],[-114.25043,36.01156],[-114.25011,36.01231],[-114.24874,36.01287],[-114.24803,36.01368],[-114.247,36.01203],[-114.24494,36.01064],[-114.24504,36.00981],[-114.24439,36.00953],[-114.24581,36.00565],[-114.24565,36.00287],[-114.2451,36.00259]]}},{"type":"Feature","properties":{"elevation":1075,"label":"1,075 ft \u00b7 Tier 1"},"geometry":{"type":"LineString","coordinates":[[-114.39772,36.21957],[-114.39943,36.2204],[-114.40021,36.22004],[-114.39978,36.22154],[-114.39769,36.22143],[-114.39772,36.21957]]}},{"type":"Feature","properties":{"elevation":1075,"label":"1,075 ft \u00b7 Tier 1"},"geometry":{"type":"LineString","coordinates":[[-114.4451,36.15305],[-114.4462,36.15354],[-114.44544,36.15448],[-114.44361,36.15382],[-114.4451,36.15305]]}},{"type":"Feature","properties":{"elevation":1075,"label":"1,075 ft \u00b7 Tier 1"},"geometry":{"type":"LineString","coordinates":[[-114.08873,36.14852],[-114.08907,36.14843],[-114.08941,36.14925],[-114.0901,36.14922],[-114.09067,36.14993],[-114.08873,36.14959],[-114.08839,36.1491],[-114.08873,36.14852]]}},{"type":"Feature","properties":{"elevation":1075,"label":"1,075 ft \u00b7 Tier 1"},"geometry":{"type":"LineString","coordinates":[[-114.65693,36.12986],[-114.65747,36.1308],[-114.6573,36.13164],[-114.65487,36.13376],[-114.65487,36.13311],[-114.65693,36.12986]]}},{"type":"Feature","properties":{"elevation":1075,"label":"1,075 ft \u00b7 Tier 1"},"geometry":{"type":"LineString","coordinates":[[-114.70293,36.12281],[-114.70341,36.12387],[-114.70293,36.12518],[-114.70244,36.12498],[-114.70189,36.12359],[-114.70293,36.12281]]}},{"type":"Feature","properties":{"elevation":1075,"label":"1,075 ft \u00b7 Tier 1"},"geometry":{"type":"LineString","coordinates":[[-114.66516,36.11937],[-114.66544,36.11971],[-114.66482,36.12189],[-114.66345,36.12378],[-114.66299,36.12276],[-114.66342,36.12082],[-114.66516,36.11937]]}},{"type":"Feature","properties":{"elevation":1075,"label":"1,075 ft \u00b7 Tier 1"},"geometry":{"type":"LineString","coordinates":[[-114.47462,36.10691],[-114.47531,36.10669],[-114.47702,36.10712],[-114.47876,36.10834],[-114.4793,36.11028],[-114.47878,36.1125],[-114.47771,36.11371],[-114.47511,36.11444],[-114.47477,36.11694],[-114.47554,36.11777],[-114.47352,36.11832],[-114.4729,36.11714],[-114.47256,36.11719],[-114.47187,36.11881],[-114.47084,36.11898],[-114.46981,36.11866],[-114.46966,36.11805],[-114.47053,36.11694],[-114.47119,36.11378],[-114.47249,36.11333],[-114.47269,36.10834],[-114.47462,36.10691]]}},{"type":"Feature","properties":{"elevation":1075,"label":"1,075 ft \u00b7 Tier 1"},"geometry":{"type":"LineString","coordinates":[[-114.72765,36.11608],[-114.73005,36.11606],[-114.7304,36.11832],[-114.72996,36.11694],[-114.72902,36.11642],[-114.72773,36.11638],[-114.72765,36.11608]]}},{"type":"Feature","properties":{"elevation":1075,"label":"1,075 ft \u00b7 Tier 1"},"geometry":{"type":"LineString","coordinates":[[-114.50827,36.11521],[-114.50953,36.11527],[-114.50861,36.11702],[-114.50784,36.11694],[-114.50827,36.11521]]}},{"type":"Feature","properties":{"elevation":1075,"label":"1,075 ft \u00b7 Tier 1"},"geometry":{"type":"LineString","coordinates":[[-114.7328,36.11169],[-114.73406,36.11222],[-114.73567,36.115],[-114.7352,36.11578],[-114.73383,36.11627],[-114.73398,36.11472],[-114.73309,36.11361],[-114.7328,36.11169]]}},{"type":"Feature","properties":{"elevation":1075,"label":"1,075 ft \u00b7 Tier 1"},"geometry":{"type":"LineString","coordinates":[[-114.81245,36.09396],[-114.81554,36.09408],[-114.81595,36.0953],[-114.8152,36.09596],[-114.81382,36.0961],[-114.81348,36.0969],[-114.81211,36.09739],[-114.81137,36.09697],[-114.81103,36.09503],[-114.81245,36.09396]]}},{"type":"Feature","properties":{"elevation":1075,"label":"1,075 ft \u00b7 Tier 1"},"geometry":{"type":"LineString","coordinates":[[-114.78327,36.0819],[-114.78361,36.08296],[-114.78486,36.08337],[-114.7844,36.08421],[-114.78327,36.08475],[-114.78176,36.08337],[-114.78327,36.0819]]}},{"type":"Feature","properties":{"elevation":1075,"label":"1,075 ft \u00b7 Tier 1"},"geometry":{"type":"LineString","coordinates":[[-114.74413,36.05423],[-114.74482,36.05464],[-114.74689,36.05451],[-114.74777,36.05701],[-114.74736,36.05895],[-114.7455,36.06018],[-114.7435,36.05923],[-114.74313,36.05562],[-114.74336,36.05479],[-114.74413,36.05423]]}},{"type":"Feature","properties":{"elevation":1075,"label":"1,075 ft \u00b7 Tier 1"},"geometry":{"type":"LineString","coordinates":[[-114.27378,36.05255],[-114.27618,36.05256],[-114.27697,36.05285],[-114.27627,36.05368],[-114.27481,36.05395],[-114.27378,36.05327],[-114.27378,36.05255]]}},{"type":"Feature","properties":{"elevation":1075,"label":"1,075 ft \u00b7 Tier 1"},"geometry":{"type":"LineString","coordinates":[[-114.76404,36.04559],[-114.76576,36.04541],[-114.76852,36.04591],[-114.76782,36.04668],[-114.7661,36.04667],[-114.76404,36.04603],[-114.76404,36.04559]]}},{"type":"Feature","properties":{"elevation":1075,"label":"1,075 ft \u00b7 Tier 1"},"geometry":{"type":"LineString","coordinates":[[-114.75958,36.03274],[-114.76184,36.03286],[-114.7637,36.03623],[-114.76507,36.03647],[-114.76576,36.03701],[-114.76645,36.03645],[-114.76713,36.03649],[-114.76782,36.03825],[-114.76988,36.03911],[-114.77125,36.03914],[-114.7716,36.03988],[-114.7733,36.04035],[-114.77324,36.04174],[-114.77239,36.0423],[-114.77228,36.04305],[-114.77057,36.04303],[-114.76885,36.0439],[-114.76748,36.04331],[-114.76539,36.04313],[-114.76622,36.04202],[-114.7658,36.04008],[-114.76285,36.03786],[-114.76317,36.03702],[-114.76233,36.0366],[-114.76198,36.0358],[-114.75924,36.03631],[-114.75674,36.03591],[-114.75657,36.03452],[-114.75786,36.0345],[-114.75942,36.03369],[-114.75958,36.03274]]}},{"type":"Feature","properties":{"elevation":1050,"label":"1,050 ft \u00b7 SNWA Intake 1"},"geometry":{"type":"LineString","coordinates":[[-114.24468,36.00426],[-114.24342,36.00676],[-114.24258,36.00703],[-114.24253,36.00791],[-114.2414,36.00815],[-114.24129,36.00898],[-114.24032,36.01009],[-114.24052,36.0112],[-114.24013,36.01144],[-114.23944,36.01088],[-114.23876,36.01131],[-114.23773,36.01089],[-114.23704,36.01157],[-114.23648,36.01148],[-114.23602,36.01064],[-114.23513,36.01037],[-114.23562,36.00953],[-114.23429,36.00711],[-114.23361,36.00675],[-114.23376,36.00842],[-114.23326,36.00906],[-114.23227,36.00898],[-114.23261,36.00981],[-114.23223,36.01125],[-114.23086,36.01135],[-114.23018,36.01189],[-114.2283,36.01176],[-114.22777,36.01088],[-114.22674,36.01117],[-114.22571,36.01287],[-114.22503,36.01284],[-114.22468,36.01219],[-114.22348,36.0137],[-114.22228,36.01409],[-114.21782,36.01379],[-114.21438,36.01168],[-114.21507,36.01398],[-114.20923,36.01517],[-114.20855,36.01561],[-114.20717,36.01539],[-114.20443,36.01646],[-114.20134,36.01663],[-114.19893,36.01729],[-114.19756,36.01666],[-114.19774,36.01786],[-114.19667,36.01842],[-114.18829,36.02119],[-114.18692,36.02209],[-114.18554,36.0223],[-114.18142,36.02406],[-114.17971,36.0242],[-114.17784,36.02536],[-114.1773,36.02625],[-114.17662,36.02599],[-114.17524,36.02659],[-114.16975,36.0269],[-114.16597,36.0265],[-114.16357,36.02529],[-114.16356,36.02592],[-114.1622,36.02605],[-114.16187,36.02564],[-114.16381,36.02425],[-114.16391,36.02286],[-114.16311,36.02397],[-114.16191,36.02453],[-114.16014,36.02503],[-114.15911,36.02484],[-114.15464,36.02228],[-114.15155,36.022],[-114.15,36.02064],[-114.14881,36.01839],[-114.14906,36.02009],[-114.15117,36.0237],[-114.14709,36.02606],[-114.14653,36.02508],[-114.14666,36.0237],[-114.1464,36.02344],[-114.14547,36.02397],[-114.14572,36.02602],[-114.14503,36.0263],[-114.14434,36.02567],[-114.14331,36.02675],[-114.14581,36.02731],[-114.14434,36.02869],[-114.14575,36.0298],[-114.14582,36.03092],[-114.14331,36.03043],[-114.14263,36.03096],[-114.14104,36.0298],[-114.14057,36.02858],[-114.13947,36.02814],[-114.13986,36.02703],[-114.13954,36.02659],[-114.13706,36.02703],[-114.13404,36.02818],[-114.13257,36.0262],[-114.13198,36.02581],[-114.13127,36.02592],[-114.13096,36.02425],[-114.1301,36.02425],[-114.12855,36.02295],[-114.12893,36.0262],[-114.12977,36.02786],[-114.13198,36.02936],[-114.13679,36.03083],[-114.13744,36.03203],[-114.1361,36.0331],[-114.13527,36.03314],[-114.13575,36.03425],[-114.13542,36.03522],[-114.13404,36.03506],[-114.13301,36.03425],[-114.13267,36.0343],[-114.13198,36.03401],[-114.13095,36.03394],[-114.13064,36.03369],[-114.13027,36.03364],[-114.13094,36.03397],[-114.1313,36.03399],[-114.13376,36.0373],[-114.13301,36.0384],[-114.13164,36.03899],[-114.13108,36.04147],[-114.12968,36.04313],[-114.12924,36.04674],[-114.12858,36.04785],[-114.12879,36.04868],[-114.12855,36.04894],[-114.12649,36.04868],[-114.12708,36.04979],[-114.12683,36.05105],[-114.12649,36.05142],[-114.1255,36.05146],[-114.12649,36.05148],[-114.12679,36.05201],[-114.12642,36.05368],[-114.12373,36.05423],[-114.12536,36.05507],[-114.12512,36.05619],[-114.12649,36.0555],[-114.12705,36.05562],[-114.12651,36.05701],[-114.12679,36.05923],[-114.12617,36.06145],[-114.12443,36.0644],[-114.12271,36.06476],[-114.12261,36.06534],[-114.121,36.06504],[-114.11894,36.06539],[-114.11825,36.06505],[-114.11867,36.06672],[-114.11825,36.06727],[-114.11722,36.06727],[-114.11688,36.06782],[-114.11482,36.06787],[-114.11495,36.06922],[-114.11413,36.07037],[-114.11173,36.07049],[-114.11111,36.07089],[-114.11207,36.0722],[-114.11446,36.07283],[-114.11379,36.07365],[-114.11225,36.07366],[-114.1131,36.07534],[-114.11173,36.07557],[-114.11036,36.07524],[-114.10933,36.07579],[-114.10933,36.07672],[-114.11173,36.07739],[-114.11173,36.07838],[-114.11353,36.07866],[-114.11373,36.07977],[-114.11207,36.08086],[-114.11201,36.08199],[-114.11124,36.08254],[-114.11236,36.08337],[-114.11239,36.08421],[-114.11173,36.08474],[-114.10864,36.0851],[-114.10784,36.08642],[-114.10898,36.08643],[-114.11,36.08809],[-114.10873,36.0892],[-114.10692,36.08947],[-114.10606,36.09031],[-114.1083,36.091],[-114.10851,36.09142],[-114.10796,36.09225],[-114.10911,36.09308],[-114.10692,36.0929],[-114.10486,36.09551],[-114.10299,36.09503],[-114.10349,36.09575],[-114.10521,36.09653],[-114.10609,36.09641],[-114.10761,36.09535],[-114.1083,36.09537],[-114.10849,36.09586],[-114.10583,36.09752],[-114.10521,36.09853],[-114.10377,36.09919],[-114.10246,36.10055],[-114.10177,36.10056],[-114.10107,36.10168],[-114.10108,36.10224],[-114.1028,36.10303],[-114.10658,36.10173],[-114.10792,36.10224],[-114.10761,36.10336],[-114.10555,36.10397],[-114.10525,36.10446],[-114.10692,36.10461],[-114.10693,36.10557],[-114.10795,36.10586],[-114.11069,36.10889],[-114.11207,36.10925],[-114.1131,36.10833],[-114.11418,36.10917],[-114.11422,36.11],[-114.11482,36.1099],[-114.11551,36.11039],[-114.11619,36.11009],[-114.11456,36.11306],[-114.11535,36.11333],[-114.11688,36.11233],[-114.11694,36.11306],[-114.11448,36.11455],[-114.11323,36.11444],[-114.1131,36.11546],[-114.11207,36.11601],[-114.10898,36.11653],[-114.10801,36.11805],[-114.10692,36.11868],[-114.10555,36.11887],[-114.10349,36.1185],[-114.10177,36.11897],[-114.0995,36.11999],[-114.09662,36.12215],[-114.09596,36.12193],[-114.09594,36.12094],[-114.09525,36.12109],[-114.09456,36.12207],[-114.09353,36.12082],[-114.09319,36.12114],[-114.0929,36.12387],[-114.09147,36.12556],[-114.08968,36.12581],[-114.09086,36.12637],[-114.09059,36.12692],[-114.09156,36.12748],[-114.09155,36.12831],[-114.09116,36.12942],[-114.08934,36.1308],[-114.0925,36.13091],[-114.09297,36.13136],[-114.09245,36.1358],[-114.08825,36.14273],[-114.08293,36.14855],[-114.08032,36.15354],[-114.08099,36.15409],[-114.08082,36.15687],[-114.08117,36.1572],[-114.08152,36.15644],[-114.08255,36.15588],[-114.08427,36.15382],[-114.08401,36.15271],[-114.08594,36.15077],[-114.08667,36.1506],[-114.08735,36.15057],[-114.08859,36.15132],[-114.08941,36.15291],[-114.0901,36.15258],[-114.09147,36.15289],[-114.09456,36.15494],[-114.09422,36.15344],[-114.09319,36.15192],[-114.08701,36.14883],[-114.0877,36.14795],[-114.08838,36.14831],[-114.08907,36.14798],[-114.09079,36.14975],[-114.09349,36.14993],[-114.09065,36.14772],[-114.09044,36.14716],[-114.09109,36.14689],[-114.09022,36.14605],[-114.09044,36.14565],[-114.09147,36.14592],[-114.09353,36.14764],[-114.09456,36.14746],[-114.09697,36.14865],[-114.09869,36.14855],[-114.09765,36.14824],[-114.0966,36.14689],[-114.09731,36.14514],[-114.0945,36.14356],[-114.09498,36.14328],[-114.0946,36.14245],[-114.09491,36.14229],[-114.09594,36.14194],[-114.09632,36.14273],[-114.09765,36.14295],[-114.09971,36.14439],[-114.09941,36.14411],[-114.09973,36.14328],[-114.10218,36.14356],[-114.10244,36.14273],[-114.10168,36.14134],[-114.09971,36.14052],[-114.0992,36.13968],[-114.09969,36.13912],[-114.10113,36.13885],[-114.10016,36.13801],[-114.1004,36.13719],[-114.10212,36.13723],[-114.10404,36.13635],[-114.10247,36.1358],[-114.10237,36.13469],[-114.10177,36.13425],[-114.10074,36.13437],[-114.10026,36.13385],[-114.10044,36.13275],[-114.10166,36.13191],[-114.10226,36.12969],[-114.10182,36.12886],[-114.10059,36.12831],[-114.10103,36.12748],[-114.10177,36.12773],[-114.1028,36.12699],[-114.10486,36.12665],[-114.10555,36.12763],[-114.10761,36.12719],[-114.1083,36.12661],[-114.10872,36.12692],[-114.10826,36.12775],[-114.10829,36.12997],[-114.10967,36.13019],[-114.11036,36.13082],[-114.11104,36.13074],[-114.11159,36.12803],[-114.11114,36.12748],[-114.11139,36.12665],[-114.11242,36.12684],[-114.11276,36.12749],[-114.11345,36.12665],[-114.11448,36.12743],[-114.1145,36.12664],[-114.11551,36.12653],[-114.11791,36.12407],[-114.11875,36.12387],[-114.1186,36.12331],[-114.11969,36.12221],[-114.12064,36.12193],[-114.121,36.12003],[-114.12302,36.11805],[-114.12304,36.11722],[-114.12493,36.11666],[-114.12427,36.11611],[-114.1243,36.115],[-114.12515,36.11389],[-114.12615,36.11382],[-114.12649,36.11306],[-114.12838,36.1125],[-114.12855,36.11156],[-114.12958,36.11167],[-114.12953,36.11056],[-114.13061,36.11048],[-114.13061,36.10973],[-114.13103,36.10973],[-114.13033,36.10862],[-114.13133,36.10834],[-114.13198,36.10733],[-114.13205,36.10612],[-114.13289,36.10529],[-114.13285,36.10418],[-114.1319,36.10279],[-114.13272,36.10168],[-114.132,36.10057],[-114.13174,36.09808],[-114.13269,36.09503],[-114.13237,36.09308],[-114.13512,36.08975],[-114.13381,36.08837],[-114.13611,36.08726],[-114.13448,36.08642],[-114.13534,36.08559],[-114.13546,36.08448],[-114.13646,36.0831],[-114.13582,36.08199],[-114.13679,36.08144],[-114.13851,36.08338],[-114.13954,36.08286],[-114.14031,36.07949],[-114.14194,36.0786],[-114.14263,36.07679],[-114.14434,36.07704],[-114.14606,36.07589],[-114.14703,36.072],[-114.14809,36.07116],[-114.14642,36.06978],[-114.14597,36.06839],[-114.14725,36.06506],[-114.14731,36.06339],[-114.14652,36.0609],[-114.14806,36.05895],[-114.14741,36.0559],[-114.14674,36.05534],[-114.1481,36.05479],[-114.14854,36.05368],[-114.14821,36.05312],[-114.14717,36.05285],[-114.14708,36.05174],[-114.14606,36.05184],[-114.14547,36.05146],[-114.1431,36.04702],[-114.14411,36.04452],[-114.14538,36.04285],[-114.14497,36.04174],[-114.14764,36.03647],[-114.14984,36.03486],[-114.15087,36.03495],[-114.15121,36.03424],[-114.15411,36.03341],[-114.15018,36.03276],[-114.14934,36.03119],[-114.15027,36.03064],[-114.15018,36.02823],[-114.1519,36.02846],[-114.15338,36.02814],[-114.15149,36.02675],[-114.15224,36.02568],[-114.15327,36.02556],[-114.15381,36.0262],[-114.15499,36.02627],[-114.1567,36.02706],[-114.15815,36.02786],[-114.15945,36.02926],[-114.15979,36.02744],[-114.16357,36.0285],[-114.16803,36.02881],[-114.17078,36.02945],[-114.1773,36.02925],[-114.18074,36.02698],[-114.18554,36.02519],[-114.18692,36.02572],[-114.18795,36.02457],[-114.19497,36.02147],[-114.20271,36.02027],[-114.20683,36.01846],[-114.20786,36.01858],[-114.21129,36.0179],[-114.21259,36.01898],[-114.21398,36.01898],[-114.21404,36.01975],[-114.21446,36.01898],[-114.21363,36.01814],[-114.21404,36.01758],[-114.21679,36.0169],[-114.21988,36.01734],[-114.22056,36.01662],[-114.22194,36.01736],[-114.22228,36.01692],[-114.22571,36.01682],[-114.22709,36.01759],[-114.2288,36.01769],[-114.2312,36.01705],[-114.23189,36.01792],[-114.23361,36.0168],[-114.23498,36.01696],[-114.23567,36.0176],[-114.23635,36.01717],[-114.23704,36.01744],[-114.23773,36.01712],[-114.24013,36.01717],[-114.2414,36.01759],[-114.24054,36.01842],[-114.24046,36.01981],[-114.23981,36.02036],[-114.24119,36.02175],[-114.24013,36.02259],[-114.24064,36.02286],[-114.24082,36.0243],[-114.24185,36.02398],[-114.24235,36.02425],[-114.2423,36.02508],[-114.24322,36.02647],[-114.24288,36.02677],[-114.24116,36.0265],[-114.2397,36.02675],[-114.23772,36.02869],[-114.23979,36.02742],[-114.24082,36.02725],[-114.24322,36.02772],[-114.24459,36.02682],[-114.24621,36.02703],[-114.24535,36.02647],[-114.24593,36.02536],[-114.24464,36.02397],[-114.2449,36.02203],[-114.24433,36.02092],[-114.24494,36.02016],[-114.24597,36.02043],[-114.24768,36.022],[-114.24837,36.02158],[-114.24906,36.02196],[-114.24989,36.02259],[-114.25009,36.02344],[-114.25146,36.02303],[-114.2518,36.02347],[-114.25307,36.0237],[-114.25352,36.02517],[-114.25524,36.02479],[-114.25558,36.02548],[-114.25631,36.02536],[-114.25661,36.02641],[-114.25764,36.02613],[-114.25901,36.0267],[-114.26004,36.02756],[-114.26107,36.02767],[-114.2621,36.029],[-114.26279,36.02904],[-114.26318,36.03092],[-114.26348,36.0313],[-114.26416,36.03122],[-114.26458,36.03203],[-114.26382,36.03208],[-114.26357,36.03258],[-114.26485,36.03357],[-114.26612,36.03564],[-114.26382,36.03672],[-114.26245,36.03647],[-114.26186,36.03702],[-114.26245,36.03817],[-114.26386,36.03841],[-114.26511,36.03952],[-114.26468,36.04119],[-114.26587,36.04285],[-114.26519,36.04348],[-114.26383,36.04369],[-114.26393,36.04452],[-114.26465,36.0448],[-114.26485,36.04548],[-114.26554,36.04496],[-114.26622,36.04515],[-114.26657,36.04624],[-114.26725,36.04595],[-114.26828,36.04638],[-114.26931,36.04551],[-114.27143,36.04702],[-114.27206,36.04785],[-114.27198,36.04868],[-114.27299,36.04896],[-114.27299,36.04952],[-114.27172,36.04955],[-114.27103,36.0503],[-114.27,36.04994],[-114.26931,36.0508],[-114.26867,36.05063],[-114.26828,36.04993],[-114.26725,36.05047],[-114.26657,36.04975],[-114.26588,36.04992],[-114.26451,36.04897],[-114.26313,36.04952],[-114.26004,36.04896],[-114.25988,36.04952],[-114.2621,36.05017],[-114.2623,36.05063],[-114.26142,36.05117],[-114.25879,36.0509],[-114.25903,36.05118],[-114.26279,36.05246],[-114.26451,36.0514],[-114.26554,36.05174],[-114.26416,36.05286],[-114.26245,36.05309],[-114.26208,36.05368],[-114.26517,36.05368],[-114.26554,36.05509],[-114.26691,36.05368],[-114.26863,36.05337],[-114.26828,36.05479],[-114.26966,36.05414],[-114.2724,36.05538],[-114.27262,36.05673],[-114.26926,36.05895],[-114.26897,36.0601],[-114.27466,36.05784],[-114.27721,36.05795],[-114.27824,36.05724],[-114.27927,36.05791],[-114.27996,36.05726],[-114.28099,36.05714],[-114.28133,36.05799],[-114.28198,36.05812],[-114.28186,36.05867],[-114.27879,36.06201],[-114.27927,36.06216],[-114.28064,36.06152],[-114.28133,36.06166],[-114.28171,36.0609],[-114.28408,36.05939],[-114.28511,36.06001],[-114.28579,36.05997],[-114.28558,36.05867],[-114.28611,36.05812],[-114.28854,36.05786],[-114.28923,36.05851],[-114.29129,36.0587],[-114.2926,36.05951],[-114.29217,36.06006],[-114.29235,36.0609],[-114.29088,36.06201],[-114.29335,36.06221],[-114.2932,36.06312],[-114.29369,36.0632],[-114.29451,36.06256],[-114.29472,36.06087],[-114.29575,36.06054],[-114.29712,36.06151],[-114.29822,36.06173],[-114.29953,36.06388],[-114.30156,36.0645],[-114.30114,36.06589],[-114.30148,36.06617],[-114.30324,36.06645],[-114.30129,36.06811],[-114.30196,36.06894],[-114.30172,36.0695],[-114.30262,36.06995],[-114.3033,36.06982],[-114.30365,36.07075],[-114.30262,36.07122],[-114.30193,36.07071],[-114.30124,36.0708],[-114.30063,36.07116],[-114.3008,36.07172],[-114.30026,36.07227],[-114.30211,36.07283],[-114.30164,36.07338],[-114.30193,36.07405],[-114.30124,36.07423],[-114.3009,36.07513],[-114.29918,36.07461],[-114.2985,36.07477],[-114.29925,36.07588],[-114.29823,36.07671],[-114.3009,36.07697],[-114.30098,36.07782],[-114.29953,36.07841],[-114.2958,36.07782],[-114.29965,36.07977],[-114.29609,36.08154],[-114.29472,36.08165],[-114.29335,36.08276],[-114.29223,36.0831],[-114.29186,36.08393],[-114.29496,36.08337],[-114.29541,36.08436],[-114.29712,36.08344],[-114.29806,36.08337],[-114.2985,36.08374],[-114.29953,36.08298],[-114.30262,36.08283],[-114.30261,36.08365],[-114.30117,36.08448],[-114.30147,36.08531],[-114.30296,36.08485],[-114.30377,36.08504],[-114.30412,36.08559],[-114.30323,36.08642],[-114.30468,36.0867],[-114.30478,36.08753],[-114.30399,36.0881],[-114.30061,36.08892],[-114.30211,36.09003],[-114.3002,36.0917],[-114.29918,36.09205],[-114.29712,36.09197],[-114.30004,36.09308],[-114.29975,36.09364],[-114.29815,36.09441],[-114.30084,36.09392],[-114.30159,36.09294],[-114.30468,36.09113],[-114.30525,36.09142],[-114.30527,36.09225],[-114.30571,36.09225],[-114.30674,36.0907],[-114.3077,36.09142],[-114.30777,36.09249],[-114.30889,36.09281],[-114.30905,36.09336],[-114.30824,36.09392],[-114.3086,36.09447],[-114.30716,36.09503],[-114.30845,36.09608],[-114.30914,36.09571],[-114.30948,36.09623],[-114.31086,36.09606],[-114.31194,36.09724],[-114.31051,36.09788],[-114.30648,36.09808],[-114.30708,36.09863],[-114.30708,36.10027],[-114.30811,36.09954],[-114.30945,36.10057],[-114.30713,36.10113],[-114.31017,36.10214],[-114.31189,36.10121],[-114.31257,36.10141],[-114.31086,36.10333],[-114.30935,36.10362],[-114.31025,36.10418],[-114.30902,36.10612],[-114.30948,36.10625],[-114.31086,36.1051],[-114.31189,36.10481],[-114.31226,36.10501],[-114.31174,36.10557],[-114.31223,36.10656],[-114.31429,36.10478],[-114.31498,36.10498],[-114.31635,36.10421],[-114.31702,36.10446],[-114.31635,36.10639],[-114.31501,36.10668],[-114.3132,36.10889],[-114.3139,36.10889],[-114.31498,36.10801],[-114.31733,36.10862],[-114.31555,36.10945],[-114.31635,36.11008],[-114.31772,36.10978],[-114.31762,36.11084],[-114.31807,36.11101],[-114.31944,36.10924],[-114.32106,36.10917],[-114.31957,36.11139],[-114.3202,36.11222],[-114.31944,36.11331],[-114.32013,36.11332],[-114.32184,36.11117],[-114.32302,36.11111],[-114.32322,36.11275],[-114.32441,36.11222],[-114.32459,36.1134],[-114.32516,36.11306],[-114.32596,36.11105],[-114.32665,36.11076],[-114.32768,36.111],[-114.32802,36.11034],[-114.32937,36.11084],[-114.32709,36.11361],[-114.32734,36.11383],[-114.32871,36.11308],[-114.32905,36.11378],[-114.33008,36.11319],[-114.33209,36.11389],[-114.33185,36.11444],[-114.33041,36.11527],[-114.33042,36.11583],[-114.33208,36.11611],[-114.33249,36.11714],[-114.3336,36.11666],[-114.33273,36.11999],[-114.3342,36.11965],[-114.3342,36.11879],[-114.33558,36.1177],[-114.33659,36.1186],[-114.33558,36.12075],[-114.33695,36.12066],[-114.33764,36.12144],[-114.33935,36.1209],[-114.33987,36.1211],[-114.33832,36.12273],[-114.33729,36.12245],[-114.33664,36.12276],[-114.33866,36.12415],[-114.33764,36.12539],[-114.33961,36.12526],[-114.33935,36.12776],[-114.34004,36.12744],[-114.34059,36.12609],[-114.34141,36.12592],[-114.34192,36.12748],[-114.34101,36.12775],[-114.34072,36.12843],[-114.34278,36.12835],[-114.34345,36.1272],[-114.34553,36.12565],[-114.34585,36.12609],[-114.34547,36.12748],[-114.34656,36.12775],[-114.34524,36.12886],[-114.34586,36.13025],[-114.34778,36.13164],[-114.34634,36.13247],[-114.34584,36.1333],[-114.3469,36.13303],[-114.34759,36.13402],[-114.34862,36.13282],[-114.35068,36.13249],[-114.35137,36.13445],[-114.34966,36.1358],[-114.35196,36.1358],[-114.35308,36.13664],[-114.35514,36.13578],[-114.35511,36.13663],[-114.35155,36.13968],[-114.35127,36.14051],[-114.35171,36.14105],[-114.3524,36.14003],[-114.35353,36.1394],[-114.35464,36.1394],[-114.35435,36.14051],[-114.35514,36.14079],[-114.35587,36.13995],[-114.35755,36.1392],[-114.3579,36.1394],[-114.35754,36.14051],[-114.35858,36.1419],[-114.35961,36.14035],[-114.36098,36.1397],[-114.36032,36.14273],[-114.36201,36.1421],[-114.36183,36.14356],[-114.35913,36.14439],[-114.35827,36.14605],[-114.35961,36.14544],[-114.36064,36.14557],[-114.36201,36.14677],[-114.36185,36.14799],[-114.36235,36.1481],[-114.36296,36.14716],[-114.36296,36.14605],[-114.36407,36.14568],[-114.36438,36.14661],[-114.36354,36.14772],[-114.36373,36.14848],[-114.36579,36.14771],[-114.36647,36.14703],[-114.36785,36.14744],[-114.36805,36.14827],[-114.3675,36.14894],[-114.36407,36.151],[-114.36218,36.1516],[-114.36579,36.15172],[-114.36518,36.15271],[-114.36579,36.15327],[-114.36682,36.1532],[-114.37162,36.1499],[-114.37265,36.14966],[-114.37368,36.15008],[-114.37443,36.15077],[-114.37024,36.15354],[-114.37128,36.15484],[-114.37403,36.15524],[-114.3754,36.15481],[-114.37574,36.1555],[-114.37712,36.15551],[-114.3787,36.15659],[-114.37843,36.1577],[-114.37986,36.158],[-114.38055,36.1586],[-114.38055,36.16019],[-114.3819,36.16075],[-114.38158,36.16159],[-114.38261,36.16115],[-114.38295,36.15963],[-114.38443,36.15853],[-114.3881,36.15897],[-114.3898,36.16047],[-114.3897,36.16158],[-114.39222,36.16284],[-114.39392,36.16518],[-114.39325,36.16652],[-114.39114,36.16629],[-114.39113,36.16823],[-114.39067,36.16906],[-114.39148,36.17072],[-114.39167,36.1735],[-114.39085,36.17507],[-114.39084,36.17627],[-114.39221,36.17821],[-114.39141,36.17987],[-114.39254,36.18126],[-114.39237,36.18264],[-114.39051,36.18334],[-114.39035,36.1843],[-114.38879,36.18458],[-114.38776,36.1843],[-114.38774,36.18486],[-114.38845,36.18498],[-114.38932,36.18597],[-114.38826,36.18624],[-114.38795,36.18707],[-114.38904,36.18901],[-114.38896,36.1904],[-114.38977,36.19123],[-114.38948,36.1929],[-114.39065,36.19262],[-114.39135,36.19372],[-114.39127,36.19483],[-114.39192,36.19511],[-114.39222,36.19594],[-114.39325,36.19612],[-114.39463,36.19456],[-114.39497,36.1959],[-114.39561,36.19622],[-114.39447,36.19733],[-114.39463,36.19794],[-114.396,36.19741],[-114.39669,36.19799],[-114.39703,36.19749],[-114.39792,36.19733],[-114.39873,36.19871],[-114.39806,36.2005],[-114.39964,36.20148],[-114.39937,36.20231],[-114.40058,36.20453],[-114.3997,36.20702],[-114.39835,36.20785],[-114.39779,36.20952],[-114.39871,36.2109],[-114.39836,36.21173],[-114.39772,36.21248],[-114.39496,36.21284],[-114.39632,36.21422],[-114.39459,36.2145],[-114.39461,36.21506],[-114.39596,36.21589],[-114.39523,36.21672],[-114.39597,36.21755],[-114.3953,36.2181],[-114.39527,36.21893],[-114.39336,36.22004],[-114.39154,36.21974],[-114.39106,36.22004],[-114.3915,36.22087],[-114.39111,36.22143],[-114.39253,36.22226],[-114.3918,36.22309],[-114.3922,36.2242],[-114.39051,36.2253],[-114.39108,36.22586],[-114.39089,36.22697],[-114.39208,36.22752],[-114.39085,36.22921],[-114.39114,36.23029],[-114.3928,36.23084],[-114.39314,36.2314],[-114.39152,36.23361],[-114.3905,36.23417],[-114.39217,36.23555],[-114.39308,36.23721],[-114.39222,36.23814],[-114.39219,36.2397],[-114.39085,36.24079],[-114.39025,36.24081],[-114.38936,36.2422],[-114.38913,36.24359],[-114.39014,36.24441],[-114.39014,36.24497],[-114.38879,36.24524],[-114.38735,36.24469],[-114.38639,36.24486],[-114.38607,36.2469],[-114.38722,36.24801],[-114.38673,36.24842],[-114.38535,36.24829],[-114.38568,36.25078],[-114.38511,36.25299],[-114.3857,36.25373],[-114.38732,36.2541],[-114.38672,36.25576],[-114.38723,36.25632],[-114.38703,36.25742],[-114.38894,36.2577],[-114.38915,36.25881],[-114.38844,36.25964],[-114.38876,36.26019],[-114.38832,36.26102],[-114.38948,36.26053],[-114.39119,36.26069],[-114.39188,36.26035],[-114.39428,36.25772],[-114.39511,36.25853],[-114.39423,36.25992],[-114.39428,36.26075],[-114.39566,36.25984],[-114.39909,36.26035],[-114.40184,36.25986],[-114.40218,36.26051],[-114.40424,36.26165],[-114.40374,36.26296],[-114.40486,36.26573],[-114.40767,36.2667],[-114.40774,36.26739],[-114.40493,36.26659],[-114.40115,36.26716],[-114.39978,36.26539],[-114.39909,36.26573],[-114.4002,36.26877],[-114.39858,36.26933],[-114.39918,36.26988],[-114.39896,36.27016],[-114.39497,36.26943],[-114.39428,36.26879],[-114.39364,36.2696],[-114.39393,36.27071],[-114.39257,36.27237],[-114.39085,36.27191],[-114.39016,36.27073],[-114.38972,36.27293],[-114.38845,36.27375],[-114.38744,36.27376],[-114.38795,36.27459],[-114.38728,36.27514],[-114.38786,36.27597],[-114.38639,36.2768],[-114.38776,36.27691],[-114.3892,36.27625],[-114.38982,36.27549],[-114.39055,36.27569],[-114.39043,36.27625],[-114.38958,36.27652],[-114.38959,36.27763],[-114.39085,36.27801],[-114.39154,36.27768],[-114.39278,36.27874],[-114.39128,36.27957],[-114.39188,36.27962],[-114.39188,36.28004],[-114.39051,36.2803],[-114.39009,36.28095],[-114.39051,36.28162],[-114.39188,36.28129],[-114.39218,36.28178],[-114.39073,36.28317],[-114.38948,36.28306],[-114.38886,36.28344],[-114.38949,36.28427],[-114.38913,36.28474],[-114.38845,36.28382],[-114.38742,36.28343],[-114.38639,36.28374],[-114.38227,36.28367],[-114.38398,36.2847],[-114.3857,36.2851],[-114.38548,36.28566],[-114.38433,36.28566],[-114.38261,36.2867],[-114.38192,36.28648],[-114.38158,36.28675],[-114.38227,36.28678],[-114.38295,36.28753],[-114.38296,36.28676],[-114.38364,36.28649],[-114.38501,36.28697],[-114.38547,36.28676],[-114.38451,36.28815],[-114.38481,36.28898],[-114.38398,36.28958],[-114.38295,36.28947],[-114.38227,36.29036],[-114.38023,36.29064],[-114.38295,36.29107],[-114.38261,36.29243],[-114.38227,36.2929],[-114.37992,36.29368],[-114.37976,36.29451],[-114.37849,36.29458],[-114.37848,36.29534],[-114.37718,36.29617],[-114.37791,36.29645],[-114.37815,36.29718],[-114.38089,36.29607],[-114.38152,36.29645],[-114.38158,36.29717],[-114.38425,36.297],[-114.38398,36.29843],[-114.38501,36.29729],[-114.38546,36.29756],[-114.38566,36.29839],[-114.38467,36.29844],[-114.38374,36.29922],[-114.38457,36.30032],[-114.38295,36.30055],[-114.38021,36.30001],[-114.38081,36.3006],[-114.3802,36.30115],[-114.38106,36.3042],[-114.38094,36.3053],[-114.38167,36.30586],[-114.38192,36.30698],[-114.385,36.30779],[-114.38465,36.30835],[-114.38329,36.3089],[-114.38418,36.31139],[-114.38373,36.31305],[-114.38433,36.31394],[-114.38536,36.31441],[-114.3854,36.31499],[-114.3874,36.31609],[-114.38433,36.3169],[-114.38465,36.31775],[-114.38398,36.31817],[-114.38398,36.31881],[-114.385,36.31941],[-114.38465,36.32246],[-114.38328,36.32412],[-114.38445,36.32439],[-114.38428,36.32522],[-114.38142,36.32688],[-114.38501,36.32714],[-114.38667,36.3266],[-114.3857,36.32787],[-114.38443,36.32799],[-114.38421,36.32882],[-114.38227,36.32901],[-114.38192,36.32872],[-114.38197,36.32909],[-114.38388,36.3302],[-114.38158,36.33182],[-114.37985,36.33158],[-114.38055,36.33305],[-114.38156,36.33352],[-114.38159,36.33407],[-114.37986,36.33545],[-114.37883,36.33537],[-114.37815,36.33476],[-114.37782,36.33601],[-114.37841,36.33684],[-114.37746,36.33895],[-114.37565,36.33933],[-114.37437,36.34012],[-114.37331,36.34016],[-114.37712,36.34098],[-114.37757,36.34265],[-114.37712,36.34302],[-114.37677,36.34292],[-114.37641,36.34292],[-114.37697,36.34348],[-114.37707,36.34458],[-114.37577,36.34596],[-114.37641,36.34652],[-114.37593,36.34845],[-114.37506,36.34944],[-114.37334,36.35001],[-114.37333,36.35232],[-114.37144,36.35481],[-114.37162,36.35819],[-114.37049,36.35868],[-114.37114,36.35924],[-114.3708,36.36034],[-114.36939,36.36062],[-114.37037,36.36117],[-114.37032,36.362],[-114.36888,36.36226],[-114.36682,36.36185],[-114.36373,36.36283],[-114.36165,36.36421],[-114.35979,36.36836],[-114.35852,36.36974],[-114.35825,36.37112],[-114.35918,36.37389],[-114.36077,36.37499],[-114.36132,36.37701],[-114.36379,36.37914],[-114.36811,36.38052],[-114.36785,36.38084],[-114.36682,36.38069],[-114.36554,36.38108],[-114.36538,36.38191],[-114.36609,36.38246],[-114.36544,36.3829],[-114.36305,36.38273],[-114.36373,36.38358],[-114.35852,36.38743],[-114.35824,36.38799],[-114.35872,36.38937],[-114.35807,36.39047],[-114.35616,36.38964],[-114.35686,36.39047],[-114.35652,36.39103],[-114.35738,36.39185],[-114.35737,36.39351],[-114.35274,36.39621],[-114.35214,36.39766],[-114.35239,36.40263],[-114.35274,36.4024],[-114.35329,36.40319],[-114.35252,36.40678],[-114.35368,36.40705],[-114.35377,36.40795],[-114.35514,36.40801],[-114.35652,36.40923],[-114.35755,36.4089],[-114.35789,36.40917],[-114.35926,36.40826],[-114.35952,36.40844],[-114.35889,36.40899],[-114.35995,36.40977],[-114.36064,36.40932],[-114.36283,36.40899],[-114.36295,36.41009],[-114.36407,36.41136],[-114.3651,36.41123],[-114.36665,36.41009],[-114.36729,36.4054],[-114.36878,36.40153],[-114.36908,36.39738],[-114.3708,36.39324],[-114.37041,36.39296],[-114.37116,36.39268],[-114.3705,36.39213],[-114.37084,36.39185],[-114.3705,36.39158],[-114.37092,36.39047],[-114.37071,36.38881],[-114.37154,36.38771],[-114.373,36.3872],[-114.37407,36.38577],[-114.37506,36.38549],[-114.37747,36.38301],[-114.37732,36.38135],[-114.37555,36.37804],[-114.37438,36.37721],[-114.37334,36.37741],[-114.37285,36.37693],[-114.37273,36.3761],[-114.37367,36.37527],[-114.37366,36.37444],[-114.37437,36.37403],[-114.37527,36.37444],[-114.37574,36.37635],[-114.37771,36.37776],[-114.37815,36.37887],[-114.37918,36.37836],[-114.38055,36.37889],[-114.38089,36.37855],[-114.38158,36.37893],[-114.38227,36.37861],[-114.38322,36.37942],[-114.38604,36.37918],[-114.38673,36.37944],[-114.38676,36.37859],[-114.38778,36.37804],[-114.38781,36.37748],[-114.38948,36.37722],[-114.38922,36.37638],[-114.39119,36.37444],[-114.3912,36.37112],[-114.3902,36.36947],[-114.39021,36.36698],[-114.39222,36.3645],[-114.39368,36.36449],[-114.39361,36.36394],[-114.39428,36.36332],[-114.39566,36.36259],[-114.39703,36.36256],[-114.39637,36.36228],[-114.39648,36.36173],[-114.39875,36.36008],[-114.39909,36.35928],[-114.40012,36.3593],[-114.40081,36.35986],[-114.40047,36.35951],[-114.40081,36.35899],[-114.40253,36.35896],[-114.40219,36.35758],[-114.40424,36.35566],[-114.40458,36.35476],[-114.40564,36.35454],[-114.40648,36.35149],[-114.40463,36.34984],[-114.40397,36.34762],[-114.40664,36.34601],[-114.40772,36.34624],[-114.40638,36.3432],[-114.40836,36.33942],[-114.40811,36.3385],[-114.40905,36.33768],[-114.4108,36.33794],[-114.41145,36.33719],[-114.41249,36.33711],[-114.41216,36.33656],[-114.40973,36.33654],[-114.40905,36.33601],[-114.40914,36.33546],[-114.41008,36.3349],[-114.40839,36.33352],[-114.41042,36.33285],[-114.41148,36.33324],[-114.41354,36.33214],[-114.41248,36.33095],[-114.41111,36.33101],[-114.41042,36.33045],[-114.40767,36.3307],[-114.40527,36.33016],[-114.40493,36.32992],[-114.40527,36.32912],[-114.40633,36.32909],[-114.40527,36.32909],[-114.40497,36.32854],[-114.40699,36.32718],[-114.40733,36.32743],[-114.40733,36.32711],[-114.40474,36.3266],[-114.4063,36.32593],[-114.40699,36.32492],[-114.40596,36.32451],[-114.40493,36.32488],[-114.40458,36.32402],[-114.40133,36.32412],[-114.40278,36.32301],[-114.40167,36.32273],[-114.40287,36.32162],[-114.40355,36.32159],[-114.40424,36.32239],[-114.40596,36.32255],[-114.40664,36.32198],[-114.40767,36.32189],[-114.4087,36.32129],[-114.41145,36.3208],[-114.41181,36.32052],[-114.40836,36.32067],[-114.40527,36.3214],[-114.40494,36.3208],[-114.40528,36.31997],[-114.40342,36.31941],[-114.40336,36.31886],[-114.4039,36.31843],[-114.40561,36.31881],[-114.40458,36.31727],[-114.40664,36.31787],[-114.40739,36.3172],[-114.40665,36.31692],[-114.40699,36.31613],[-114.40911,36.31637],[-114.41076,36.31562],[-114.41111,36.31609],[-114.41147,36.31499],[-114.40962,36.31443],[-114.40905,36.31332],[-114.40767,36.3136],[-114.40596,36.3133],[-114.40571,36.31305],[-114.40664,36.31203],[-114.40404,36.31056],[-114.40195,36.31001],[-114.4018,36.30918],[-114.40273,36.30835],[-114.40261,36.30724],[-114.40012,36.30617],[-114.40017,36.30558],[-114.39885,36.30447],[-114.40115,36.30344],[-114.40355,36.30507],[-114.40458,36.30504],[-114.40356,36.30447],[-114.40391,36.30281],[-114.40211,36.30198],[-114.40255,36.3006],[-114.40149,36.30058],[-114.4009,36.30005],[-114.39978,36.30053],[-114.3984,36.30042],[-114.39669,36.29912],[-114.39684,36.29811],[-114.39567,36.29783],[-114.39737,36.29647],[-114.39946,36.29728],[-114.39943,36.29624],[-114.40115,36.29743],[-114.40218,36.29717],[-114.40321,36.29777],[-114.40424,36.29754],[-114.40802,36.29981],[-114.40839,36.29894],[-114.40802,36.29756],[-114.4039,36.29393],[-114.39943,36.29411],[-114.39531,36.29261],[-114.39401,36.29092],[-114.39419,36.28815],[-114.39495,36.28566],[-114.39584,36.28566],[-114.39594,36.28483],[-114.39685,36.284],[-114.39737,36.28161],[-114.39875,36.28129],[-114.39958,36.28151],[-114.39939,36.28289],[-114.39978,36.28291],[-114.40185,36.28206],[-114.40317,36.27957],[-114.40499,36.2804],[-114.40527,36.28153],[-114.40692,36.28068],[-114.40596,36.2796],[-114.40631,36.27874],[-114.40596,36.27797],[-114.40491,36.27763],[-114.40418,36.2768],[-114.40387,36.27459],[-114.40596,36.27316],[-114.40767,36.27445],[-114.4087,36.27272],[-114.41076,36.27169],[-114.41179,36.27062],[-114.41282,36.27046],[-114.41295,36.26988],[-114.41412,36.26933],[-114.41266,36.26767],[-114.41248,36.26615],[-114.41101,36.2649],[-114.41149,36.26435],[-114.41076,36.264],[-114.40907,36.26435],[-114.40898,36.26379],[-114.40767,36.26346],[-114.40663,36.26241],[-114.40699,36.26161],[-114.40961,36.26019],[-114.40836,36.25938],[-114.40726,36.25992],[-114.40767,36.25911],[-114.40821,36.25909],[-114.40773,36.25687],[-114.40829,36.25549],[-114.41042,36.256],[-114.41248,36.25577],[-114.41286,36.25604],[-114.41256,36.25576],[-114.40939,36.25485],[-114.4087,36.25424],[-114.40702,36.2541],[-114.40731,36.25299],[-114.40629,36.25216],[-114.40719,36.25106],[-114.40548,36.2505],[-114.40619,36.2494],[-114.4059,36.24856],[-114.4068,36.24773],[-114.40609,36.24746],[-114.40661,36.24718],[-114.40664,36.24647],[-114.40902,36.24635],[-114.40757,36.24552],[-114.40725,36.24413],[-114.4106,36.24358],[-114.4077,36.2422],[-114.40836,36.24185],[-114.41076,36.24201],[-114.41145,36.24165],[-114.4109,36.24109],[-114.41131,36.24054],[-114.41045,36.23998],[-114.41149,36.2397],[-114.41092,36.23915],[-114.41134,36.2386],[-114.41179,36.2384],[-114.41385,36.23931],[-114.4151,36.23943],[-114.41471,36.23832],[-114.41329,36.23804],[-114.41248,36.2369],[-114.4101,36.23721],[-114.41074,36.23638],[-114.41023,36.23583],[-114.41111,36.23515],[-114.41317,36.23525],[-114.41307,36.23444],[-114.41235,36.23389],[-114.41351,36.23355],[-114.41346,36.2325],[-114.41385,36.2323],[-114.4166,36.23233],[-114.41797,36.23313],[-114.41834,36.23278],[-114.41694,36.23182],[-114.41523,36.23156],[-114.41385,36.2305],[-114.41136,36.23084],[-114.41202,36.23029],[-114.41198,36.22918],[-114.41351,36.22842],[-114.41515,36.22918],[-114.41559,36.23057],[-114.41694,36.22992],[-114.41763,36.23022],[-114.41869,36.22863],[-114.41849,36.2278],[-114.41969,36.22672],[-114.42038,36.22693],[-114.42163,36.22641],[-114.42174,36.22503],[-114.42119,36.22447],[-114.42282,36.22309],[-114.42318,36.2206],[-114.42415,36.22049],[-114.42439,36.21976],[-114.42518,36.21947],[-114.42793,36.22055],[-114.42759,36.21989],[-114.42553,36.21861],[-114.42365,36.2181],[-114.42284,36.21699],[-114.42354,36.21616],[-114.42415,36.2161],[-114.42621,36.21713],[-114.42663,36.21699],[-114.42689,36.21644],[-114.42621,36.21389],[-114.42827,36.21358],[-114.43068,36.21401],[-114.43063,36.21312],[-114.43151,36.21284],[-114.43167,36.21229],[-114.42965,36.21218],[-114.42896,36.21148],[-114.42793,36.21179],[-114.42656,36.21146],[-114.42744,36.21007],[-114.42726,36.20952],[-114.42965,36.20772],[-114.43045,36.20813],[-114.43094,36.20758],[-114.42997,36.20675],[-114.43068,36.20602],[-114.43239,36.20681],[-114.43342,36.20692],[-114.43403,36.20647],[-114.43242,36.20564],[-114.43239,36.2048],[-114.43105,36.20398],[-114.43229,36.20148],[-114.43345,36.20093],[-114.43319,36.2001],[-114.43548,36.19947],[-114.4372,36.19845],[-114.4372,36.19809],[-114.43342,36.19821],[-114.43143,36.19705],[-114.43196,36.19649],[-114.43205,36.1949],[-114.43377,36.19502],[-114.43445,36.19458],[-114.4348,36.1933],[-114.43686,36.19178],[-114.43617,36.19043],[-114.4348,36.19037],[-114.4348,36.18865],[-114.43686,36.1893],[-114.43857,36.1906],[-114.43905,36.18985],[-114.43843,36.18929],[-114.43943,36.18874],[-114.43932,36.18846],[-114.43823,36.18842],[-114.43758,36.18791],[-114.43984,36.1868],[-114.43716,36.18652],[-114.43517,36.18347],[-114.43719,36.18153],[-114.43722,36.17987],[-114.43858,36.17932],[-114.43995,36.17796],[-114.44235,36.17731],[-114.4429,36.17654],[-114.4429,36.17571],[-114.4418,36.17488],[-114.44201,36.17433],[-114.44109,36.17405],[-114.44132,36.17308],[-114.44212,36.17294],[-114.44228,36.17156],[-114.44117,36.16989],[-114.44155,36.16934],[-114.44029,36.16943],[-114.4396,36.16901],[-114.43884,36.16823],[-114.43923,36.16795],[-114.43892,36.16745],[-114.43617,36.16608],[-114.43377,36.16591],[-114.43308,36.16488],[-114.43205,36.16502],[-114.43059,36.16352],[-114.43433,36.16102],[-114.43617,36.15832],[-114.43823,36.1571],[-114.44201,36.15785],[-114.44407,36.15932],[-114.44475,36.15839],[-114.44681,36.15812],[-114.44848,36.15853],[-114.44926,36.15936],[-114.44904,36.15797],[-114.45061,36.15742],[-114.45098,36.15659],[-114.45026,36.15548],[-114.44855,36.15437],[-114.44874,36.15326],[-114.44722,36.15132],[-114.44818,36.15008],[-114.45274,36.1491],[-114.45333,36.14856],[-114.45508,36.14883],[-114.45471,36.14986],[-114.45539,36.15052],[-114.45677,36.14951],[-114.45848,36.15007],[-114.46295,36.15264],[-114.46429,36.15603],[-114.46363,36.15687],[-114.46398,36.15715],[-114.46556,36.15409],[-114.46741,36.15275],[-114.46901,36.15298],[-114.47187,36.15475],[-114.47496,36.154],[-114.47634,36.15465],[-114.47805,36.1537],[-114.48048,36.15437],[-114.48114,36.15326],[-114.48227,36.15298],[-114.4837,36.14938],[-114.48629,36.14857],[-114.49055,36.15077],[-114.49135,36.15271],[-114.49282,36.15218],[-114.49453,36.15339],[-114.49469,36.15409],[-114.49649,36.15492],[-114.49567,36.15714],[-114.49442,36.15881],[-114.49728,36.15799],[-114.49797,36.15917],[-114.50071,36.15995],[-114.50174,36.16001],[-114.50277,36.15924],[-114.50449,36.1592],[-114.50586,36.1598],[-114.50621,36.1604],[-114.50689,36.15968],[-114.50998,36.16043],[-114.51136,36.16019],[-114.51376,36.16114],[-114.51479,36.16072],[-114.51685,36.16226],[-114.51733,36.16352],[-114.51719,36.16493],[-114.51788,36.16463],[-114.51827,36.16379],[-114.51755,36.16102],[-114.51822,36.16075],[-114.5196,36.16179],[-114.52033,36.16158],[-114.52001,36.16019],[-114.52097,36.159],[-114.52166,36.15881],[-114.52269,36.15997],[-114.52406,36.16039],[-114.52509,36.15989],[-114.52543,36.16105],[-114.52612,36.16144],[-114.52651,36.1613],[-114.52597,36.16075],[-114.52658,36.15908],[-114.53024,36.15886],[-114.53264,36.1602],[-114.53188,36.15797],[-114.53367,36.15552],[-114.53539,36.15498],[-114.53848,36.15741],[-114.54054,36.158],[-114.54088,36.15713],[-114.54123,36.15722],[-114.54187,36.15825],[-114.54348,36.15936],[-114.54386,36.16075],[-114.54885,36.16296],[-114.54981,36.16559],[-114.5505,36.16631],[-114.54981,36.16272],[-114.54751,36.16047],[-114.54719,36.1577],[-114.54624,36.15687],[-114.54573,36.15492],[-114.55015,36.15268],[-114.55049,36.15215],[-114.55325,36.15271],[-114.55427,36.15344],[-114.55462,36.15446],[-114.55564,36.15366],[-114.55908,36.15375],[-114.56079,36.15267],[-114.5632,36.1522],[-114.56526,36.1529],[-114.56986,36.15271],[-114.5707,36.15382],[-114.57075,36.1552],[-114.57212,36.15338],[-114.57487,36.15311],[-114.5759,36.15372],[-114.57648,36.15243],[-114.57899,36.15138],[-114.58174,36.14901],[-114.58242,36.14902],[-114.58311,36.14837],[-114.5862,36.14823],[-114.58723,36.1498],[-114.58792,36.1481],[-114.58929,36.14824],[-114.59135,36.14726],[-114.59204,36.14804],[-114.59307,36.14592],[-114.59444,36.14573],[-114.59753,36.14371],[-114.59925,36.14472],[-114.59959,36.14457],[-114.59986,36.14439],[-114.59923,36.14384],[-114.60002,36.14356],[-114.59968,36.14245],[-114.60199,36.14024],[-114.60405,36.13862],[-114.60577,36.13843],[-114.60561,36.13746],[-114.60646,36.13714],[-114.60749,36.13584],[-114.60989,36.13432],[-114.61264,36.13322],[-114.61401,36.13368],[-114.6147,36.13298],[-114.61743,36.13413],[-114.6184,36.13607],[-114.61757,36.13635],[-114.61744,36.13846],[-114.61779,36.13888],[-114.61813,36.13836],[-114.61945,36.13829],[-114.6195,36.13863],[-114.62068,36.13885],[-114.62182,36.14023],[-114.62059,36.14245],[-114.62066,36.14328],[-114.6195,36.14477],[-114.6195,36.14575],[-114.62122,36.14494],[-114.62328,36.14305],[-114.62465,36.14368],[-114.62582,36.14356],[-114.62534,36.14157],[-114.62678,36.14328],[-114.62648,36.14578],[-114.62671,36.14607],[-114.6274,36.14569],[-114.62774,36.14677],[-114.62877,36.147],[-114.62946,36.14671],[-114.6299,36.14689],[-114.62978,36.14772],[-114.63015,36.14758],[-114.63087,36.14661],[-114.62962,36.14522],[-114.6298,36.14486],[-114.6321,36.14633],[-114.6328,36.14772],[-114.63392,36.14837],[-114.6342,36.14799],[-114.63362,36.14744],[-114.63402,36.14633],[-114.63288,36.14467],[-114.63392,36.14465],[-114.63635,36.14799],[-114.63839,36.14883],[-114.63907,36.1502],[-114.63925,36.1491],[-114.63971,36.14883],[-114.6392,36.14799],[-114.63804,36.14744],[-114.63682,36.1455],[-114.63665,36.14245],[-114.63736,36.14231],[-114.63959,36.14411],[-114.63994,36.14467],[-114.63936,36.14522],[-114.64113,36.14629],[-114.64147,36.14716],[-114.64097,36.14827],[-114.64216,36.14806],[-114.64354,36.15019],[-114.64388,36.14954],[-114.64668,36.1491],[-114.64376,36.14855],[-114.64388,36.14816],[-114.64492,36.14799],[-114.64438,36.14661],[-114.64363,36.14633],[-114.64471,36.1455],[-114.64382,36.14494],[-114.64434,36.14411],[-114.64251,36.14383],[-114.64182,36.14452],[-114.63868,36.14023],[-114.63907,36.14002],[-114.64148,36.14157],[-114.64216,36.14127],[-114.64285,36.14152],[-114.6418,36.13968],[-114.64216,36.13833],[-114.64491,36.14088],[-114.64731,36.14208],[-114.64766,36.14162],[-114.64643,36.14023],[-114.64671,36.1394],[-114.64557,36.13912],[-114.64432,36.1369],[-114.64477,36.1369],[-114.64573,36.13829],[-114.64628,36.13831],[-114.64628,36.13598],[-114.64766,36.13687],[-114.64834,36.1348],[-114.65246,36.13317],[-114.65384,36.13374],[-114.65452,36.13358],[-114.65693,36.12963],[-114.65772,36.1308],[-114.65752,36.13164],[-114.65598,36.13275],[-114.65437,36.13496],[-114.65274,36.13607],[-114.65224,36.1369],[-114.65139,36.13995],[-114.65246,36.14154],[-114.65315,36.14094],[-114.65418,36.1408],[-114.65487,36.14173],[-114.65521,36.14163],[-114.65521,36.13904],[-114.65658,36.13908],[-114.65761,36.13819],[-114.6583,36.13826],[-114.65991,36.13635],[-114.66105,36.13715],[-114.66139,36.13594],[-114.66311,36.13437],[-114.66448,36.13524],[-114.6661,36.13552],[-114.66654,36.13635],[-114.66757,36.13686],[-114.66691,36.1333],[-114.66755,36.13247],[-114.66757,36.13139],[-114.66825,36.1309],[-114.67169,36.13026],[-114.67375,36.13051],[-114.67787,36.12962],[-114.67821,36.1305],[-114.67924,36.1299],[-114.68061,36.13053],[-114.68164,36.12958],[-114.68267,36.12967],[-114.6833,36.13025],[-114.68334,36.13191],[-114.68542,36.13429],[-114.68576,36.13394],[-114.68714,36.13433],[-114.68784,36.13413],[-114.68633,36.13275],[-114.68611,36.13164],[-114.68679,36.12991],[-114.68799,36.12997],[-114.68776,36.13108],[-114.68817,36.13134],[-114.68988,36.12976],[-114.69057,36.13189],[-114.69194,36.13052],[-114.69366,36.13161],[-114.69469,36.13109],[-114.6959,36.13219],[-114.69538,36.13385],[-114.69641,36.13393],[-114.69709,36.13303],[-114.69797,36.13385],[-114.69687,36.13524],[-114.69723,36.13635],[-114.69628,36.13663],[-114.69617,36.13718],[-114.69866,36.13746],[-114.69847,36.13832],[-114.6995,36.13831],[-114.70053,36.13967],[-114.70156,36.13968],[-114.70156,36.14024],[-114.70224,36.14061],[-114.70325,36.14051],[-114.70402,36.13885],[-114.70533,36.13836],[-114.70705,36.1389],[-114.71014,36.14088],[-114.71192,36.14106],[-114.71254,36.14082],[-114.71289,36.1396],[-114.71368,36.1394],[-114.71325,36.13801],[-114.71014,36.13633],[-114.70945,36.13514],[-114.70877,36.13533],[-114.70745,36.13496],[-114.70706,36.1333],[-114.70533,36.13467],[-114.70293,36.1339],[-114.70159,36.13247],[-114.70123,36.13108],[-114.70128,36.12803],[-114.70224,36.12693],[-114.70327,36.12665],[-114.70527,36.12803],[-114.70653,36.12775],[-114.70703,36.12581],[-114.70666,36.12443],[-114.70766,36.12304],[-114.70713,36.12221],[-114.70877,36.1213],[-114.71048,36.1217],[-114.71117,36.12236],[-114.71254,36.12088],[-114.71285,36.1211],[-114.71183,36.12304],[-114.7125,36.12332],[-114.71218,36.12443],[-114.71254,36.12487],[-114.71392,36.12382],[-114.71424,36.12609],[-114.71392,36.12702],[-114.71632,36.12672],[-114.71838,36.12745],[-114.71819,36.12609],[-114.71679,36.12415],[-114.71701,36.12377],[-114.71907,36.1255],[-114.71978,36.12443],[-114.71975,36.12338],[-114.72216,36.12406],[-114.72284,36.12532],[-114.72381,36.12581],[-114.72353,36.12716],[-114.72559,36.12745],[-114.72594,36.12692],[-114.72491,36.12637],[-114.72566,36.12581],[-114.72483,36.1247],[-114.72529,36.12415],[-114.72378,36.12276],[-114.72471,36.12221],[-114.72247,36.12165],[-114.7224,36.12082],[-114.72156,36.12054],[-114.72094,36.11916],[-114.72216,36.11891],[-114.72319,36.11943],[-114.72387,36.11848],[-114.72613,36.12138],[-114.72673,36.12138],[-114.72649,36.12082],[-114.72731,36.11964],[-114.72881,36.11999],[-114.73005,36.12163],[-114.73039,36.11916],[-114.72958,36.11777],[-114.72966,36.11694],[-114.72724,36.11611],[-114.73005,36.11587],[-114.73089,36.11832],[-114.73177,36.11888],[-114.73211,36.11654],[-114.73349,36.11597],[-114.73385,36.11472],[-114.73262,36.11278],[-114.7328,36.11143],[-114.73434,36.11222],[-114.73591,36.11527],[-114.7352,36.11617],[-114.73374,36.11666],[-114.73419,36.11805],[-114.73516,36.1186],[-114.73417,36.11866],[-114.73211,36.11968],[-114.73211,36.12059],[-114.73692,36.12048],[-114.73546,36.12138],[-114.73681,36.12221],[-114.73577,36.12359],[-114.73589,36.12489],[-114.73623,36.12505],[-114.73738,36.12415],[-114.73829,36.12288],[-114.7396,36.12332],[-114.73998,36.12387],[-114.73914,36.12609],[-114.74123,36.12637],[-114.74141,36.1272],[-114.74266,36.12831],[-114.74276,36.12919],[-114.74653,36.13001],[-114.74722,36.13081],[-114.74653,36.12969],[-114.74477,36.12914],[-114.74379,36.12803],[-114.74359,36.12664],[-114.74501,36.12581],[-114.74283,36.12332],[-114.74447,36.12307],[-114.7455,36.12344],[-114.74622,36.12526],[-114.74791,36.12596],[-114.74861,36.12581],[-114.74786,36.12498],[-114.74825,36.12458],[-114.75065,36.12516],[-114.75101,36.12443],[-114.7505,36.12248],[-114.74962,36.12171],[-114.74826,36.12165],[-114.7476,36.1211],[-114.74785,36.12054],[-114.75031,36.12051],[-114.75129,36.11999],[-114.751,36.11958],[-114.74861,36.11888],[-114.74937,36.11832],[-114.74894,36.11772],[-114.74982,36.11722],[-114.74874,36.11638],[-114.74898,36.11583],[-114.751,36.11594],[-114.75192,36.11555],[-114.751,36.11443],[-114.74937,36.11389],[-114.74962,36.11245],[-114.751,36.11186],[-114.75135,36.11306],[-114.75203,36.11357],[-114.75306,36.11406],[-114.75499,36.11361],[-114.75546,36.1142],[-114.75547,36.11361],[-114.75649,36.1129],[-114.75984,36.11278],[-114.75959,36.11195],[-114.76198,36.11084],[-114.76243,36.10945],[-114.76405,36.10751],[-114.76408,36.10612],[-114.7661,36.10393],[-114.76555,36.10224],[-114.76679,36.10197],[-114.76816,36.10241],[-114.769,36.10196],[-114.76645,36.09974],[-114.76748,36.09754],[-114.76816,36.09747],[-114.76988,36.09989],[-114.77468,36.0978],[-114.77587,36.0953],[-114.77709,36.09447],[-114.77642,36.09392],[-114.7764,36.09179],[-114.7788,36.09301],[-114.77909,36.09281],[-114.77846,36.0913],[-114.77983,36.09253],[-114.77943,36.09364],[-114.78084,36.0953],[-114.78,36.09641],[-114.77983,36.09946],[-114.78103,36.10085],[-114.78076,36.10141],[-114.77983,36.10174],[-114.78052,36.10333],[-114.7839,36.10612],[-114.78401,36.10668],[-114.78292,36.108],[-114.77993,36.10917],[-114.77846,36.11026],[-114.77777,36.11],[-114.77777,36.11033],[-114.77915,36.11185],[-114.78225,36.11278],[-114.78284,36.11333],[-114.78464,36.1126],[-114.7856,36.11306],[-114.78459,36.11389],[-114.78561,36.11527],[-114.78672,36.11472],[-114.78676,36.11389],[-114.78905,36.11056],[-114.79082,36.10991],[-114.79182,36.11],[-114.79217,36.11056],[-114.79182,36.1125],[-114.79391,36.11359],[-114.79631,36.11308],[-114.80043,36.11306],[-114.80181,36.11251],[-114.80318,36.11111],[-114.8052,36.11167],[-114.8068,36.11278],[-114.80722,36.11361],[-114.81073,36.11336],[-114.811,36.11139],[-114.80945,36.11028],[-114.80796,36.10668],[-114.80488,36.10501],[-114.80466,36.10418],[-114.80524,36.10378],[-114.81073,36.10673],[-114.81209,36.10695],[-114.81245,36.10755],[-114.81417,36.10661],[-114.81554,36.10676],[-114.81713,36.10779],[-114.81919,36.11167],[-114.81901,36.1125],[-114.81932,36.11271],[-114.82,36.11219],[-114.82069,36.11242],[-114.82172,36.11379],[-114.82618,36.11545],[-114.82772,36.11666],[-114.82756,36.11737],[-114.82611,36.11805],[-114.82502,36.11916],[-114.82618,36.11997],[-114.82721,36.12028],[-114.82955,36.11832],[-114.83065,36.11794],[-114.83202,36.11807],[-114.83252,36.11916],[-114.83305,36.11813],[-114.83408,36.11823],[-114.83683,36.11954],[-114.83854,36.11896],[-114.83957,36.11913],[-114.84044,36.11832],[-114.84043,36.11749],[-114.83786,36.11675],[-114.83717,36.11582],[-114.83511,36.11538],[-114.83477,36.11416],[-114.83339,36.11411],[-114.83168,36.11497],[-114.83065,36.11496],[-114.82996,36.11433],[-114.82927,36.11444],[-114.82744,36.11361],[-114.82756,36.11306],[-114.82857,36.1125],[-114.82824,36.112],[-114.82618,36.11281],[-114.8244,36.1125],[-114.82535,36.11084],[-114.82308,36.11167],[-114.82307,36.11084],[-114.82251,36.11028],[-114.82344,36.10945],[-114.82319,36.10889],[-114.82087,36.10973],[-114.82141,36.10889],[-114.82027,36.10751],[-114.82103,36.10723],[-114.82019,36.10668],[-114.82079,36.10584],[-114.82065,36.10529],[-114.81954,36.10473],[-114.82,36.10427],[-114.82244,36.10446],[-114.82378,36.10336],[-114.82309,36.1033],[-114.82138,36.10136],[-114.82035,36.10097],[-114.81966,36.10121],[-114.81829,36.10308],[-114.8176,36.10312],[-114.81691,36.10233],[-114.81576,36.10224],[-114.81629,36.10085],[-114.81382,36.09914],[-114.81337,36.09808],[-114.81485,36.09644],[-114.81761,36.09586],[-114.81761,36.09475],[-114.8163,36.09447],[-114.81625,36.09364],[-114.81368,36.09086],[-114.81279,36.09084],[-114.81312,36.0917],[-114.81176,36.09251],[-114.80799,36.09349],[-114.80713,36.09281],[-114.80826,36.09142],[-114.80594,36.0917],[-114.80223,36.09003],[-114.80397,36.08892],[-114.80237,36.08837],[-114.8032,36.08642],[-114.80249,36.08656],[-114.80156,36.08587],[-114.80114,36.08393],[-114.79769,36.08334],[-114.79494,36.08451],[-114.79425,36.08583],[-114.79357,36.08595],[-114.79288,36.08579],[-114.79282,36.08531],[-114.79429,36.08393],[-114.7946,36.08282],[-114.79288,36.08277],[-114.79082,36.08404],[-114.78876,36.0838],[-114.78638,36.08282],[-114.78628,36.08143],[-114.78945,36.07977],[-114.7911,36.0781],[-114.79169,36.07533],[-114.79133,36.07338],[-114.79481,36.07144],[-114.79563,36.07029],[-114.7973,36.06395],[-114.79825,36.06284],[-114.79882,36.05979],[-114.79891,36.05701],[-114.79817,36.05562],[-114.79796,36.05312],[-114.79219,36.04725],[-114.78361,36.04239],[-114.77658,36.03702],[-114.7743,36.0323],[-114.7721,36.03008],[-114.77022,36.02605],[-114.76713,36.02508],[-114.76301,36.0228],[-114.76061,36.02228],[-114.7571,36.02231],[-114.75374,36.02435],[-114.74983,36.02536],[-114.74619,36.02724],[-114.7445,36.02925],[-114.74429,36.03119],[-114.74303,36.03341],[-114.74167,36.03536],[-114.7407,36.03579],[-114.73692,36.03574],[-114.7352,36.03465],[-114.73349,36.0344],[-114.72937,36.03143],[-114.72452,36.02925],[-114.72431,36.02869],[-114.72478,36.02814],[-114.72662,36.02728],[-114.72902,36.02532],[-114.73001,36.02508],[-114.72957,36.02314],[-114.7304,36.02217],[-114.73197,36.02203],[-114.73297,36.02147],[-114.73323,36.02036],[-114.73768,36.01731],[-114.73589,36.01562],[-114.73305,36.01703],[-114.73074,36.01911],[-114.72971,36.01924],[-114.7278,36.01842],[-114.72827,36.02064],[-114.72799,36.02089],[-114.72734,36.02036],[-114.72662,36.02057],[-114.72593,36.02318],[-114.72422,36.02475],[-114.72387,36.02439],[-114.72353,36.0246],[-114.7225,36.02618],[-114.7201,36.02783],[-114.71922,36.0323],[-114.72043,36.03425],[-114.72044,36.03523],[-114.71907,36.03584],[-114.7122,36.03546],[-114.71185,36.03564],[-114.71223,36.03647],[-114.71154,36.03702],[-114.71186,36.03758],[-114.71392,36.03823],[-114.71632,36.03863],[-114.71735,36.03841],[-114.71829,36.03897],[-114.71652,36.0398],[-114.71769,36.0408],[-114.71769,36.04171],[-114.71984,36.04091],[-114.71975,36.04169],[-114.71913,36.04202],[-114.71975,36.04271],[-114.72216,36.04085],[-114.72353,36.04103],[-114.72442,36.0423],[-114.72294,36.04424],[-114.72456,36.04472],[-114.72522,36.04535],[-114.7252,36.04674],[-114.72455,36.04785],[-114.72578,36.04813],[-114.7249,36.04896],[-114.72489,36.04952],[-114.72579,36.04979],[-114.72593,36.05033],[-114.72796,36.05063],[-114.72769,36.05146],[-114.72872,36.05174],[-114.7293,36.05285],[-114.72888,36.0534],[-114.72619,36.05396],[-114.72579,36.05451],[-114.72685,36.05479],[-114.72731,36.05543],[-114.72868,36.05508],[-114.72941,36.05534],[-114.72971,36.05667],[-114.73061,36.05534],[-114.73051,36.05479],[-114.73108,36.0545],[-114.73236,36.05645],[-114.73209,36.05784],[-114.73085,36.05867],[-114.7304,36.0612],[-114.72834,36.06007],[-114.72404,36.06117],[-114.7257,36.06201],[-114.72497,36.06312],[-114.72541,36.06339],[-114.72527,36.06395],[-114.72593,36.06453],[-114.72696,36.06421],[-114.72752,36.0645],[-114.72692,36.06561],[-114.72795,36.06645],[-114.72714,36.067],[-114.72855,36.06839],[-114.72683,36.06894],[-114.72703,36.0695],[-114.72627,36.07089],[-114.72696,36.07079],[-114.72867,36.07172],[-114.72941,36.07338],[-114.72662,36.07383],[-114.7258,36.07449],[-114.72585,36.07505],[-114.72728,36.07588],[-114.7251,36.07644],[-114.72626,36.07727],[-114.7256,36.0781],[-114.72624,36.07866],[-114.7249,36.08197],[-114.72319,36.08392],[-114.72078,36.08533],[-114.71907,36.08541],[-114.71733,36.08476],[-114.71735,36.08625],[-114.71357,36.08752],[-114.71305,36.08837],[-114.71151,36.08869],[-114.71083,36.08945],[-114.70877,36.08974],[-114.70742,36.09059],[-114.70568,36.09054],[-114.70396,36.09168],[-114.70156,36.09088],[-114.70121,36.09228],[-114.70018,36.09235],[-114.69911,36.09336],[-114.69641,36.09414],[-114.69538,36.09608],[-114.69408,36.09697],[-114.69091,36.09668],[-114.68988,36.09805],[-114.6892,36.0977],[-114.68857,36.09586],[-114.68748,36.09471],[-114.68611,36.09689],[-114.68473,36.09657],[-114.68405,36.09755],[-114.68154,36.09835],[-114.6813,36.101],[-114.68061,36.10134],[-114.67958,36.10033],[-114.67835,36.10057],[-114.67777,36.10196],[-114.67603,36.10362],[-114.67613,36.10446],[-114.67546,36.10469],[-114.67538,36.10529],[-114.67344,36.10584],[-114.67379,36.10723],[-114.67337,36.10806],[-114.67169,36.10894],[-114.6686,36.11192],[-114.66757,36.11173],[-114.66722,36.113],[-114.66614,36.11333],[-114.66551,36.11461],[-114.66345,36.11505],[-114.66276,36.11594],[-114.66036,36.11611],[-114.66084,36.11805],[-114.66002,36.11801],[-114.65967,36.11883],[-114.6583,36.11672],[-114.65761,36.11698],[-114.65624,36.11537],[-114.6559,36.11682],[-114.65555,36.11655],[-114.65315,36.11348],[-114.65175,36.11666],[-114.65252,36.11749],[-114.65247,36.11832],[-114.65143,36.11889],[-114.64906,36.11916],[-114.65048,36.12082],[-114.65012,36.12165],[-114.65118,36.12304],[-114.65194,36.12332],[-114.64984,36.12609],[-114.6484,36.12637],[-114.6503,36.12748],[-114.648,36.1289],[-114.64697,36.12877],[-114.64354,36.1318],[-114.64268,36.13164],[-114.64182,36.13078],[-114.64106,36.13191],[-114.63976,36.13201],[-114.63839,36.13138],[-114.63633,36.13109],[-114.63633,36.13042],[-114.63564,36.13022],[-114.63525,36.13136],[-114.63597,36.13358],[-114.63565,36.13413],[-114.63409,36.13469],[-114.63324,36.13654],[-114.63221,36.1362],[-114.63173,36.13746],[-114.63108,36.13774],[-114.63083,36.13897],[-114.63035,36.13885],[-114.6298,36.13702],[-114.62877,36.1379],[-114.62741,36.13746],[-114.62633,36.1358],[-114.62603,36.13353],[-114.6243,36.13275],[-114.62431,36.13096],[-114.62397,36.13081],[-114.62294,36.13151],[-114.62153,36.13053],[-114.62053,36.12914],[-114.62053,36.12764],[-114.61974,36.12803],[-114.61916,36.12917],[-114.61738,36.12886],[-114.61716,36.12775],[-114.61676,36.12764],[-114.61536,36.12886],[-114.61332,36.12937],[-114.61243,36.12914],[-114.61209,36.12831],[-114.61358,36.12664],[-114.61298,36.12555],[-114.61283,36.12692],[-114.61126,36.12704],[-114.61058,36.12761],[-114.60955,36.12696],[-114.60907,36.1272],[-114.6092,36.12933],[-114.60817,36.1298],[-114.60714,36.12831],[-114.60718,36.12886],[-114.60647,36.12914],[-114.6064,36.13053],[-114.60268,36.1315],[-114.60199,36.13221],[-114.59993,36.12926],[-114.59925,36.12997],[-114.60015,36.13136],[-114.59973,36.13219],[-114.60025,36.13275],[-114.60014,36.13358],[-114.59925,36.13333],[-114.59684,36.13595],[-114.59491,36.1358],[-114.59527,36.13746],[-114.5945,36.13885],[-114.59302,36.13995],[-114.59204,36.14018],[-114.59066,36.13927],[-114.58998,36.13957],[-114.58846,36.13912],[-114.58946,36.14079],[-114.58774,36.143],[-114.58654,36.14384],[-114.58448,36.14369],[-114.58299,36.14189],[-114.58177,36.1394],[-114.58104,36.13912],[-114.58134,36.13995],[-114.58078,36.14106],[-114.58227,36.143],[-114.58174,36.1436],[-114.58105,36.14372],[-114.58002,36.1447],[-114.57933,36.14425],[-114.57917,36.1455],[-114.57848,36.14633],[-114.57624,36.14719],[-114.57548,36.14827],[-114.57383,36.14938],[-114.57212,36.15014],[-114.57178,36.14899],[-114.57006,36.15085],[-114.56182,36.15049],[-114.55873,36.15163],[-114.55705,36.15132],[-114.55633,36.15059],[-114.55496,36.15163],[-114.55419,36.15132],[-114.55359,36.15029],[-114.55153,36.14992],[-114.54981,36.14881],[-114.54878,36.14943],[-114.54834,36.14855],[-114.54638,36.14826],[-114.54367,36.1455],[-114.5426,36.14669],[-114.54185,36.14605],[-114.54157,36.14489],[-114.5402,36.14556],[-114.54002,36.14633],[-114.54075,36.14716],[-114.5403,36.14772],[-114.53917,36.14745],[-114.53779,36.1463],[-114.53786,36.14689],[-114.53676,36.14791],[-114.53608,36.14787],[-114.5347,36.14719],[-114.53231,36.143],[-114.53028,36.14162],[-114.53075,36.14051],[-114.52955,36.13944],[-114.52829,36.1394],[-114.52851,36.13885],[-114.52772,36.13857],[-114.52749,36.13727],[-114.52646,36.13714],[-114.52509,36.13608],[-114.52372,36.13617],[-114.52314,36.1358],[-114.52303,36.13508],[-114.52582,36.13413],[-114.52544,36.13191],[-114.52432,36.13164],[-114.52408,36.12997],[-114.52291,36.12914],[-114.52297,36.12775],[-114.52243,36.1272],[-114.52303,36.12581],[-114.52205,36.12581],[-114.52063,36.12652],[-114.52087,36.12526],[-114.52159,36.1247],[-114.52097,36.12447],[-114.51857,36.12549],[-114.51831,36.12526],[-114.51865,36.12387],[-114.52273,36.12332],[-114.52307,36.12248],[-114.52234,36.11982],[-114.52097,36.1196],[-114.51994,36.11843],[-114.51857,36.11896],[-114.51832,36.1186],[-114.51927,36.11694],[-114.51788,36.117],[-114.51754,36.11645],[-114.51651,36.11666],[-114.51616,36.11745],[-114.51239,36.11795],[-114.51201,36.11749],[-114.5126,36.11694],[-114.5119,36.11638],[-114.51264,36.11527],[-114.5117,36.11421],[-114.51101,36.11444],[-114.51033,36.11552],[-114.50968,36.11555],[-114.50895,36.11708],[-114.50758,36.11741],[-114.50642,36.11722],[-114.50751,36.11666],[-114.50728,36.11583],[-114.50792,36.1151],[-114.50997,36.11444],[-114.50969,36.11361],[-114.51033,36.11333],[-114.51002,36.1125],[-114.5117,36.11222],[-114.51138,36.11139],[-114.50964,36.11105],[-114.5088,36.11028],[-114.50889,36.10889],[-114.50768,36.10862],[-114.50724,36.10789],[-114.5072,36.10862],[-114.50552,36.11099],[-114.5038,36.1117],[-114.50287,36.11167],[-114.50174,36.11304],[-114.50058,36.11222],[-114.50209,36.11111],[-114.50244,36.10917],[-114.50174,36.10906],[-114.5004,36.10779],[-114.49974,36.1064],[-114.49968,36.10473],[-114.49659,36.10412],[-114.4935,36.10521],[-114.49238,36.1039],[-114.49251,36.10196],[-114.48801,36.09972],[-114.47599,36.09969],[-114.4729,36.1005],[-114.47183,36.10501],[-114.46947,36.10494],[-114.46878,36.10445],[-114.46638,36.10421],[-114.46363,36.10577],[-114.46054,36.10473],[-114.46077,36.1064],[-114.4578,36.10914],[-114.45471,36.11021],[-114.45402,36.11126],[-114.45344,36.11111],[-114.45284,36.11],[-114.45174,36.11],[-114.45121,36.10806],[-114.45154,36.10557],[-114.45116,36.10224],[-114.44989,36.09752],[-114.45024,36.09631],[-114.45333,36.09393],[-114.45402,36.09247],[-114.45416,36.08892],[-114.45531,36.08698],[-114.45543,36.08587],[-114.45679,36.08476],[-114.45549,36.08421],[-114.45544,36.08365],[-114.45711,36.08208],[-114.45848,36.0822],[-114.45746,36.07866],[-114.4585,36.07755],[-114.45853,36.07616],[-114.4602,36.07427],[-114.46123,36.07116],[-114.46089,36.07079],[-114.45854,36.07089],[-114.45677,36.06978],[-114.45606,36.07005],[-114.45479,36.06922],[-114.45514,36.06839],[-114.45436,36.06867],[-114.455,36.0695],[-114.45434,36.07172],[-114.45368,36.07224],[-114.45091,36.072],[-114.45127,36.07606],[-114.44887,36.07641],[-114.44826,36.07616],[-114.44818,36.07542],[-114.44749,36.07644],[-114.44779,36.07727],[-114.44681,36.07774],[-114.44599,36.07893],[-114.44578,36.08024],[-114.44441,36.08112],[-114.44344,36.08088],[-114.44304,36.08032],[-114.44269,36.08059],[-114.44332,36.08143],[-114.44269,36.08199],[-114.44163,36.08504],[-114.44063,36.08598],[-114.43907,36.08559],[-114.44028,36.0867],[-114.43939,36.08809],[-114.44029,36.08782],[-114.44108,36.08892],[-114.43736,36.09336],[-114.43739,36.09392],[-114.43913,36.09503],[-114.43888,36.09641],[-114.43788,36.09669],[-114.43889,36.0978],[-114.43822,36.09891],[-114.43805,36.10057],[-114.43825,36.10141],[-114.4396,36.10224],[-114.44068,36.10362],[-114.44038,36.10529],[-114.43961,36.10612],[-114.44025,36.10751],[-114.43972,36.10834],[-114.43892,36.10818],[-114.43754,36.10891],[-114.43583,36.10818],[-114.43512,36.10862],[-114.43686,36.11054],[-114.43892,36.10975],[-114.43931,36.11028],[-114.43811,36.11139],[-114.44003,36.11222],[-114.44061,36.11361],[-114.4396,36.11394],[-114.43949,36.11472],[-114.43823,36.11497],[-114.43763,36.11555],[-114.43892,36.11561],[-114.43992,36.11638],[-114.43994,36.11722],[-114.43926,36.11774],[-114.43892,36.11752],[-114.43817,36.1186],[-114.43617,36.11971],[-114.4348,36.11939],[-114.43376,36.1186],[-114.43445,36.11736],[-114.43342,36.11747],[-114.43205,36.11638],[-114.43175,36.11694],[-114.43258,36.11832],[-114.43205,36.11877],[-114.43102,36.11833],[-114.43068,36.11948],[-114.42953,36.1186],[-114.43042,36.11722],[-114.42958,36.11583],[-114.4304,36.115],[-114.43027,36.11416],[-114.43273,36.11361],[-114.43205,36.11224],[-114.43102,36.11316],[-114.42999,36.11262],[-114.4293,36.11316],[-114.42754,36.11306],[-114.42689,36.11222],[-114.42764,36.11084],[-114.42621,36.11094],[-114.42656,36.10929],[-114.42587,36.10944],[-114.42481,36.10889],[-114.42415,36.10757],[-114.42399,36.10834],[-114.42361,36.10834],[-114.42209,36.10703],[-114.41935,36.10566],[-114.419,36.10434],[-114.41821,36.10473],[-114.41864,36.10557],[-114.42244,36.10833],[-114.42205,36.10889],[-114.42487,36.10973],[-114.42469,36.11167],[-114.42278,36.11128],[-114.42278,36.11222],[-114.42484,36.11237],[-114.42532,36.11306],[-114.42494,36.11361],[-114.42588,36.11389],[-114.42587,36.11477],[-114.4269,36.11483],[-114.42724,36.11428],[-114.42821,36.11472],[-114.42716,36.11583],[-114.42741,36.11694],[-114.42656,36.11686],[-114.42623,36.11722],[-114.42689,36.11777],[-114.42639,36.11832],[-114.42771,36.11888],[-114.42687,36.11943],[-114.4278,36.12027],[-114.42717,36.12082],[-114.42518,36.121],[-114.42544,36.12027],[-114.42484,36.11971],[-114.42381,36.12043],[-114.42312,36.11972],[-114.42289,36.12082],[-114.42356,36.12138],[-114.42278,36.12167],[-114.42271,36.12054],[-114.42038,36.11827],[-114.42073,36.11999],[-114.42015,36.12054],[-114.42072,36.12117],[-114.41935,36.12139],[-114.41797,36.11986],[-114.41763,36.12084],[-114.4166,36.12012],[-114.41659,36.12138],[-114.41591,36.12149],[-114.41582,36.12082],[-114.41456,36.11999],[-114.41511,36.11888],[-114.4142,36.11915],[-114.41389,36.11888],[-114.41351,36.11748],[-114.41214,36.1161],[-114.41083,36.11361],[-114.41077,36.11278],[-114.40802,36.11184],[-114.40784,36.11333],[-114.40731,36.11361],[-114.408,36.11416],[-114.4083,36.11638],[-114.40733,36.11749],[-114.40699,36.11881],[-114.40493,36.11939],[-114.4039,36.12107],[-114.40251,36.1211],[-114.40218,36.12219],[-114.40117,36.12193],[-114.40115,36.12109],[-114.40079,36.1211],[-114.40012,36.12261],[-114.39943,36.12238],[-114.3984,36.1234],[-114.39669,36.12358],[-114.397,36.12387],[-114.39646,36.1247],[-114.39531,36.12498],[-114.3936,36.1266],[-114.39245,36.12664],[-114.39085,36.12741],[-114.38913,36.12687],[-114.389,36.12775],[-114.38776,36.12845],[-114.38515,36.12831],[-114.38607,36.13025],[-114.38566,36.1308],[-114.38597,36.13302],[-114.38364,36.13364],[-114.38261,36.13441],[-114.38158,36.13358],[-114.38089,36.13444],[-114.37609,36.13268],[-114.37471,36.13288],[-114.37437,36.13228],[-114.37235,36.13191],[-114.37221,36.13108],[-114.36888,36.13095],[-114.3691,36.12942],[-114.36794,36.12914],[-114.36785,36.12822],[-114.36576,36.12831],[-114.36635,36.12664],[-114.36441,36.1237],[-114.36373,36.12408],[-114.36305,36.12359],[-114.36235,36.12088],[-114.36032,36.12248],[-114.35892,36.12054],[-114.35871,36.11943],[-114.35723,36.1186],[-114.3572,36.11805],[-114.35926,36.11745],[-114.36029,36.11614],[-114.36201,36.11584],[-114.36123,36.11333],[-114.36215,36.11167],[-114.36187,36.11056],[-114.36266,36.10945],[-114.36098,36.11002],[-114.35959,36.11333],[-114.35823,36.11467],[-114.3568,36.11416],[-114.35572,36.1125],[-114.3548,36.11189],[-114.35513,36.11306],[-114.35377,36.11363],[-114.35339,36.11444],[-114.3548,36.11626],[-114.35411,36.11641],[-114.35343,36.11576],[-114.35102,36.11548],[-114.35068,36.11584],[-114.34931,36.11573],[-114.34862,36.11656],[-114.3469,36.11655],[-114.34625,36.11583],[-114.34656,36.1138],[-114.34519,36.1142],[-114.34449,36.11361],[-114.3426,36.11111],[-114.34026,36.10945],[-114.33864,36.10751],[-114.33795,36.1064],[-114.33914,36.10612],[-114.33764,36.10552],[-114.33748,36.10418],[-114.33626,36.10507],[-114.33409,36.10362],[-114.3341,36.10279],[-114.33514,36.10196],[-114.33337,36.10168],[-114.33333,36.10113],[-114.33419,36.10057],[-114.33352,36.09997],[-114.33141,36.09946],[-114.3323,36.09835],[-114.33135,36.0978],[-114.33213,36.09669],[-114.33352,36.09703],[-114.33592,36.09616],[-114.33729,36.0965],[-114.34064,36.09586],[-114.33867,36.09515],[-114.3381,36.09447],[-114.34063,36.09253],[-114.33867,36.09211],[-114.33823,36.09308],[-114.33592,36.09373],[-114.33481,36.09281],[-114.33461,36.0917],[-114.33214,36.0908],[-114.33142,36.09114],[-114.33118,36.09225],[-114.32984,36.09281],[-114.3298,36.09503],[-114.32802,36.09799],[-114.32768,36.09792],[-114.32683,36.09752],[-114.32734,36.0964],[-114.32562,36.09629],[-114.3249,36.09558],[-114.3246,36.09419],[-114.32551,36.09308],[-114.32353,36.0917],[-114.32607,36.09031],[-114.32608,36.08975],[-114.32493,36.09021],[-114.32356,36.08976],[-114.32253,36.08993],[-114.32014,36.08726],[-114.31945,36.08421],[-114.32116,36.08367],[-114.32225,36.08393],[-114.32224,36.08337],[-114.32081,36.08309],[-114.32013,36.08254],[-114.32159,36.08143],[-114.3239,36.08171],[-114.32432,36.08115],[-114.3234,36.08032],[-114.32329,36.07893],[-114.32237,36.07838],[-114.32225,36.07782],[-114.32322,36.07702],[-114.32415,36.07699],[-114.32493,36.07587],[-114.32631,36.07643],[-114.32631,36.07539],[-114.32802,36.07469],[-114.33043,36.07542],[-114.33111,36.07608],[-114.33128,36.07533],[-114.32946,36.07394],[-114.32944,36.07311],[-114.33214,36.07363],[-114.33286,36.072],[-114.3342,36.07181],[-114.33695,36.07243],[-114.33764,36.07351],[-114.33922,36.07311],[-114.3381,36.07172],[-114.33696,36.07116],[-114.33776,36.07089],[-114.33795,36.06978],[-114.33695,36.0701],[-114.33592,36.06991],[-114.33523,36.0703],[-114.33455,36.06949],[-114.33249,36.06912],[-114.33214,36.06842],[-114.33111,36.0686],[-114.32876,36.06783],[-114.32945,36.067],[-114.33067,36.06672],[-114.33013,36.06534],[-114.33077,36.06491],[-114.33249,36.06434],[-114.33489,36.0645],[-114.33396,36.06395],[-114.33489,36.06284],[-114.3342,36.06206],[-114.33386,36.06311],[-114.33317,36.06347],[-114.33008,36.06375],[-114.33143,36.06201],[-114.33077,36.06185],[-114.32871,36.0634],[-114.32734,36.06367],[-114.32699,36.06429],[-114.32445,36.06506],[-114.3239,36.06585],[-114.32253,36.06578],[-114.32185,36.06534],[-114.32403,36.06423],[-114.32493,36.06283],[-114.32653,36.06256],[-114.32631,36.06159],[-114.32802,36.0616],[-114.32851,36.06034],[-114.32794,36.05979],[-114.32971,36.05895],[-114.3294,36.05867],[-114.32596,36.059],[-114.3253,36.05867],[-114.32598,36.05812],[-114.32599,36.05701],[-114.32542,36.05645],[-114.32642,36.0559],[-114.32564,36.05534],[-114.32631,36.05495],[-114.32768,36.055],[-114.32905,36.05637],[-114.32974,36.0558],[-114.33048,36.0559],[-114.33043,36.05462],[-114.33146,36.05523],[-114.33289,36.05507],[-114.33256,36.05368],[-114.3332,36.05035],[-114.33271,36.04979],[-114.3331,36.04924],[-114.33592,36.04787],[-114.33764,36.04767],[-114.33888,36.04841],[-114.3388,36.04785],[-114.34019,36.04702],[-114.33867,36.04715],[-114.33729,36.04646],[-114.33558,36.04631],[-114.33386,36.04707],[-114.33249,36.04687],[-114.33088,36.04563],[-114.33077,36.04498],[-114.32974,36.04502],[-114.3294,36.0437],[-114.32876,36.04452],[-114.32773,36.0448],[-114.32804,36.04535],[-114.32772,36.04702],[-114.32699,36.04807],[-114.32586,36.04757],[-114.32646,36.04507],[-114.32592,36.04452],[-114.32528,36.04562],[-114.32322,36.04618],[-114.32184,36.04739],[-114.32081,36.04746],[-114.32013,36.04678],[-114.31841,36.04756],[-114.31822,36.04868],[-114.31704,36.0491],[-114.31669,36.04969],[-114.31532,36.0492],[-114.31429,36.05037],[-114.31292,36.0503],[-114.31223,36.05091],[-114.31154,36.04968],[-114.30942,36.05063],[-114.30901,36.04979],[-114.30923,36.04841],[-114.30811,36.04889],[-114.30786,36.04841],[-114.30835,36.04785],[-114.30805,36.04729],[-114.30845,36.04591],[-114.30914,36.04521],[-114.31007,36.04535],[-114.30984,36.04424],[-114.30897,36.04396],[-114.30911,36.04369],[-114.3112,36.04336],[-114.31436,36.04091],[-114.3136,36.04146],[-114.31223,36.04151],[-114.3112,36.04091],[-114.31239,36.03924],[-114.31051,36.0395],[-114.31125,36.03841],[-114.31059,36.03786],[-114.31017,36.03519],[-114.30988,36.0373],[-114.30881,36.03813],[-114.30777,36.03998],[-114.30649,36.04035],[-114.30571,36.04215],[-114.30433,36.04205],[-114.30365,36.04095],[-114.29953,36.04174],[-114.29924,36.0423],[-114.2997,36.04313],[-114.29918,36.04418],[-114.29851,36.04313],[-114.29883,36.0423],[-114.29678,36.04201],[-114.29518,36.04313],[-114.29506,36.04378],[-114.29396,36.04341],[-114.29266,36.04497],[-114.29252,36.04341],[-114.29327,36.0423],[-114.29266,36.04159],[-114.29196,36.04147],[-114.29232,36.04053],[-114.29129,36.04008],[-114.28854,36.04195],[-114.28785,36.04161],[-114.28682,36.04183],[-114.28648,36.04128],[-114.28624,36.04258],[-114.2871,36.04285],[-114.28717,36.04329],[-114.28511,36.04477],[-114.28468,36.04424],[-114.28524,36.04341],[-114.2834,36.04341],[-114.28335,36.04258],[-114.28202,36.04229],[-114.28167,36.04289],[-114.28064,36.04302],[-114.2799,36.04258],[-114.27974,36.04174],[-114.27984,36.04035],[-114.28102,36.03786],[-114.28074,36.03702],[-114.28201,36.03508],[-114.28339,36.03534],[-114.28375,36.0348],[-114.28099,36.03402],[-114.28092,36.03369],[-114.28202,36.03318],[-114.28373,36.03382],[-114.28594,36.03341],[-114.2846,36.03286],[-114.28442,36.03191],[-114.28224,36.03175],[-114.28202,36.02902],[-114.2807,36.0298],[-114.2803,36.03061],[-114.27996,36.0304],[-114.27858,36.03087],[-114.27824,36.03144],[-114.27759,36.03119],[-114.27793,36.03036],[-114.27712,36.03008],[-114.27687,36.0289],[-114.27652,36.02879],[-114.27584,36.02993],[-114.27481,36.02944],[-114.27378,36.02979],[-114.27382,36.02925],[-114.27543,36.02758],[-114.27538,36.02675],[-114.2743,36.0262],[-114.27446,36.02481],[-114.27575,36.02397],[-114.27861,36.01786],[-114.27584,36.0208],[-114.27465,36.01925],[-114.27412,36.01914],[-114.27434,36.02009],[-114.27388,36.0212],[-114.27172,36.0224],[-114.27012,36.02425],[-114.26828,36.02473],[-114.26554,36.02272],[-114.26485,36.02329],[-114.26299,36.02203],[-114.26361,36.0212],[-114.2621,36.01937],[-114.26039,36.02055],[-114.2597,36.0198],[-114.25901,36.0202],[-114.25804,36.02009],[-114.2578,36.01953],[-114.25836,36.01898],[-114.25836,36.01814],[-114.25764,36.0169],[-114.25592,36.01745],[-114.25558,36.01793],[-114.25495,36.01786],[-114.25493,36.01592],[-114.25362,36.01537],[-114.25413,36.01342],[-114.25336,36.01342],[-114.25146,36.0152],[-114.25128,36.01398],[-114.2528,36.01231],[-114.25215,36.00976],[-114.25146,36.01186],[-114.25077,36.01186],[-114.24837,36.01391],[-114.24768,36.01395],[-114.247,36.01314],[-114.247,36.01239],[-114.24557,36.01176],[-114.24528,36.01102],[-114.24445,36.01064],[-114.24455,36.01009],[-114.24363,36.01009],[-114.2454,36.00648],[-114.24542,36.00426],[-114.24494,36.00399],[-114.24468,36.00426]]}},{"type":"Feature","properties":{"elevation":1050,"label":"1,050 ft \u00b7 SNWA Intake 1"},"geometry":{"type":"LineString","coordinates":[[-114.39978,36.23241],[-114.40099,36.23278],[-114.40133,36.23361],[-114.39978,36.23436],[-114.39918,36.23361],[-114.39978,36.23241]]}},{"type":"Feature","properties":{"elevation":1050,"label":"1,050 ft \u00b7 SNWA Intake 1"},"geometry":{"type":"LineString","coordinates":[[-114.39737,36.21878],[-114.40053,36.22004],[-114.4008,36.2206],[-114.40014,36.22226],[-114.39943,36.22172],[-114.39737,36.22168],[-114.39737,36.21878]]}},{"type":"Feature","properties":{"elevation":1050,"label":"1,050 ft \u00b7 SNWA Intake 1"},"geometry":{"type":"LineString","coordinates":[[-114.42621,36.20783],[-114.42719,36.20813],[-114.42752,36.20924],[-114.42587,36.20987],[-114.42526,36.20896],[-114.42621,36.20783]]}},{"type":"Feature","properties":{"elevation":1050,"label":"1,050 ft \u00b7 SNWA Intake 1"},"geometry":{"type":"LineString","coordinates":[[-114.4451,36.15265],[-114.44637,36.15326],[-114.44653,36.15382],[-114.4464,36.15437],[-114.44544,36.15491],[-114.44423,36.15465],[-114.44316,36.15382],[-114.4451,36.15265]]}},{"type":"Feature","properties":{"elevation":1050,"label":"1,050 ft \u00b7 SNWA Intake 1"},"geometry":{"type":"LineString","coordinates":[[-114.54226,36.14742],[-114.54361,36.1491],[-114.54338,36.14938],[-114.54191,36.14883],[-114.5418,36.14772],[-114.54226,36.14742]]}},{"type":"Feature","properties":{"elevation":1050,"label":"1,050 ft \u00b7 SNWA Intake 1"},"geometry":{"type":"LineString","coordinates":[[-114.66276,36.12391],[-114.66341,36.12415],[-114.66327,36.12498],[-114.66208,36.12635],[-114.66163,36.12581],[-114.66276,36.12391]]}},{"type":"Feature","properties":{"elevation":1050,"label":"1,050 ft \u00b7 SNWA Intake 1"},"geometry":{"type":"LineString","coordinates":[[-114.70293,36.12223],[-114.70362,36.12304],[-114.70365,36.1247],[-114.70293,36.12603],[-114.7019,36.12602],[-114.70137,36.12359],[-114.70293,36.12223]]}},{"type":"Feature","properties":{"elevation":1050,"label":"1,050 ft \u00b7 SNWA Intake 1"},"geometry":{"type":"LineString","coordinates":[[-114.66585,36.11831],[-114.66494,36.12193],[-114.66345,36.12413],[-114.66291,36.12276],[-114.66334,36.12082],[-114.66585,36.11831]]}},{"type":"Feature","properties":{"elevation":1050,"label":"1,050 ft \u00b7 SNWA Intake 1"},"geometry":{"type":"LineString","coordinates":[[-114.47462,36.10631],[-114.47565,36.10615],[-114.47702,36.10655],[-114.47936,36.10806],[-114.47999,36.11028],[-114.4792,36.1125],[-114.47771,36.11443],[-114.47599,36.11474],[-114.47532,36.11555],[-114.4752,36.11694],[-114.47631,36.11749],[-114.4763,36.11805],[-114.47325,36.11857],[-114.47256,36.11774],[-114.47187,36.11907],[-114.46981,36.11901],[-114.46921,36.11805],[-114.47012,36.11694],[-114.47079,36.11361],[-114.47185,36.11278],[-114.47244,36.11111],[-114.47168,36.10973],[-114.47188,36.10806],[-114.47462,36.10631]]}},{"type":"Feature","properties":{"elevation":1050,"label":"1,050 ft \u00b7 SNWA Intake 1"},"geometry":{"type":"LineString","coordinates":[[-114.81211,36.09288],[-114.81554,36.09344],[-114.81618,36.09392],[-114.81656,36.0953],[-114.81554,36.09613],[-114.81417,36.09641],[-114.81416,36.09697],[-114.81348,36.09749],[-114.81211,36.09795],[-114.81073,36.0976],[-114.81033,36.09586],[-114.81147,36.09336],[-114.81211,36.09288]]}},{"type":"Feature","properties":{"elevation":1050,"label":"1,050 ft \u00b7 SNWA Intake 1"},"geometry":{"type":"LineString","coordinates":[[-114.78292,36.08159],[-114.78366,36.08171],[-114.7843,36.08243],[-114.78533,36.08256],[-114.78566,36.0831],[-114.78445,36.08448],[-114.78292,36.0851],[-114.78128,36.08337],[-114.78292,36.08159]]}},{"type":"Feature","properties":{"elevation":1050,"label":"1,050 ft \u00b7 SNWA Intake 1"},"geometry":{"type":"LineString","coordinates":[[-114.74413,36.05399],[-114.74482,36.0544],[-114.74585,36.05408],[-114.74722,36.05445],[-114.74801,36.05701],[-114.74753,36.05895],[-114.74642,36.06006],[-114.7455,36.06037],[-114.74337,36.05923],[-114.74297,36.05562],[-114.74413,36.05399]]}},{"type":"Feature","properties":{"elevation":1050,"label":"1,050 ft \u00b7 SNWA Intake 1"},"geometry":{"type":"LineString","coordinates":[[-114.27378,36.05238],[-114.27549,36.05263],[-114.27721,36.05234],[-114.27754,36.05257],[-114.27698,36.05368],[-114.27446,36.05418],[-114.27378,36.05396],[-114.27331,36.05285],[-114.27378,36.05238]]}},{"type":"Feature","properties":{"elevation":1050,"label":"1,050 ft \u00b7 SNWA Intake 1"},"geometry":{"type":"LineString","coordinates":[[-114.76542,36.04525],[-114.76851,36.04571],[-114.76853,36.04674],[-114.76748,36.04706],[-114.76439,36.04663],[-114.76302,36.04591],[-114.7637,36.04546],[-114.76542,36.04525]]}},{"type":"Feature","properties":{"elevation":1050,"label":"1,050 ft \u00b7 SNWA Intake 1"},"geometry":{"type":"LineString","coordinates":[[-114.75924,36.0325],[-114.76198,36.03264],[-114.76404,36.03611],[-114.76576,36.03662],[-114.76713,36.0363],[-114.76773,36.03675],[-114.76806,36.03813],[-114.76988,36.0389],[-114.77125,36.03873],[-114.77226,36.0398],[-114.77391,36.04035],[-114.77352,36.04174],[-114.77271,36.04258],[-114.77287,36.04313],[-114.77091,36.04329],[-114.77022,36.04384],[-114.76885,36.0441],[-114.76748,36.04367],[-114.76679,36.04427],[-114.76507,36.04341],[-114.7637,36.04368],[-114.76219,36.04313],[-114.76233,36.04256],[-114.76301,36.04295],[-114.7655,36.0423],[-114.76543,36.04008],[-114.7625,36.03786],[-114.76246,36.03702],[-114.76164,36.03599],[-114.75924,36.03649],[-114.75623,36.03591],[-114.75627,36.03425],[-114.75786,36.03429],[-114.75903,36.03369],[-114.75924,36.0325]]}},{"type":"Feature","properties":{"elevation":1000,"label":"1,000 ft \u00b7 SNWA Intake 2"},"geometry":{"type":"LineString","coordinates":[[-114.24417,36.00648],[-114.24253,36.00828],[-114.24181,36.00842],[-114.24068,36.01037],[-114.24046,36.01203],[-114.23773,36.01148],[-114.23738,36.01198],[-114.23635,36.01202],[-114.23599,36.01148],[-114.23481,36.0112],[-114.23493,36.00953],[-114.23429,36.00863],[-114.23319,36.00981],[-114.23267,36.01148],[-114.23052,36.01218],[-114.22846,36.01208],[-114.22777,36.01257],[-114.22743,36.01175],[-114.22674,36.01163],[-114.22606,36.01297],[-114.22537,36.0132],[-114.22434,36.01285],[-114.22297,36.01412],[-114.21782,36.01396],[-114.21507,36.01254],[-114.21507,36.01421],[-114.20923,36.01531],[-114.20855,36.01575],[-114.20717,36.01564],[-114.20443,36.0166],[-114.20134,36.01688],[-114.19996,36.01746],[-114.19825,36.01744],[-114.1979,36.01809],[-114.19687,36.0186],[-114.1931,36.01995],[-114.19172,36.02004],[-114.18142,36.0242],[-114.18005,36.0243],[-114.17799,36.02544],[-114.17799,36.02622],[-114.1773,36.02652],[-114.17627,36.02622],[-114.17593,36.02684],[-114.17318,36.02662],[-114.16975,36.02709],[-114.167,36.02662],[-114.16597,36.0268],[-114.16426,36.02584],[-114.16391,36.02623],[-114.1622,36.02625],[-114.16154,36.02564],[-114.16323,36.02461],[-114.16357,36.02425],[-114.16357,36.02376],[-114.16014,36.02535],[-114.15804,36.02453],[-114.15499,36.02253],[-114.15155,36.02219],[-114.15052,36.02143],[-114.15052,36.02213],[-114.15177,36.0237],[-114.14915,36.02489],[-114.14743,36.02646],[-114.1464,36.02542],[-114.1455,36.02647],[-114.14616,36.02731],[-114.14499,36.02869],[-114.14619,36.03008],[-114.14617,36.03092],[-114.14572,36.03117],[-114.14366,36.03066],[-114.14228,36.03109],[-114.14091,36.03005],[-114.14022,36.02882],[-114.13867,36.02814],[-114.13885,36.02717],[-114.13724,36.02758],[-114.13713,36.02816],[-114.13404,36.02852],[-114.13295,36.02814],[-114.13095,36.02644],[-114.13003,36.02647],[-114.13062,36.02786],[-114.1313,36.02791],[-114.13336,36.02944],[-114.13679,36.03066],[-114.13809,36.03203],[-114.13614,36.03369],[-114.1361,36.03575],[-114.13261,36.0348],[-114.13404,36.0371],[-114.13404,36.03966],[-114.1337,36.03992],[-114.13301,36.03889],[-114.13187,36.03952],[-114.12961,36.04563],[-114.1297,36.04702],[-114.12922,36.04757],[-114.13136,36.04979],[-114.13027,36.05008],[-114.1274,36.04924],[-114.12909,36.05257],[-114.12629,36.05451],[-114.12855,36.05466],[-114.12873,36.05534],[-114.12747,36.05729],[-114.12752,36.05924],[-114.12469,36.06645],[-114.1234,36.06753],[-114.121,36.06706],[-114.12085,36.06756],[-114.12196,36.06867],[-114.12066,36.0697],[-114.1186,36.0694],[-114.119,36.07089],[-114.11825,36.07167],[-114.11516,36.07107],[-114.11428,36.07144],[-114.11448,36.07192],[-114.11619,36.07215],[-114.11669,36.07283],[-114.11417,36.07477],[-114.11416,36.0756],[-114.11316,36.07616],[-114.11452,36.07838],[-114.11448,36.07953],[-114.11551,36.0806],[-114.11505,36.08199],[-114.11375,36.08282],[-114.11472,36.08393],[-114.11425,36.08698],[-114.11379,36.08731],[-114.11139,36.08584],[-114.11044,36.08587],[-114.11004,36.08726],[-114.11273,36.0892],[-114.11139,36.08915],[-114.11036,36.08986],[-114.10696,36.08975],[-114.10671,36.09031],[-114.10838,36.09086],[-114.10876,36.09253],[-114.10948,36.09308],[-114.10864,36.09343],[-114.10692,36.09319],[-114.1058,36.09503],[-114.10447,36.09586],[-114.10555,36.09644],[-114.10761,36.09513],[-114.10872,36.0953],[-114.10838,36.09641],[-114.10624,36.0977],[-114.10483,36.10002],[-114.10587,36.10002],[-114.10624,36.10053],[-114.10706,36.09974],[-114.1083,36.09945],[-114.10784,36.10141],[-114.10864,36.10156],[-114.10917,36.10252],[-114.10735,36.10418],[-114.10755,36.10501],[-114.1083,36.10433],[-114.11036,36.10463],[-114.10947,36.10501],[-114.11001,36.10603],[-114.11101,36.1064],[-114.11028,36.10751],[-114.1107,36.10793],[-114.11139,36.10766],[-114.11207,36.10841],[-114.11379,36.10708],[-114.11448,36.10722],[-114.11516,36.1068],[-114.11403,36.10862],[-114.11551,36.1096],[-114.11654,36.10897],[-114.11668,36.11056],[-114.11593,36.11167],[-114.11619,36.11205],[-114.1174,36.11195],[-114.11756,36.1125],[-114.1171,36.11333],[-114.11448,36.11486],[-114.11387,36.11472],[-114.11207,36.11634],[-114.11036,36.11681],[-114.10919,36.11666],[-114.10839,36.11805],[-114.10727,36.11873],[-114.10555,36.11907],[-114.10349,36.1186],[-114.09937,36.12027],[-114.09753,36.12248],[-114.09755,36.12443],[-114.09628,36.12557],[-114.09585,36.12554],[-114.09594,36.12498],[-114.09521,36.12415],[-114.09422,36.12401],[-114.09353,36.1234],[-114.0933,36.12443],[-114.09106,36.12609],[-114.09133,36.12692],[-114.09255,36.12803],[-114.09243,36.12859],[-114.09388,36.12852],[-114.09417,36.12914],[-114.09182,36.12926],[-114.09075,36.13025],[-114.0925,36.13022],[-114.09356,36.13136],[-114.09227,36.13885],[-114.09285,36.13951],[-114.09402,36.13718],[-114.09525,36.13597],[-114.09609,36.1358],[-114.09641,36.13413],[-114.09805,36.13164],[-114.09817,36.13053],[-114.09885,36.12997],[-114.09857,36.12914],[-114.09937,36.12861],[-114.09937,36.12762],[-114.09995,36.12692],[-114.10094,36.12664],[-114.10074,36.12619],[-114.10555,36.12636],[-114.10589,36.12513],[-114.10795,36.12497],[-114.10983,36.12886],[-114.11065,36.12914],[-114.1107,36.12655],[-114.1131,36.12529],[-114.11413,36.12597],[-114.11482,36.1253],[-114.11551,36.12572],[-114.11641,36.1247],[-114.11608,36.12304],[-114.11688,36.12263],[-114.11791,36.12318],[-114.12,36.12165],[-114.11937,36.1211],[-114.12374,36.11636],[-114.12361,36.11583],[-114.12461,36.11389],[-114.12597,36.11333],[-114.12615,36.11255],[-114.12683,36.11246],[-114.12718,36.11169],[-114.1287,36.11084],[-114.12778,36.11],[-114.12973,36.10973],[-114.12924,36.10905],[-114.12696,36.10862],[-114.12958,36.10791],[-114.12937,36.10723],[-114.12993,36.1064],[-114.1289,36.10584],[-114.13092,36.10529],[-114.13078,36.10446],[-114.12985,36.1039],[-114.12956,36.10307],[-114.13014,36.10141],[-114.12814,36.09863],[-114.12866,36.09641],[-114.12789,36.0953],[-114.12902,36.09447],[-114.12833,36.09336],[-114.12976,36.09253],[-114.12924,36.09225],[-114.12985,36.0917],[-114.12855,36.0906],[-114.12864,36.09003],[-114.12958,36.08944],[-114.1313,36.08976],[-114.13158,36.08864],[-114.13241,36.08837],[-114.1312,36.08781],[-114.1329,36.08698],[-114.13198,36.0866],[-114.13061,36.08682],[-114.13016,36.08615],[-114.13095,36.08554],[-114.13224,36.08531],[-114.13107,36.08448],[-114.13164,36.08406],[-114.13287,36.08448],[-114.13217,36.0831],[-114.13377,36.0831],[-114.1337,36.08201],[-114.13231,36.08143],[-114.13336,36.08115],[-114.13354,36.0806],[-114.13473,36.08072],[-114.13367,36.07977],[-114.13473,36.07971],[-114.13713,36.08046],[-114.13833,36.08032],[-114.13876,36.07949],[-114.13784,36.07755],[-114.13805,36.07699],[-114.14091,36.07593],[-114.14263,36.07453],[-114.14546,36.07338],[-114.14421,36.06811],[-114.14495,36.06728],[-114.14504,36.06617],[-114.14593,36.06561],[-114.14585,36.06228],[-114.14624,36.06062],[-114.14734,36.05923],[-114.14657,36.05812],[-114.14617,36.05645],[-114.14653,36.0559],[-114.14603,36.05507],[-114.14704,36.05479],[-114.14744,36.05396],[-114.14636,36.05312],[-114.14642,36.05229],[-114.14514,36.05174],[-114.14289,36.04757],[-114.14277,36.04646],[-114.14469,36.04313],[-114.14422,36.04202],[-114.1474,36.03647],[-114.14984,36.03447],[-114.15062,36.03452],[-114.15279,36.03341],[-114.15011,36.03286],[-114.14919,36.03092],[-114.15004,36.03036],[-114.14988,36.02814],[-114.15254,36.02814],[-114.15201,36.02731],[-114.15108,36.02703],[-114.15224,36.0255],[-114.15327,36.02525],[-114.1543,36.0261],[-114.15549,36.0262],[-114.15811,36.02758],[-114.15945,36.02893],[-114.15945,36.02724],[-114.16373,36.02842],[-114.17078,36.02931],[-114.1773,36.02898],[-114.18039,36.02697],[-114.1852,36.0251],[-114.18692,36.02547],[-114.18754,36.02453],[-114.18966,36.02379],[-114.19172,36.0225],[-114.19241,36.02258],[-114.19619,36.02106],[-114.20305,36.01995],[-114.20683,36.01833],[-114.20786,36.01842],[-114.21129,36.01755],[-114.21301,36.01874],[-114.21405,36.01731],[-114.21713,36.01676],[-114.21953,36.01711],[-114.22056,36.01641],[-114.22159,36.01682],[-114.22571,36.01656],[-114.22777,36.01749],[-114.2312,36.01678],[-114.23189,36.01736],[-114.23292,36.01651],[-114.23498,36.01668],[-114.23567,36.01709],[-114.23635,36.01678],[-114.23704,36.01706],[-114.23979,36.01685],[-114.24183,36.01759],[-114.24093,36.0187],[-114.24127,36.02009],[-114.2406,36.02036],[-114.24166,36.02147],[-114.24142,36.02314],[-114.24363,36.02536],[-114.24308,36.02731],[-114.24391,36.02725],[-114.24459,36.02591],[-114.24494,36.0265],[-114.24558,36.02536],[-114.24413,36.02342],[-114.24461,36.02203],[-114.24395,36.02092],[-114.24494,36.01969],[-114.24768,36.02133],[-114.24871,36.02137],[-114.25028,36.02231],[-114.25043,36.02295],[-114.2518,36.02274],[-114.25352,36.02358],[-114.25386,36.02474],[-114.25524,36.02438],[-114.25586,36.02508],[-114.25661,36.02502],[-114.25695,36.02596],[-114.25798,36.02569],[-114.26004,36.02719],[-114.26107,36.02732],[-114.26245,36.02884],[-114.26313,36.02881],[-114.2635,36.02953],[-114.26319,36.03008],[-114.26379,36.03036],[-114.26352,36.03092],[-114.26473,36.03119],[-114.26505,36.03203],[-114.26387,36.03258],[-114.2663,36.0348],[-114.26648,36.03564],[-114.26635,36.03619],[-114.26519,36.03627],[-114.26382,36.03706],[-114.26279,36.03687],[-114.26272,36.03786],[-114.26451,36.03814],[-114.26485,36.03897],[-114.26586,36.03897],[-114.26522,36.04119],[-114.26622,36.04242],[-114.26703,36.04202],[-114.26687,36.04313],[-114.26451,36.04384],[-114.26444,36.04424],[-114.26519,36.04498],[-114.26588,36.0444],[-114.26712,36.04563],[-114.26828,36.04603],[-114.26949,36.04535],[-114.27212,36.04757],[-114.2724,36.04858],[-114.27372,36.04896],[-114.27312,36.05007],[-114.27206,36.04984],[-114.27103,36.05079],[-114.27,36.05062],[-114.26966,36.05114],[-114.26725,36.05085],[-114.26416,36.04988],[-114.26381,36.05035],[-114.26635,36.05201],[-114.26519,36.05224],[-114.26396,36.0534],[-114.26588,36.05292],[-114.26613,36.05312],[-114.26554,36.05336],[-114.26554,36.05389],[-114.26897,36.05301],[-114.26931,36.05389],[-114.27034,36.05279],[-114.27275,36.05333],[-114.27378,36.05202],[-114.27721,36.05199],[-114.27814,36.05257],[-114.27826,36.05368],[-114.27549,36.05462],[-114.27581,36.05534],[-114.27249,36.05729],[-114.27256,36.05784],[-114.28202,36.05636],[-114.28284,36.05756],[-114.28099,36.06051],[-114.28408,36.05858],[-114.28476,36.05914],[-114.28505,36.05812],[-114.28614,36.05762],[-114.28888,36.05756],[-114.28923,36.05803],[-114.28999,36.05784],[-114.2906,36.05837],[-114.29143,36.0584],[-114.29197,36.05904],[-114.293,36.05828],[-114.2933,36.05867],[-114.29259,36.06006],[-114.29299,36.0609],[-114.29196,36.06173],[-114.29369,36.06199],[-114.29403,36.06248],[-114.29472,36.06041],[-114.29541,36.06],[-114.29687,36.06062],[-114.29747,36.05964],[-114.30003,36.0609],[-114.29964,36.06173],[-114.30021,36.06217],[-114.30106,36.06201],[-114.3009,36.063],[-114.30262,36.06249],[-114.30513,36.06423],[-114.30502,36.06544],[-114.3033,36.06521],[-114.30256,36.06561],[-114.30446,36.06617],[-114.30401,36.067],[-114.30303,36.06756],[-114.30336,36.06839],[-114.30289,36.06894],[-114.30403,36.0695],[-114.30393,36.07116],[-114.3033,36.07157],[-114.30159,36.07123],[-114.30108,36.072],[-114.30273,36.07283],[-114.30213,36.07338],[-114.30232,36.07449],[-114.30124,36.07544],[-114.29941,36.07505],[-114.2994,36.07644],[-114.30124,36.07675],[-114.30124,36.0781],[-114.30021,36.07895],[-114.29884,36.07864],[-114.29811,36.07866],[-114.30063,36.07977],[-114.30057,36.08004],[-114.29393,36.08282],[-114.29575,36.08267],[-114.29609,36.08347],[-114.2985,36.08321],[-114.29918,36.0826],[-114.30227,36.08245],[-114.30296,36.08277],[-114.30311,36.08365],[-114.30207,36.08448],[-114.30399,36.08476],[-114.30538,36.08726],[-114.30486,36.08809],[-114.30277,36.08864],[-114.30212,36.0892],[-114.30285,36.09003],[-114.29979,36.09253],[-114.30056,36.09292],[-114.30468,36.09065],[-114.30571,36.09114],[-114.30674,36.09005],[-114.30747,36.09031],[-114.30997,36.09336],[-114.30858,36.09503],[-114.30983,36.09489],[-114.31154,36.09555],[-114.31265,36.09669],[-114.3112,36.09845],[-114.30983,36.09826],[-114.30799,36.09863],[-114.31028,36.09919],[-114.31128,36.10002],[-114.30983,36.10108],[-114.31154,36.10083],[-114.31395,36.09888],[-114.31444,36.09919],[-114.31412,36.10002],[-114.31515,36.10057],[-114.31463,36.10141],[-114.31318,36.10196],[-114.3111,36.10362],[-114.31071,36.10446],[-114.31223,36.10435],[-114.31292,36.10498],[-114.31395,36.10419],[-114.31463,36.10429],[-114.31601,36.1031],[-114.31669,36.10351],[-114.31772,36.10192],[-114.31883,36.10307],[-114.31808,36.1039],[-114.31786,36.10501],[-114.31807,36.10539],[-114.3191,36.105],[-114.31881,36.10612],[-114.31635,36.10687],[-114.31566,36.10663],[-114.31457,36.10779],[-114.31669,36.10754],[-114.31738,36.1081],[-114.31807,36.10809],[-114.31807,36.10878],[-114.3173,36.10917],[-114.31841,36.10963],[-114.31944,36.10843],[-114.32253,36.1083],[-114.32322,36.1076],[-114.32356,36.10779],[-114.32094,36.11028],[-114.32081,36.11152],[-114.3215,36.11079],[-114.32356,36.11034],[-114.3239,36.11168],[-114.32528,36.11151],[-114.32582,36.11056],[-114.32665,36.11013],[-114.32723,36.11028],[-114.32735,36.10945],[-114.32871,36.10867],[-114.33149,36.11],[-114.33146,36.11128],[-114.32974,36.1115],[-114.32837,36.11257],[-114.32974,36.11228],[-114.32993,36.11278],[-114.33146,36.11318],[-114.33249,36.11261],[-114.33433,36.11278],[-114.33224,36.11472],[-114.33329,36.11527],[-114.333,36.11611],[-114.33414,36.11611],[-114.33386,36.11859],[-114.33559,36.11666],[-114.33729,36.11595],[-114.33802,36.11666],[-114.33791,36.11777],[-114.33959,36.11805],[-114.33764,36.11871],[-114.33727,36.11999],[-114.33764,36.12033],[-114.33832,36.11963],[-114.33867,36.12008],[-114.34038,36.11966],[-114.34034,36.12054],[-114.34144,36.1211],[-114.33969,36.12182],[-114.33777,36.12332],[-114.33901,36.12346],[-114.33935,36.12466],[-114.34038,36.12305],[-114.3422,36.12304],[-114.34004,36.12589],[-114.34313,36.12464],[-114.34238,36.12664],[-114.34278,36.12722],[-114.34519,36.12497],[-114.34656,36.12491],[-114.3462,36.12554],[-114.34667,36.12609],[-114.34604,36.12664],[-114.34706,36.12692],[-114.3469,36.12846],[-114.34845,36.1272],[-114.34924,36.1272],[-114.34817,36.12969],[-114.34965,36.1294],[-114.3497,36.12969],[-114.34888,36.13164],[-114.34813,36.13219],[-114.34999,36.13206],[-114.35102,36.13064],[-114.3524,36.13078],[-114.35267,36.13136],[-114.35191,36.13219],[-114.35322,36.13219],[-114.35213,36.13302],[-114.35228,36.13496],[-114.35281,36.13469],[-114.35289,36.13358],[-114.35411,36.13289],[-114.35455,36.13302],[-114.35375,36.13552],[-114.35583,36.13429],[-114.3563,36.13441],[-114.35617,36.13517],[-114.3578,36.13496],[-114.35617,36.13591],[-114.3556,36.1369],[-114.35298,36.13885],[-114.35549,36.1383],[-114.35585,36.13857],[-114.35549,36.13959],[-114.35858,36.13825],[-114.35858,36.14083],[-114.36098,36.13877],[-114.36142,36.13885],[-114.36156,36.13968],[-114.36265,36.13968],[-114.36089,36.14106],[-114.36132,36.14188],[-114.36201,36.14131],[-114.36299,36.14162],[-114.36208,36.14384],[-114.35975,36.14467],[-114.36201,36.14567],[-114.36235,36.1467],[-114.3627,36.14568],[-114.36441,36.14515],[-114.36483,36.1455],[-114.36476,36.14689],[-114.36544,36.14704],[-114.36613,36.14612],[-114.36682,36.14596],[-114.36838,36.14716],[-114.36867,36.14827],[-114.36469,36.15132],[-114.36662,36.15132],[-114.36613,36.15262],[-114.36785,36.15218],[-114.36866,36.15132],[-114.37265,36.14912],[-114.3754,36.14987],[-114.37592,36.15049],[-114.37291,36.15215],[-114.37345,36.15326],[-114.3754,36.15371],[-114.37643,36.15448],[-114.37986,36.15348],[-114.38184,36.15354],[-114.38159,36.1552],[-114.38052,36.15603],[-114.38081,36.15659],[-114.38192,36.1567],[-114.38192,36.15784],[-114.38227,36.15801],[-114.38501,36.15691],[-114.38707,36.15734],[-114.38879,36.15829],[-114.39291,36.16176],[-114.39523,36.16435],[-114.39549,36.16657],[-114.396,36.16723],[-114.3984,36.16796],[-114.39915,36.16878],[-114.39851,36.171],[-114.396,36.17239],[-114.39571,36.17433],[-114.39623,36.17544],[-114.39536,36.17627],[-114.39551,36.17682],[-114.39422,36.1771],[-114.39523,36.17821],[-114.39463,36.17897],[-114.39311,36.17932],[-114.39394,36.17979],[-114.39588,36.17987],[-114.39531,36.18077],[-114.39426,36.18098],[-114.39454,36.18153],[-114.39374,36.18236],[-114.3936,36.18357],[-114.39174,36.18375],[-114.39254,36.18403],[-114.39153,36.18486],[-114.39183,36.18597],[-114.39085,36.18531],[-114.3904,36.18652],[-114.39144,36.18763],[-114.39124,36.18929],[-114.39275,36.1904],[-114.39219,36.19151],[-114.39211,36.19345],[-114.39311,36.19372],[-114.3936,36.19482],[-114.39606,36.19206],[-114.39592,36.19345],[-114.39687,36.19372],[-114.39526,36.19539],[-114.39723,36.19539],[-114.39701,36.19622],[-114.396,36.197],[-114.39737,36.19689],[-114.39875,36.1959],[-114.39909,36.19648],[-114.40017,36.19622],[-114.40002,36.1976],[-114.40062,36.19816],[-114.39936,36.19927],[-114.40012,36.19948],[-114.39994,36.2001],[-114.40115,36.19983],[-114.40115,36.20135],[-114.40218,36.20066],[-114.40334,36.20065],[-114.40313,36.20259],[-114.40367,36.20342],[-114.4037,36.20536],[-114.40454,36.20675],[-114.40355,36.20826],[-114.40246,36.20896],[-114.40213,36.21035],[-114.40321,36.21172],[-114.40699,36.2125],[-114.40708,36.21339],[-114.4063,36.21278],[-114.40572,36.21284],[-114.40487,36.2145],[-114.40748,36.21533],[-114.4064,36.21644],[-114.40675,36.21727],[-114.40596,36.21751],[-114.40488,36.21589],[-114.40424,36.21561],[-114.40252,36.21584],[-114.39978,36.21373],[-114.39943,36.21432],[-114.39792,36.21422],[-114.39834,36.21533],[-114.39762,36.21644],[-114.39806,36.21715],[-114.40115,36.21748],[-114.40273,36.2181],[-114.40184,36.21926],[-114.40052,36.21949],[-114.40115,36.22008],[-114.40218,36.22019],[-114.40218,36.2206],[-114.40093,36.22143],[-114.40115,36.22257],[-114.40012,36.22261],[-114.39943,36.22216],[-114.39806,36.22242],[-114.39634,36.2212],[-114.39581,36.22143],[-114.3952,36.22226],[-114.39528,36.22337],[-114.39638,36.22337],[-114.3974,36.2242],[-114.39538,36.22447],[-114.39587,36.22503],[-114.39428,36.22636],[-114.39379,36.2289],[-114.39411,36.22974],[-114.39531,36.23007],[-114.39754,36.22863],[-114.39845,36.22863],[-114.39785,36.22918],[-114.39952,36.22974],[-114.39817,36.2314],[-114.39718,36.2314],[-114.39784,36.23223],[-114.39755,36.23278],[-114.3984,36.23264],[-114.40012,36.231],[-114.40046,36.23179],[-114.40149,36.23231],[-114.4018,36.23389],[-114.40116,36.23444],[-114.4027,36.23444],[-114.40218,36.235],[-114.39943,36.23535],[-114.39806,36.23403],[-114.39737,36.23456],[-114.39634,36.23398],[-114.39497,36.23438],[-114.39541,36.23555],[-114.39686,36.23583],[-114.39565,36.23638],[-114.3959,36.23666],[-114.39772,36.23596],[-114.39849,36.23666],[-114.39875,36.23786],[-114.39669,36.23744],[-114.39604,36.23777],[-114.39669,36.23843],[-114.39775,36.2386],[-114.39783,36.23943],[-114.39566,36.23912],[-114.39535,36.23943],[-114.39634,36.24003],[-114.3994,36.23998],[-114.39943,36.24055],[-114.39747,36.24137],[-114.39903,36.24192],[-114.39922,36.24247],[-114.39634,36.24278],[-114.39463,36.24232],[-114.39364,36.24247],[-114.39271,36.24386],[-114.39247,36.2458],[-114.39008,36.24607],[-114.38805,36.24912],[-114.38879,36.2505],[-114.38876,36.25272],[-114.38967,36.25383],[-114.38935,36.25549],[-114.39178,36.25825],[-114.39257,36.25862],[-114.3936,36.25742],[-114.39497,36.25744],[-114.39566,36.25859],[-114.396,36.25865],[-114.39634,36.25774],[-114.3971,36.25825],[-114.39737,36.25934],[-114.39806,36.25946],[-114.39909,36.25946],[-114.39982,36.25853],[-114.40091,36.25825],[-114.40109,36.25853],[-114.40024,36.25909],[-114.40184,36.25939],[-114.40441,36.26158],[-114.40398,36.26324],[-114.40505,36.26545],[-114.4063,36.26608],[-114.40733,36.26598],[-114.40836,36.2669],[-114.40905,36.26698],[-114.40949,36.26822],[-114.4087,36.26853],[-114.40699,36.2671],[-114.40493,36.26677],[-114.40184,36.26754],[-114.40046,36.26713],[-114.4001,36.26767],[-114.40083,36.26933],[-114.39979,36.2696],[-114.39943,36.27036],[-114.39411,36.2696],[-114.39463,36.27044],[-114.39257,36.27315],[-114.39154,36.27336],[-114.39085,36.27289],[-114.38857,36.27514],[-114.38879,36.27547],[-114.39154,36.27498],[-114.39217,36.27542],[-114.39231,36.27625],[-114.39119,36.27617],[-114.39036,36.2768],[-114.39119,36.27732],[-114.39187,36.27708],[-114.39222,36.27777],[-114.39291,36.27739],[-114.39331,36.27763],[-114.39342,36.27902],[-114.39289,36.27929],[-114.39336,36.27957],[-114.39292,36.28012],[-114.39332,36.28095],[-114.39086,36.28372],[-114.38987,36.284],[-114.39085,36.28459],[-114.39085,36.28536],[-114.38982,36.28495],[-114.38879,36.28549],[-114.38843,36.28455],[-114.38776,36.28425],[-114.38639,36.28527],[-114.38625,36.28593],[-114.38531,36.28649],[-114.38591,36.28676],[-114.38498,36.28926],[-114.3833,36.28978],[-114.3833,36.29031],[-114.38224,36.29064],[-114.3833,36.2908],[-114.38335,36.29119],[-114.38283,36.29258],[-114.38176,36.29341],[-114.382,36.29451],[-114.38124,36.29442],[-114.38002,36.29507],[-114.38013,36.29562],[-114.38174,36.2959],[-114.38192,36.29682],[-114.38467,36.2969],[-114.38613,36.29756],[-114.3861,36.29866],[-114.38491,36.29922],[-114.38625,36.29977],[-114.38556,36.30005],[-114.38554,36.3006],[-114.38447,36.30088],[-114.38393,36.30171],[-114.38492,36.30309],[-114.38673,36.30292],[-114.38725,36.30392],[-114.38639,36.30471],[-114.38491,36.30503],[-114.38449,36.30586],[-114.38501,36.30668],[-114.38639,36.30664],[-114.38716,36.30724],[-114.38639,36.30729],[-114.38588,36.30835],[-114.38703,36.30945],[-114.38749,36.31305],[-114.38838,36.31388],[-114.38815,36.31526],[-114.389,36.31582],[-114.38782,36.31748],[-114.38892,36.31803],[-114.38845,36.31904],[-114.38745,36.31941],[-114.38788,36.31997],[-114.3874,36.32024],[-114.38829,36.3219],[-114.38766,36.32356],[-114.38638,36.32384],[-114.38659,36.32495],[-114.38591,36.32578],[-114.38604,36.32607],[-114.38733,36.32578],[-114.38744,36.3266],[-114.38653,36.32826],[-114.38478,36.32965],[-114.38333,36.33158],[-114.38219,36.33684],[-114.38123,36.3385],[-114.38031,36.34182],[-114.3812,36.34375],[-114.38304,36.34596],[-114.3833,36.34762],[-114.37952,36.35217],[-114.37731,36.3526],[-114.37574,36.3541],[-114.37324,36.35951],[-114.37437,36.36092],[-114.37574,36.35988],[-114.37643,36.36054],[-114.37712,36.36038],[-114.37742,36.3609],[-114.37815,36.36052],[-114.37883,36.36091],[-114.37847,36.36007],[-114.37918,36.35955],[-114.37918,36.36035],[-114.38089,36.35961],[-114.38192,36.35981],[-114.38261,36.35937],[-114.38398,36.35963],[-114.38536,36.35925],[-114.38604,36.36007],[-114.3857,36.3612],[-114.38673,36.36166],[-114.39009,36.35868],[-114.39135,36.35813],[-114.39275,36.35592],[-114.39508,36.35426],[-114.39497,36.35322],[-114.39577,36.35288],[-114.39703,36.35113],[-114.39909,36.34941],[-114.39883,36.34845],[-114.39954,36.34679],[-114.39913,36.34431],[-114.39957,36.34043],[-114.40053,36.33933],[-114.40054,36.33794],[-114.4011,36.33767],[-114.40048,36.33684],[-114.4011,36.33656],[-114.40001,36.33629],[-114.39956,36.3349],[-114.40012,36.33418],[-114.40194,36.33407],[-114.40266,36.33324],[-114.4022,36.33241],[-114.40259,36.33186],[-114.4013,36.33131],[-114.40178,36.32992],[-114.40125,36.32854],[-114.40149,36.32831],[-114.40218,36.32875],[-114.40252,36.32782],[-114.40329,36.32771],[-114.40136,36.32688],[-114.40144,36.32633],[-114.40064,36.32578],[-114.40115,36.32542],[-114.40287,36.32574],[-114.40353,36.32522],[-114.40252,36.32457],[-114.40081,36.32449],[-114.40057,36.32384],[-114.40252,36.3215],[-114.40355,36.3212],[-114.40458,36.32177],[-114.40453,36.32024],[-114.40285,36.31969],[-114.40287,36.31775],[-114.40394,36.31775],[-114.40441,36.31637],[-114.40365,36.31582],[-114.40342,36.31499],[-114.4039,36.31471],[-114.40561,36.31518],[-114.40631,36.31499],[-114.40546,36.31388],[-114.40412,36.31333],[-114.40486,36.3125],[-114.40146,36.31111],[-114.4017,36.31056],[-114.40095,36.31001],[-114.401,36.3089],[-114.40218,36.30807],[-114.40134,36.30779],[-114.4015,36.30724],[-114.39995,36.30641],[-114.39875,36.30509],[-114.39816,36.3053],[-114.39785,36.30447],[-114.40003,36.30281],[-114.39771,36.30281],[-114.39809,36.30143],[-114.39737,36.30146],[-114.39703,36.30056],[-114.396,36.30053],[-114.39497,36.3013],[-114.3946,36.30088],[-114.3942,36.29922],[-114.39552,36.29866],[-114.39463,36.29858],[-114.39442,36.29811],[-114.39492,36.29756],[-114.3936,36.29718],[-114.39337,36.29673],[-114.39566,36.29585],[-114.39657,36.2959],[-114.39604,36.29479],[-114.39772,36.29489],[-114.39875,36.29557],[-114.40025,36.29451],[-114.39463,36.29294],[-114.39388,36.2923],[-114.3935,36.29036],[-114.39445,36.28759],[-114.39434,36.28649],[-114.39656,36.28372],[-114.39737,36.28133],[-114.40046,36.28082],[-114.40034,36.28178],[-114.40081,36.28189],[-114.40149,36.28161],[-114.40214,36.2804],[-114.39984,36.27902],[-114.39997,36.27846],[-114.39875,36.27803],[-114.40184,36.2778],[-114.4028,36.27818],[-114.40355,36.27914],[-114.4041,36.27902],[-114.40444,36.27818],[-114.40351,36.2768],[-114.4016,36.27597],[-114.40213,36.27237],[-114.40368,36.27099],[-114.40341,36.26988],[-114.4039,36.26915],[-114.40512,36.26877],[-114.40541,36.26905],[-114.40483,36.2696],[-114.40568,36.2696],[-114.40527,36.2703],[-114.40668,36.27016],[-114.4061,36.2721],[-114.40733,36.27345],[-114.40836,36.27221],[-114.41042,36.27148],[-114.41248,36.26956],[-114.4136,36.26933],[-114.4124,36.26767],[-114.41227,36.26628],[-114.41078,36.2649],[-114.411,36.26435],[-114.40939,36.26464],[-114.40626,36.26268],[-114.40664,36.26141],[-114.40733,36.26139],[-114.40907,36.26019],[-114.40836,36.25978],[-114.40733,36.26019],[-114.40699,36.25992],[-114.40733,36.25883],[-114.40807,36.25853],[-114.40745,36.25687],[-114.40759,36.25576],[-114.40887,36.25493],[-114.40836,36.25455],[-114.40733,36.25474],[-114.40612,36.25438],[-114.4058,36.25355],[-114.40464,36.25299],[-114.40439,36.25244],[-114.406,36.25133],[-114.4039,36.25116],[-114.40364,36.25078],[-114.4039,36.25021],[-114.40531,36.2494],[-114.40493,36.24856],[-114.40527,36.24786],[-114.40579,36.24801],[-114.40565,36.24607],[-114.4078,36.24607],[-114.40675,36.24524],[-114.40665,36.24386],[-114.4094,36.2433],[-114.4063,36.24243],[-114.40557,36.24164],[-114.40982,36.24137],[-114.40966,36.24081],[-114.41012,36.24054],[-114.40742,36.2397],[-114.40836,36.23923],[-114.41037,36.23915],[-114.41024,36.23887],[-114.41179,36.23798],[-114.41313,36.23832],[-114.41214,36.2373],[-114.40973,36.23773],[-114.4078,36.23721],[-114.40836,36.2366],[-114.40992,36.23638],[-114.40905,36.23505],[-114.41008,36.23518],[-114.41179,36.23442],[-114.41179,36.23358],[-114.41303,36.23306],[-114.41317,36.23209],[-114.41557,36.23207],[-114.41351,36.23073],[-114.41145,36.23113],[-114.41075,36.23084],[-114.41157,36.2289],[-114.41385,36.22808],[-114.41626,36.2296],[-114.41694,36.22933],[-114.41774,36.22752],[-114.419,36.22598],[-114.42008,36.22558],[-114.42021,36.22447],[-114.42143,36.22309],[-114.4208,36.22032],[-114.42438,36.21921],[-114.4241,36.21866],[-114.42106,36.21731],[-114.42083,36.21589],[-114.42155,36.21561],[-114.42161,36.2145],[-114.42312,36.21551],[-114.42381,36.21514],[-114.42553,36.21576],[-114.42549,36.21339],[-114.42955,36.21284],[-114.42823,36.21229],[-114.42553,36.21204],[-114.42553,36.21135],[-114.42402,36.21118],[-114.42593,36.21035],[-114.42401,36.21007],[-114.42451,36.20952],[-114.42386,36.20868],[-114.42505,36.20841],[-114.42586,36.2073],[-114.4269,36.20736],[-114.4269,36.20649],[-114.42751,36.20675],[-114.42793,36.20839],[-114.42924,36.20702],[-114.42896,36.20605],[-114.43109,36.20536],[-114.42999,36.20419],[-114.42631,36.20398],[-114.42688,36.20314],[-114.42793,36.20271],[-114.42793,36.20239],[-114.42718,36.20231],[-114.42724,36.20184],[-114.43033,36.20207],[-114.43252,36.19954],[-114.43102,36.19832],[-114.42854,36.19816],[-114.42784,36.19733],[-114.429,36.19566],[-114.43033,36.19493],[-114.43046,36.194],[-114.43284,36.19317],[-114.43285,36.19206],[-114.43396,36.19123],[-114.43294,36.1904],[-114.43379,36.18985],[-114.43445,36.18796],[-114.43686,36.18841],[-114.43754,36.18914],[-114.43794,36.18901],[-114.43655,36.18763],[-114.43745,36.18707],[-114.43532,36.18652],[-114.43394,36.18541],[-114.43363,36.18181],[-114.43263,36.18098],[-114.43258,36.18042],[-114.43514,36.17788],[-114.43617,36.17757],[-114.43686,36.17804],[-114.43754,36.17778],[-114.43857,36.17604],[-114.44071,36.17654],[-114.43993,36.17544],[-114.44002,36.1746],[-114.43938,36.17433],[-114.43979,36.17322],[-114.43823,36.17248],[-114.43686,36.17278],[-114.43574,36.17211],[-114.43754,36.17145],[-114.44063,36.17212],[-114.4411,36.171],[-114.43789,36.16783],[-114.43583,36.16717],[-114.43445,36.16718],[-114.43273,36.16574],[-114.43157,36.16546],[-114.42999,36.16352],[-114.43136,36.16257],[-114.43192,36.1613],[-114.43045,36.16047],[-114.43274,36.15987],[-114.4348,36.15797],[-114.43789,36.15661],[-114.44166,36.15693],[-114.44372,36.15782],[-114.44532,36.15714],[-114.44578,36.15638],[-114.44784,36.15622],[-114.44833,36.15576],[-114.44794,36.15437],[-114.44827,36.15326],[-114.44683,36.15104],[-114.44784,36.15012],[-114.44921,36.14948],[-114.4523,36.14905],[-114.45333,36.14821],[-114.45505,36.14851],[-114.45555,36.14883],[-114.45539,36.14971],[-114.45677,36.149],[-114.46157,36.1507],[-114.46342,36.15188],[-114.46424,36.15326],[-114.46466,36.15331],[-114.46741,36.15136],[-114.46947,36.15154],[-114.4705,36.15225],[-114.47107,36.15215],[-114.47145,36.15132],[-114.47096,36.14938],[-114.47428,36.14888],[-114.47599,36.151],[-114.4784,36.15106],[-114.48065,36.15049],[-114.48252,36.14752],[-114.48389,36.14645],[-114.48492,36.14638],[-114.48595,36.14718],[-114.48767,36.1464],[-114.4887,36.14642],[-114.48973,36.14739],[-114.49115,36.14744],[-114.49197,36.14855],[-114.49173,36.14938],[-114.49213,36.15],[-114.49247,36.15017],[-114.4935,36.14947],[-114.49453,36.14976],[-114.49536,36.15049],[-114.49524,36.15132],[-114.49591,36.15201],[-114.49625,36.15215],[-114.49676,36.15132],[-114.49762,36.15114],[-114.4973,36.15243],[-114.4981,36.15465],[-114.49642,36.15687],[-114.49625,36.1578],[-114.49732,36.15742],[-114.49968,36.15541],[-114.50105,36.15354],[-114.50107,36.15243],[-114.50189,36.15215],[-114.50182,36.15354],[-114.50107,36.15437],[-114.50183,36.15576],[-114.49994,36.15742],[-114.49934,36.15876],[-114.50071,36.15913],[-114.50311,36.1577],[-114.50483,36.1576],[-114.50552,36.15788],[-114.50586,36.15872],[-114.50724,36.15812],[-114.50964,36.15836],[-114.51033,36.15894],[-114.5117,36.15913],[-114.51651,36.15902],[-114.5163,36.1613],[-114.51743,36.16213],[-114.51754,36.16273],[-114.51754,36.162],[-114.51711,36.16102],[-114.51857,36.1587],[-114.51888,36.16075],[-114.51925,36.16091],[-114.52028,36.15921],[-114.52166,36.15844],[-114.5227,36.15936],[-114.52509,36.15937],[-114.52578,36.15984],[-114.52621,36.15881],[-114.52749,36.1587],[-114.52784,36.1582],[-114.52887,36.158],[-114.53161,36.15889],[-114.53127,36.15764],[-114.53225,36.15714],[-114.53343,36.15548],[-114.53539,36.15478],[-114.53676,36.15538],[-114.53841,36.15714],[-114.54016,36.1577],[-114.54071,36.15631],[-114.54142,36.15659],[-114.54428,36.16075],[-114.54844,36.16247],[-114.54947,36.16416],[-114.54919,36.16213],[-114.54741,36.16111],[-114.54678,36.16019],[-114.54672,36.1577],[-114.54605,36.15714],[-114.54527,36.1552],[-114.54624,36.15409],[-114.54878,36.15319],[-114.5505,36.15206],[-114.55393,36.153],[-114.55462,36.15436],[-114.55564,36.15356],[-114.55908,36.15371],[-114.56079,36.15262],[-114.5632,36.15213],[-114.56526,36.15282],[-114.56594,36.15251],[-114.57006,36.15269],[-114.57109,36.15402],[-114.57212,36.15331],[-114.57521,36.15297],[-114.5759,36.15339],[-114.57636,36.15243],[-114.57899,36.1513],[-114.58277,36.14827],[-114.58586,36.14799],[-114.58723,36.14916],[-114.58792,36.14792],[-114.58929,36.14795],[-114.59135,36.14704],[-114.59204,36.14785],[-114.59307,36.14579],[-114.59444,36.14558],[-114.59753,36.14359],[-114.59913,36.14411],[-114.59969,36.14328],[-114.5995,36.14245],[-114.60399,36.13857],[-114.60575,36.13829],[-114.60547,36.13746],[-114.60745,36.1358],[-114.61195,36.13333],[-114.61332,36.1331],[-114.61401,36.13337],[-114.61435,36.13273],[-114.61744,36.13378],[-114.61847,36.13496],[-114.6191,36.13607],[-114.61809,36.13663],[-114.6184,36.13718],[-114.61754,36.13774],[-114.61776,36.13829],[-114.61977,36.13801],[-114.62091,36.13857],[-114.62212,36.14023],[-114.62084,36.14467],[-114.62328,36.14265],[-114.62465,36.14338],[-114.62537,36.14328],[-114.625,36.1412],[-114.62695,36.143],[-114.6274,36.14453],[-114.62801,36.14467],[-114.62774,36.14499],[-114.62706,36.14469],[-114.62679,36.14522],[-114.62754,36.1455],[-114.62809,36.14651],[-114.63049,36.14665],[-114.62941,36.1455],[-114.6298,36.14452],[-114.63221,36.14614],[-114.63324,36.14741],[-114.63337,36.14578],[-114.63244,36.14467],[-114.63358,36.14433],[-114.63432,36.14467],[-114.63655,36.14799],[-114.63839,36.14837],[-114.63873,36.14892],[-114.63888,36.14799],[-114.63768,36.14744],[-114.63648,36.14522],[-114.63619,36.14217],[-114.63701,36.14184],[-114.63973,36.14411],[-114.64015,36.14467],[-114.63971,36.14522],[-114.64132,36.14605],[-114.64197,36.14689],[-114.64173,36.14772],[-114.64354,36.14919],[-114.64327,36.14827],[-114.64373,36.14772],[-114.64306,36.14716],[-114.64341,36.14689],[-114.64308,36.14605],[-114.64389,36.1455],[-114.64285,36.14445],[-114.64182,36.1448],[-114.63865,36.14106],[-114.6382,36.13995],[-114.63942,36.13972],[-114.63986,36.14051],[-114.64113,36.14103],[-114.64216,36.14091],[-114.64135,36.1394],[-114.64216,36.13784],[-114.64422,36.14025],[-114.64525,36.14088],[-114.6466,36.14106],[-114.64591,36.14023],[-114.6463,36.13968],[-114.64521,36.1394],[-114.64442,36.13801],[-114.64422,36.13667],[-114.64491,36.13662],[-114.64594,36.13812],[-114.64631,36.13718],[-114.64594,36.13575],[-114.64663,36.13571],[-114.64731,36.13651],[-114.64812,36.13469],[-114.64972,36.13379],[-114.65075,36.13375],[-114.65109,36.1331],[-114.65246,36.13281],[-114.65293,36.1333],[-114.65418,36.13347],[-114.6549,36.13247],[-114.65454,36.13191],[-114.65584,36.13108],[-114.65658,36.1291],[-114.65761,36.13012],[-114.6583,36.12979],[-114.65864,36.13025],[-114.65811,36.13053],[-114.65727,36.13279],[-114.65627,36.13302],[-114.65452,36.13528],[-114.65292,36.13635],[-114.65221,36.13885],[-114.65315,36.13969],[-114.65418,36.13966],[-114.65521,36.13734],[-114.65624,36.13789],[-114.65761,36.13725],[-114.6583,36.13742],[-114.65967,36.13575],[-114.6607,36.13648],[-114.66105,36.13506],[-114.66276,36.13344],[-114.66379,36.13382],[-114.66468,36.13496],[-114.66654,36.13508],[-114.66688,36.13557],[-114.66723,36.13496],[-114.66688,36.134],[-114.66549,36.13275],[-114.66688,36.13204],[-114.66688,36.1309],[-114.66757,36.13037],[-114.66963,36.13031],[-114.671,36.12983],[-114.67375,36.13009],[-114.67821,36.12907],[-114.67855,36.12974],[-114.67993,36.12935],[-114.68061,36.12993],[-114.68164,36.12858],[-114.68302,36.12873],[-114.68421,36.12942],[-114.68372,36.13164],[-114.68508,36.13245],[-114.68545,36.13219],[-114.68524,36.13108],[-114.68645,36.12951],[-114.68839,36.12942],[-114.68851,36.13048],[-114.69023,36.12887],[-114.69091,36.13107],[-114.69194,36.13003],[-114.69263,36.13018],[-114.69366,36.12968],[-114.69366,36.13093],[-114.69527,36.1308],[-114.69525,36.13136],[-114.69615,36.13164],[-114.69675,36.133],[-114.69709,36.13248],[-114.69826,36.13358],[-114.69822,36.13469],[-114.69732,36.13524],[-114.69778,36.13612],[-114.69973,36.13663],[-114.70011,36.13607],[-114.69938,36.13552],[-114.70018,36.13493],[-114.70164,36.13663],[-114.70101,36.13718],[-114.70156,36.13826],[-114.70259,36.13736],[-114.70705,36.13816],[-114.70804,36.1369],[-114.70766,36.13607],[-114.70602,36.13541],[-114.70305,36.1358],[-114.70189,36.13358],[-114.69881,36.13138],[-114.69806,36.12969],[-114.69741,36.12942],[-114.69841,36.12803],[-114.69855,36.12664],[-114.69975,36.12443],[-114.70224,36.12147],[-114.70367,36.12165],[-114.70415,36.12332],[-114.70408,36.12581],[-114.70465,36.12637],[-114.70533,36.12635],[-114.70646,36.12304],[-114.70622,36.12138],[-114.70691,36.1211],[-114.70772,36.1186],[-114.70911,36.11929],[-114.7098,36.11846],[-114.7096,36.11999],[-114.70896,36.12054],[-114.71117,36.12164],[-114.71171,36.11943],[-114.71238,36.11916],[-114.71275,36.11832],[-114.71359,36.11832],[-114.7129,36.12054],[-114.71447,36.1211],[-114.71323,36.12142],[-114.7125,36.12276],[-114.71289,36.1236],[-114.71426,36.12314],[-114.71464,36.12581],[-114.71529,36.12574],[-114.71563,36.12621],[-114.71731,36.12581],[-114.71632,36.1247],[-114.71666,36.1233],[-114.71907,36.12509],[-114.71945,36.12415],[-114.71907,36.12302],[-114.72216,36.12364],[-114.72319,36.12509],[-114.7249,36.12584],[-114.72337,36.12276],[-114.72372,36.12221],[-114.72181,36.12171],[-114.72202,36.1211],[-114.7202,36.12054],[-114.72089,36.11999],[-114.72043,36.11916],[-114.72078,36.11778],[-114.72284,36.11914],[-114.72387,36.11812],[-114.72593,36.12069],[-114.72731,36.11915],[-114.72959,36.11971],[-114.72972,36.11888],[-114.729,36.11777],[-114.72936,36.11722],[-114.72656,36.11611],[-114.72794,36.11555],[-114.72799,36.11518],[-114.72902,36.11575],[-114.73005,36.11534],[-114.73143,36.11749],[-114.73194,36.11611],[-114.73312,36.11555],[-114.73265,36.115],[-114.73335,36.11444],[-114.73201,36.11278],[-114.73196,36.11084],[-114.73246,36.11064],[-114.73368,36.11167],[-114.73467,36.11167],[-114.73636,36.11444],[-114.73619,36.11666],[-114.73452,36.11681],[-114.73427,36.11722],[-114.73555,36.11828],[-114.73702,36.11832],[-114.73641,36.11888],[-114.73452,36.11907],[-114.73328,36.11971],[-114.7352,36.12028],[-114.73736,36.11999],[-114.73735,36.12082],[-114.73628,36.12138],[-114.7373,36.12165],[-114.7367,36.12359],[-114.73726,36.12367],[-114.73829,36.12243],[-114.73967,36.12278],[-114.7405,36.12387],[-114.73967,36.12583],[-114.74138,36.12603],[-114.74172,36.1272],[-114.74344,36.12873],[-114.74347,36.12748],[-114.74269,36.12637],[-114.74301,36.12526],[-114.74379,36.1261],[-114.74462,36.12581],[-114.74252,36.12359],[-114.74224,36.12027],[-114.74305,36.12054],[-114.74324,36.12248],[-114.74447,36.12238],[-114.74516,36.12186],[-114.74665,36.12276],[-114.74608,36.12387],[-114.74653,36.12529],[-114.74768,36.12526],[-114.74702,36.12443],[-114.74722,36.12381],[-114.74928,36.12443],[-114.75031,36.12447],[-114.75045,36.12415],[-114.74859,36.12342],[-114.74805,36.12276],[-114.74997,36.12277],[-114.74981,36.12248],[-114.74756,36.12198],[-114.74688,36.12121],[-114.74722,36.11998],[-114.74894,36.12002],[-114.74935,36.11971],[-114.74756,36.11934],[-114.74688,36.11835],[-114.74516,36.11824],[-114.7445,36.11722],[-114.74516,36.11696],[-114.74653,36.11768],[-114.74847,36.11694],[-114.74748,36.11638],[-114.74755,36.11583],[-114.74541,36.115],[-114.7431,36.11313],[-114.74305,36.11195],[-114.74447,36.11197],[-114.74585,36.1126],[-114.74859,36.11531],[-114.74997,36.11501],[-114.74836,36.11361],[-114.74876,36.11195],[-114.74764,36.11111],[-114.74993,36.11084],[-114.74937,36.11],[-114.74962,36.10954],[-114.74766,36.10889],[-114.7481,36.10862],[-114.74805,36.10779],[-114.74997,36.10729],[-114.75107,36.10806],[-114.75049,36.10945],[-114.75306,36.11212],[-114.75409,36.11183],[-114.75546,36.11261],[-114.75785,36.11195],[-114.75752,36.11162],[-114.75546,36.11149],[-114.75409,36.1107],[-114.75351,36.10973],[-114.75531,36.10889],[-114.75649,36.10665],[-114.75855,36.10858],[-114.76008,36.10806],[-114.75936,36.10584],[-114.76027,36.10413],[-114.76267,36.10366],[-114.76409,36.10252],[-114.76429,36.10168],[-114.76589,36.10057],[-114.76542,36.09881],[-114.76678,36.0978],[-114.76609,36.09697],[-114.76697,36.09641],[-114.76629,36.09586],[-114.76645,36.09419],[-114.76713,36.09402],[-114.76847,36.09503],[-114.7684,36.09641],[-114.76885,36.09681],[-114.77125,36.09624],[-114.7716,36.09558],[-114.77012,36.09364],[-114.7688,36.09281],[-114.76953,36.09114],[-114.77057,36.09104],[-114.77125,36.09204],[-114.77365,36.09328],[-114.77647,36.09114],[-114.7764,36.09029],[-114.77743,36.09122],[-114.77812,36.08963],[-114.77915,36.08982],[-114.77915,36.09091],[-114.78007,36.09086],[-114.78008,36.09197],[-114.78189,36.09433],[-114.78241,36.09364],[-114.78183,36.09281],[-114.78224,36.09202],[-114.78458,36.09447],[-114.7843,36.09534],[-114.78258,36.09594],[-114.7816,36.09697],[-114.78193,36.09863],[-114.78416,36.09863],[-114.78327,36.10113],[-114.78203,36.10252],[-114.78237,36.10362],[-114.78469,36.10668],[-114.78413,36.10862],[-114.78464,36.10955],[-114.78533,36.1097],[-114.78677,36.10917],[-114.78659,36.10779],[-114.7871,36.10723],[-114.78598,36.10584],[-114.7867,36.10493],[-114.78739,36.10514],[-114.7889,36.10779],[-114.79013,36.10802],[-114.79203,36.10501],[-114.79185,36.10297],[-114.79254,36.10266],[-114.79391,36.10341],[-114.79494,36.10529],[-114.79425,36.10627],[-114.79322,36.10579],[-114.79289,36.10612],[-114.79357,36.10695],[-114.79368,36.10834],[-114.79563,36.10988],[-114.79734,36.1091],[-114.80043,36.10851],[-114.80215,36.10978],[-114.8049,36.10974],[-114.80602,36.10723],[-114.80336,36.10446],[-114.80356,36.10335],[-114.8019,36.10307],[-114.80249,36.10239],[-114.80524,36.10324],[-114.80936,36.10567],[-114.81279,36.1071],[-114.81382,36.10625],[-114.81588,36.10656],[-114.81793,36.10806],[-114.81897,36.11096],[-114.82206,36.11346],[-114.82584,36.11462],[-114.82654,36.11389],[-114.82412,36.11285],[-114.82377,36.11222],[-114.8226,36.11167],[-114.82166,36.11028],[-114.82049,36.11],[-114.82073,36.10889],[-114.81994,36.10751],[-114.82019,36.10723],[-114.81846,36.10557],[-114.81946,36.10529],[-114.8173,36.10446],[-114.81897,36.10432],[-114.81916,36.10362],[-114.81726,36.10372],[-114.81623,36.10272],[-114.81503,36.10279],[-114.8152,36.10168],[-114.81451,36.10194],[-114.81417,36.10168],[-114.81435,36.10085],[-114.81348,36.10074],[-114.81257,36.09974],[-114.81245,36.09892],[-114.81039,36.10012],[-114.80994,36.09946],[-114.81058,36.09891],[-114.80886,36.09863],[-114.80938,36.09835],[-114.80891,36.09808],[-114.80937,36.09697],[-114.8078,36.09641],[-114.80846,36.09558],[-114.80975,36.09503],[-114.80929,36.09392],[-114.80764,36.09409],[-114.80637,36.09364],[-114.80593,36.09299],[-114.80352,36.0935],[-114.80318,36.09399],[-114.80284,36.09337],[-114.80215,36.0937],[-114.80076,36.09336],[-114.80176,36.09253],[-114.80201,36.09114],[-114.79975,36.08811],[-114.79906,36.08769],[-114.79734,36.0876],[-114.79485,36.08809],[-114.79494,36.08654],[-114.79322,36.08642],[-114.79202,36.08587],[-114.7925,36.08421],[-114.79082,36.08468],[-114.78979,36.0844],[-114.78842,36.08559],[-114.78773,36.08484],[-114.78533,36.08481],[-114.78258,36.08575],[-114.78021,36.08448],[-114.78053,36.08115],[-114.78121,36.08035],[-114.78292,36.08048],[-114.78567,36.07999],[-114.78739,36.07943],[-114.78829,36.07866],[-114.7895,36.07255],[-114.79185,36.07142],[-114.79563,36.06762],[-114.79778,36.06284],[-114.79805,36.06062],[-114.79714,36.05867],[-114.79348,36.05618],[-114.78937,36.0509],[-114.77743,36.04292],[-114.77606,36.04242],[-114.77468,36.04253],[-114.77057,36.04483],[-114.76782,36.0447],[-114.76895,36.04563],[-114.76935,36.04674],[-114.76885,36.04737],[-114.76748,36.04769],[-114.76336,36.04723],[-114.76117,36.04646],[-114.7609,36.04507],[-114.76233,36.04502],[-114.76306,36.04424],[-114.76267,36.04359],[-114.7615,36.04341],[-114.76166,36.04258],[-114.7638,36.04174],[-114.76418,36.04063],[-114.76242,36.03924],[-114.76253,36.03869],[-114.76136,36.03786],[-114.76111,36.03675],[-114.75546,36.03654],[-114.75252,36.03536],[-114.75409,36.03469],[-114.75477,36.03552],[-114.75615,36.03346],[-114.75752,36.03382],[-114.75849,36.03341],[-114.75818,36.0323],[-114.76061,36.03198],[-114.76242,36.03258],[-114.76473,36.03565],[-114.76748,36.03593],[-114.76851,36.03728],[-114.76988,36.03726],[-114.77108,36.03564],[-114.76717,36.02731],[-114.76267,36.02469],[-114.75752,36.02269],[-114.75409,36.02466],[-114.74997,36.02577],[-114.74653,36.02751],[-114.74501,36.02925],[-114.74479,36.03119],[-114.74413,36.0324],[-114.74184,36.03536],[-114.7407,36.03591],[-114.73692,36.03591],[-114.7352,36.03488],[-114.73314,36.03455],[-114.72971,36.03175],[-114.72422,36.02905],[-114.72464,36.02814],[-114.72662,36.02712],[-114.72902,36.02515],[-114.72981,36.02508],[-114.72942,36.02342],[-114.7304,36.02204],[-114.73262,36.02147],[-114.73269,36.02064],[-114.73761,36.01722],[-114.73589,36.01572],[-114.73314,36.01722],[-114.73074,36.01917],[-114.72971,36.01939],[-114.72834,36.01876],[-114.72834,36.0212],[-114.72692,36.02064],[-114.72664,36.02259],[-114.72452,36.02481],[-114.72353,36.02473],[-114.7226,36.0262],[-114.7201,36.02811],[-114.71934,36.03258],[-114.7208,36.03425],[-114.72078,36.03561],[-114.71907,36.03629],[-114.71598,36.036],[-114.71348,36.03647],[-114.71444,36.03786],[-114.71981,36.03841],[-114.71974,36.03897],[-114.71794,36.0398],[-114.71907,36.03996],[-114.71907,36.04083],[-114.7201,36.04054],[-114.72044,36.04161],[-114.72216,36.04054],[-114.72455,36.04063],[-114.7256,36.04174],[-114.72445,36.04396],[-114.72628,36.04381],[-114.7267,36.04507],[-114.72787,36.04591],[-114.72585,36.04702],[-114.72765,36.04745],[-114.72652,36.04841],[-114.72731,36.04924],[-114.72726,36.05007],[-114.72909,36.05007],[-114.72913,36.0509],[-114.73021,36.05146],[-114.72966,36.05229],[-114.73049,36.05257],[-114.72971,36.05348],[-114.72773,36.05396],[-114.72738,36.05451],[-114.72799,36.05499],[-114.72868,36.05473],[-114.73005,36.05507],[-114.73032,36.05451],[-114.73108,36.0543],[-114.73199,36.05479],[-114.73256,36.0559],[-114.73236,36.05784],[-114.73117,36.05867],[-114.73108,36.06182],[-114.7304,36.06201],[-114.72868,36.06043],[-114.72589,36.06117],[-114.72643,36.06201],[-114.72603,36.06284],[-114.72713,36.06312],[-114.72631,36.06367],[-114.72759,36.06395],[-114.72826,36.06478],[-114.72782,36.06589],[-114.72907,36.06617],[-114.72829,36.067],[-114.7297,36.06728],[-114.72914,36.06783],[-114.72961,36.06811],[-114.72941,36.06839],[-114.72781,36.06922],[-114.72762,36.07033],[-114.72799,36.07067],[-114.72902,36.07031],[-114.72971,36.071],[-114.73074,36.07114],[-114.73112,36.07172],[-114.72971,36.07241],[-114.73003,36.07394],[-114.72853,36.07394],[-114.72727,36.07477],[-114.72781,36.07533],[-114.72956,36.07533],[-114.73044,36.07616],[-114.72971,36.07677],[-114.72694,36.07671],[-114.72753,36.07727],[-114.72735,36.0781],[-114.72851,36.07893],[-114.72767,36.08032],[-114.72689,36.08393],[-114.72422,36.08539],[-114.72353,36.08641],[-114.72216,36.08618],[-114.72113,36.08668],[-114.71872,36.08612],[-114.71928,36.08726],[-114.71905,36.08781],[-114.71392,36.08997],[-114.71289,36.09005],[-114.7122,36.091],[-114.70877,36.09243],[-114.70499,36.09321],[-114.70276,36.09253],[-114.70121,36.09502],[-114.69778,36.09602],[-114.69538,36.09873],[-114.69469,36.09878],[-114.69365,36.09808],[-114.69332,36.09964],[-114.69229,36.09945],[-114.6916,36.09779],[-114.69064,36.10002],[-114.68988,36.10003],[-114.68885,36.09941],[-114.68854,36.09697],[-114.68782,36.09656],[-114.68719,36.09669],[-114.68645,36.09768],[-114.68508,36.09737],[-114.68222,36.10057],[-114.68267,36.10233],[-114.6813,36.10182],[-114.68061,36.10229],[-114.67986,36.10085],[-114.67904,36.10085],[-114.67774,36.10307],[-114.67825,36.10446],[-114.67715,36.1039],[-114.67645,36.1064],[-114.67478,36.10654],[-114.67493,36.10751],[-114.67409,36.10867],[-114.66928,36.11135],[-114.66894,36.11234],[-114.66757,36.11222],[-114.6677,36.11306],[-114.66654,36.11353],[-114.66551,36.11485],[-114.66379,36.11513],[-114.663,36.11611],[-114.66053,36.11638],[-114.66115,36.11805],[-114.66011,36.11832],[-114.65967,36.1193],[-114.6583,36.11749],[-114.65761,36.11741],[-114.65658,36.11626],[-114.65624,36.11773],[-114.6559,36.11748],[-114.65315,36.11418],[-114.65241,36.11666],[-114.65313,36.11749],[-114.65359,36.11943],[-114.65281,36.11944],[-114.65212,36.12003],[-114.6504,36.11929],[-114.64973,36.11943],[-114.65057,36.12027],[-114.65079,36.12165],[-114.65254,36.12332],[-114.6518,36.1247],[-114.65109,36.12495],[-114.64958,36.12664],[-114.6504,36.12713],[-114.65045,36.12775],[-114.648,36.12907],[-114.64697,36.12894],[-114.64388,36.1318],[-114.64319,36.13193],[-114.64182,36.13106],[-114.64113,36.1325],[-114.63839,36.13179],[-114.63873,36.13322],[-114.63749,36.13164],[-114.63633,36.13136],[-114.63598,36.13077],[-114.63547,36.13164],[-114.63603,36.13219],[-114.63631,36.13413],[-114.63427,36.1348],[-114.63324,36.13686],[-114.63221,36.1368],[-114.63205,36.13801],[-114.63135,36.13829],[-114.63118,36.13923],[-114.63001,36.13912],[-114.6298,36.13753],[-114.62877,36.13812],[-114.6274,36.13762],[-114.62616,36.1358],[-114.6257,36.13358],[-114.62413,36.13275],[-114.62397,36.1311],[-114.62328,36.13171],[-114.62139,36.13053],[-114.62037,36.12914],[-114.62053,36.12803],[-114.61985,36.12808],[-114.61932,36.12914],[-114.61882,36.12929],[-114.6172,36.12886],[-114.61676,36.12775],[-114.61561,36.12886],[-114.61332,36.12947],[-114.61184,36.12886],[-114.61195,36.12809],[-114.61294,36.1272],[-114.61126,36.12734],[-114.61058,36.12782],[-114.60955,36.12736],[-114.60955,36.12944],[-114.60817,36.13005],[-114.60749,36.12896],[-114.60679,36.12942],[-114.60678,36.13053],[-114.60291,36.13191],[-114.60199,36.13261],[-114.60028,36.12976],[-114.59959,36.12981],[-114.6003,36.13136],[-114.60031,36.13385],[-114.59925,36.13406],[-114.59787,36.13589],[-114.59684,36.1363],[-114.59581,36.13621],[-114.59577,36.13774],[-114.59375,36.14005],[-114.59204,36.14032],[-114.59066,36.13947],[-114.58998,36.13984],[-114.58929,36.13956],[-114.5892,36.14023],[-114.58997,36.14079],[-114.58799,36.143],[-114.58654,36.14389],[-114.58448,36.14383],[-114.58276,36.14189],[-114.58174,36.13982],[-114.58128,36.14134],[-114.58277,36.14334],[-114.58208,36.1433],[-114.58002,36.14487],[-114.57933,36.14455],[-114.57937,36.1455],[-114.57807,36.14689],[-114.57624,36.14734],[-114.5759,36.14816],[-114.57384,36.14963],[-114.57212,36.15028],[-114.57144,36.14956],[-114.57006,36.15091],[-114.56182,36.15056],[-114.55873,36.15169],[-114.55736,36.1516],[-114.55633,36.1508],[-114.55496,36.15168],[-114.55359,36.15051],[-114.5505,36.14962],[-114.54981,36.14902],[-114.54912,36.14961],[-114.54809,36.14874],[-114.54613,36.14855],[-114.54569,36.14772],[-114.54363,36.14631],[-114.54326,36.14633],[-114.54298,36.14772],[-114.54378,36.14938],[-114.5424,36.15021],[-114.54157,36.15033],[-114.54115,36.14993],[-114.54123,36.14747],[-114.54108,36.14799],[-114.53985,36.14865],[-114.53779,36.14807],[-114.53676,36.14885],[-114.53688,36.14855],[-114.5347,36.1473],[-114.53218,36.14328],[-114.52992,36.14162],[-114.53035,36.14051],[-114.52921,36.1398],[-114.52852,36.14008],[-114.52749,36.13925],[-114.52657,36.13968],[-114.52509,36.13674],[-114.52289,36.13607],[-114.52273,36.13496],[-114.52387,36.13413],[-114.52161,36.13413],[-114.52295,36.13275],[-114.52234,36.13166],[-114.52131,36.13172],[-114.52088,36.13136],[-114.52147,36.13025],[-114.52083,36.12969],[-114.52138,36.12914],[-114.52079,36.12859],[-114.52118,36.12775],[-114.51843,36.12803],[-114.51986,36.12609],[-114.51978,36.12554],[-114.51719,36.12651],[-114.51651,36.12621],[-114.51761,36.1247],[-114.51667,36.12415],[-114.52081,36.12304],[-114.52063,36.12077],[-114.51994,36.12053],[-114.51822,36.12106],[-114.51792,36.12082],[-114.51891,36.12042],[-114.51994,36.11922],[-114.51788,36.11934],[-114.51754,36.11983],[-114.51685,36.11983],[-114.5167,36.11888],[-114.51726,36.11832],[-114.51685,36.11781],[-114.51548,36.11925],[-114.51479,36.11859],[-114.5141,36.11949],[-114.51273,36.11914],[-114.51122,36.11971],[-114.51086,36.11888],[-114.51169,36.11722],[-114.5111,36.11638],[-114.51136,36.11575],[-114.51033,36.11649],[-114.50964,36.11651],[-114.50964,36.11724],[-114.50655,36.11812],[-114.50586,36.11785],[-114.50562,36.11666],[-114.50615,36.11638],[-114.50651,36.11527],[-114.50824,36.11389],[-114.50689,36.11144],[-114.50552,36.1119],[-114.50483,36.11283],[-114.5038,36.1124],[-114.50346,36.1129],[-114.50273,36.11278],[-114.50071,36.11507],[-114.50003,36.11449],[-114.50016,36.11361],[-114.49934,36.11258],[-114.49762,36.11307],[-114.49728,36.11282],[-114.49725,36.11195],[-114.49805,36.11084],[-114.49727,36.11],[-114.49728,36.10825],[-114.49625,36.10799],[-114.49282,36.10833],[-114.4911,36.10762],[-114.4894,36.10889],[-114.48989,36.10945],[-114.48971,36.11056],[-114.49067,36.11139],[-114.49041,36.112],[-114.48732,36.11315],[-114.48629,36.11311],[-114.48458,36.11195],[-114.48326,36.11167],[-114.48477,36.10945],[-114.48595,36.10527],[-114.4808,36.10463],[-114.4798,36.10612],[-114.48186,36.10751],[-114.4829,36.11028],[-114.48046,36.11236],[-114.48048,36.11333],[-114.47874,36.11512],[-114.4767,36.11611],[-114.47805,36.11765],[-114.47725,36.11888],[-114.47634,36.11875],[-114.47462,36.11924],[-114.47256,36.11882],[-114.47187,36.11953],[-114.4705,36.11971],[-114.46847,36.11916],[-114.46853,36.11805],[-114.46942,36.11666],[-114.4696,36.11389],[-114.47066,36.11195],[-114.46973,36.11111],[-114.46961,36.10945],[-114.46886,36.10834],[-114.46501,36.10747],[-114.46346,36.10889],[-114.4631,36.11139],[-114.46398,36.11242],[-114.46569,36.11154],[-114.4666,36.11195],[-114.46604,36.11381],[-114.46519,36.11472],[-114.46609,36.11666],[-114.46604,36.11775],[-114.46501,36.118],[-114.46385,36.11749],[-114.46123,36.11411],[-114.46049,36.11527],[-114.4602,36.11706],[-114.45814,36.11667],[-114.45764,36.11472],[-114.45794,36.11333],[-114.45918,36.11195],[-114.4578,36.11144],[-114.45333,36.11239],[-114.45265,36.11106],[-114.4513,36.11],[-114.45092,36.10806],[-114.45139,36.10557],[-114.45048,36.10279],[-114.44969,36.09752],[-114.45022,36.09558],[-114.4523,36.09349],[-114.45299,36.09361],[-114.45342,36.09253],[-114.45196,36.09198],[-114.45127,36.09268],[-114.44982,36.09253],[-114.45182,36.09031],[-114.45109,36.08975],[-114.45127,36.08944],[-114.45212,36.0892],[-114.45214,36.08864],[-114.45322,36.08781],[-114.4523,36.08771],[-114.45202,36.08698],[-114.45408,36.08282],[-114.45571,36.08254],[-114.45512,36.08199],[-114.45594,36.08032],[-114.45505,36.07927],[-114.45265,36.07861],[-114.45218,36.07949],[-114.45122,36.07977],[-114.45123,36.0806],[-114.44956,36.08215],[-114.44784,36.08121],[-114.44724,36.08143],[-114.44779,36.08226],[-114.44672,36.0831],[-114.44681,36.08404],[-114.44578,36.0841],[-114.4451,36.08341],[-114.44441,36.08338],[-114.44439,36.08448],[-114.4434,36.08559],[-114.44277,36.08753],[-114.44128,36.08726],[-114.44132,36.08807],[-114.44211,36.08864],[-114.44213,36.08975],[-114.44114,36.09059],[-114.44192,36.09225],[-114.43954,36.09308],[-114.44116,36.09475],[-114.43986,36.10085],[-114.44178,36.10446],[-114.4418,36.10557],[-114.44122,36.1064],[-114.44202,36.10668],[-114.44234,36.11],[-114.44106,36.11028],[-114.44063,36.10935],[-114.43852,36.10917],[-114.44017,36.11],[-114.44011,36.11111],[-114.44116,36.11111],[-114.44121,36.11195],[-114.44237,36.11306],[-114.44297,36.11444],[-114.44269,36.11525],[-114.44063,36.11522],[-114.44025,36.11555],[-114.44345,36.11666],[-114.44344,36.11722],[-114.44193,36.11888],[-114.44063,36.11923],[-114.4396,36.11863],[-114.43926,36.11918],[-114.43617,36.11997],[-114.43445,36.11975],[-114.43408,36.11916],[-114.43308,36.11882],[-114.43346,36.11943],[-114.43308,36.12004],[-114.43239,36.12014],[-114.43171,36.11966],[-114.43102,36.12013],[-114.42912,36.11832],[-114.43007,36.11722],[-114.42916,36.11555],[-114.43008,36.115],[-114.42999,36.11394],[-114.43078,36.11361],[-114.42999,36.11316],[-114.42896,36.1139],[-114.4269,36.11318],[-114.42673,36.11167],[-114.42591,36.11111],[-114.42595,36.10973],[-114.42553,36.10937],[-114.42392,36.10889],[-114.42532,36.10973],[-114.4258,36.11333],[-114.42656,36.11407],[-114.42724,36.11394],[-114.42861,36.11472],[-114.42797,36.11555],[-114.42827,36.11729],[-114.42759,36.11749],[-114.42827,36.11943],[-114.42801,36.11971],[-114.42868,36.12027],[-114.42827,36.12109],[-114.42518,36.12169],[-114.4245,36.12071],[-114.42383,36.12193],[-114.42244,36.12228],[-114.42175,36.12054],[-114.42072,36.1224],[-114.42003,36.12177],[-114.41958,36.12248],[-114.419,36.12258],[-114.41832,36.1218],[-114.41729,36.12149],[-114.41626,36.12235],[-114.41488,36.12191],[-114.41385,36.12102],[-114.41248,36.12084],[-114.41362,36.11971],[-114.41282,36.11988],[-114.41263,36.11888],[-114.41111,36.11802],[-114.41095,36.12054],[-114.41008,36.12107],[-114.4087,36.12045],[-114.40664,36.12158],[-114.40634,36.12248],[-114.40673,36.12359],[-114.4039,36.12516],[-114.40306,36.12664],[-114.40039,36.12859],[-114.39965,36.12997],[-114.3984,36.13033],[-114.39703,36.12953],[-114.396,36.12971],[-114.39574,36.13025],[-114.39703,36.13172],[-114.39703,36.13263],[-114.39566,36.13278],[-114.39431,36.13108],[-114.3938,36.13108],[-114.39299,36.13191],[-114.39365,36.13275],[-114.3936,36.13356],[-114.39085,36.1342],[-114.38948,36.13107],[-114.38742,36.13041],[-114.38788,36.13191],[-114.38698,36.13219],[-114.38855,36.1333],[-114.38753,36.13413],[-114.38742,36.13501],[-114.3857,36.13466],[-114.38398,36.135],[-114.3833,36.13458],[-114.38261,36.13508],[-114.38089,36.13487],[-114.37574,36.13308],[-114.37471,36.13329],[-114.37334,36.13291],[-114.37128,36.13216],[-114.37094,36.13148],[-114.36859,36.13136],[-114.36853,36.12991],[-114.36716,36.12976],[-114.36682,36.12851],[-114.36407,36.12891],[-114.36373,36.12867],[-114.36495,36.12637],[-114.36479,36.12526],[-114.36373,36.12535],[-114.36338,36.12469],[-114.3627,36.12466],[-114.36201,36.12259],[-114.36167,36.1224],[-114.36029,36.12356],[-114.35851,36.12304],[-114.35854,36.11999],[-114.35686,36.11916],[-114.3566,36.11832],[-114.35703,36.11777],[-114.35911,36.11722],[-114.35889,36.11638],[-114.35995,36.11569],[-114.36125,36.11583],[-114.36067,36.11416],[-114.36098,36.11165],[-114.35926,36.11455],[-114.35789,36.11547],[-114.35758,36.11472],[-114.35649,36.11444],[-114.35583,36.11342],[-114.3539,36.11444],[-114.35518,36.11611],[-114.35514,36.11708],[-114.35274,36.11669],[-114.35137,36.11582],[-114.35102,36.11613],[-114.34931,36.11601],[-114.34862,36.11704],[-114.34759,36.11719],[-114.34656,36.11652],[-114.34613,36.11583],[-114.34622,36.11426],[-114.345,36.11416],[-114.34247,36.11111],[-114.33832,36.10757],[-114.33729,36.10469],[-114.33626,36.10533],[-114.33523,36.10481],[-114.33355,36.10335],[-114.33425,36.10224],[-114.33317,36.10224],[-114.33267,36.10141],[-114.33292,36.10057],[-114.33073,36.10002],[-114.33149,36.09863],[-114.33081,36.0978],[-114.33151,36.09669],[-114.33695,36.09539],[-114.33798,36.09573],[-114.33622,36.09475],[-114.33832,36.09336],[-114.33455,36.09446],[-114.33383,36.09392],[-114.33363,36.09281],[-114.33249,36.09219],[-114.33265,36.09308],[-114.3318,36.09386],[-114.33075,36.09392],[-114.33041,36.09503],[-114.32843,36.09752],[-114.32858,36.09863],[-114.32802,36.09869],[-114.32621,36.0978],[-114.32615,36.09697],[-114.32528,36.09679],[-114.32425,36.09495],[-114.32322,36.09488],[-114.32262,36.09419],[-114.3247,36.09336],[-114.32304,36.09253],[-114.32272,36.09142],[-114.32481,36.09059],[-114.32322,36.09037],[-114.32184,36.09078],[-114.32081,36.08986],[-114.31978,36.09034],[-114.31857,36.0892],[-114.31736,36.08698],[-114.31748,36.08615],[-114.31635,36.08567],[-114.31871,36.08365],[-114.3172,36.08337],[-114.31738,36.08151],[-114.31807,36.08124],[-114.31978,36.08157],[-114.32186,36.08032],[-114.3215,36.07953],[-114.31944,36.07947],[-114.31888,36.07893],[-114.32183,36.07505],[-114.32287,36.07471],[-114.3239,36.07584],[-114.32459,36.07497],[-114.32528,36.07513],[-114.32699,36.07423],[-114.32955,36.07477],[-114.32678,36.07255],[-114.32722,36.07172],[-114.32802,36.07149],[-114.32934,36.07227],[-114.33093,36.07255],[-114.33024,36.07172],[-114.33077,36.07063],[-114.33249,36.07158],[-114.33695,36.07178],[-114.33766,36.07227],[-114.33729,36.0717],[-114.33344,36.07061],[-114.3315,36.0695],[-114.33146,36.0689],[-114.33008,36.06931],[-114.32905,36.06875],[-114.32768,36.0693],[-114.32747,36.06839],[-114.32665,36.06806],[-114.32548,36.06894],[-114.32438,36.06894],[-114.3258,36.06783],[-114.32955,36.06617],[-114.32913,36.06534],[-114.33088,36.06423],[-114.32974,36.06414],[-114.3294,36.06366],[-114.32802,36.06508],[-114.32596,36.06618],[-114.32528,36.06523],[-114.32481,36.06534],[-114.32459,36.06625],[-114.32356,36.06651],[-114.32184,36.06608],[-114.32081,36.06632],[-114.32037,36.06589],[-114.32052,36.06534],[-114.32219,36.06417],[-114.32399,36.06367],[-114.32436,36.06201],[-114.32528,36.06208],[-114.32539,36.06145],[-114.32745,36.06062],[-114.32677,36.06034],[-114.32699,36.05974],[-114.32596,36.06047],[-114.32562,36.05983],[-114.32253,36.06122],[-114.3215,36.06085],[-114.32142,36.06006],[-114.32243,36.0584],[-114.32139,36.05729],[-114.32184,36.05711],[-114.32287,36.05763],[-114.32459,36.05741],[-114.32492,36.05645],[-114.32387,36.05645],[-114.32345,36.0559],[-114.32631,36.05441],[-114.32837,36.05419],[-114.32905,36.05568],[-114.32978,36.05534],[-114.32974,36.05432],[-114.33187,36.05479],[-114.33194,36.05423],[-114.33128,36.05368],[-114.33191,36.05285],[-114.33077,36.05218],[-114.33066,36.05118],[-114.33149,36.0509],[-114.33195,36.04979],[-114.33352,36.04818],[-114.33523,36.04743],[-114.33723,36.04729],[-114.33699,36.04702],[-114.33474,36.04702],[-114.33283,36.04765],[-114.33146,36.04871],[-114.33043,36.04856],[-114.33037,36.04785],[-114.33118,36.04674],[-114.33008,36.04591],[-114.33043,36.04563],[-114.33043,36.04535],[-114.33008,36.0459],[-114.32871,36.04506],[-114.32766,36.04813],[-114.32828,36.04952],[-114.32802,36.04995],[-114.32596,36.04882],[-114.32485,36.04952],[-114.32478,36.05063],[-114.3239,36.0512],[-114.32372,36.04979],[-114.32475,36.04896],[-114.32493,36.04768],[-114.32287,36.04783],[-114.32081,36.04952],[-114.32037,36.04924],[-114.32039,36.04841],[-114.31978,36.04818],[-114.319,36.04868],[-114.31925,36.04924],[-114.31875,36.04971],[-114.31807,36.04966],[-114.31772,36.05018],[-114.31669,36.05044],[-114.31601,36.05008],[-114.31549,36.05035],[-114.31673,36.05201],[-114.31532,36.05198],[-114.31463,36.05263],[-114.31395,36.05225],[-114.31415,36.05146],[-114.3136,36.05086],[-114.31154,36.05175],[-114.31113,36.05146],[-114.31147,36.0509],[-114.31086,36.05069],[-114.30907,36.05118],[-114.30835,36.05063],[-114.30845,36.04942],[-114.30674,36.0507],[-114.30571,36.04997],[-114.30468,36.05081],[-114.30436,36.05063],[-114.30502,36.04973],[-114.30727,36.04813],[-114.30753,36.04674],[-114.30662,36.04646],[-114.30881,36.04452],[-114.30826,36.04424],[-114.30834,36.04369],[-114.30998,36.04313],[-114.30886,36.04258],[-114.30991,36.04035],[-114.3088,36.04007],[-114.3072,36.04147],[-114.30731,36.0423],[-114.30674,36.04301],[-114.30639,36.04323],[-114.30605,36.04292],[-114.30536,36.04342],[-114.30497,36.04313],[-114.30401,36.04535],[-114.30193,36.0451],[-114.30206,36.04424],[-114.30159,36.04367],[-114.29953,36.04482],[-114.29865,36.04591],[-114.29781,36.04881],[-114.29795,36.04396],[-114.29644,36.04393],[-114.29575,36.04441],[-114.29448,36.04452],[-114.29547,36.04507],[-114.29541,36.04656],[-114.29369,36.04606],[-114.29266,36.04653],[-114.29178,36.04591],[-114.29232,36.04204],[-114.29094,36.04338],[-114.29026,36.04346],[-114.29005,36.04313],[-114.29105,36.04202],[-114.29094,36.04138],[-114.28923,36.04172],[-114.28854,36.04242],[-114.28785,36.04195],[-114.28674,36.0423],[-114.28751,36.04268],[-114.28835,36.04396],[-114.2883,36.04507],[-114.28738,36.0448],[-114.28717,36.04384],[-114.28476,36.04586],[-114.28373,36.04581],[-114.28305,36.04445],[-114.27914,36.04285],[-114.27874,36.04035],[-114.27969,36.03952],[-114.27999,36.03619],[-114.28108,36.03452],[-114.28046,36.03425],[-114.28051,36.03341],[-114.28202,36.0329],[-114.28368,36.03314],[-114.28299,36.0323],[-114.28114,36.0323],[-114.28099,36.03073],[-114.27959,36.03147],[-114.27996,36.03183],[-114.27858,36.03224],[-114.27755,36.03211],[-114.27549,36.03354],[-114.27507,36.03314],[-114.27602,36.03175],[-114.27702,36.03119],[-114.27701,36.03064],[-114.27515,36.03066],[-114.27446,36.03012],[-114.27343,36.03093],[-114.27291,36.03008],[-114.27464,36.02786],[-114.27435,36.02703],[-114.2731,36.02703],[-114.27344,36.02481],[-114.27455,36.02397],[-114.27392,36.02342],[-114.27458,36.02259],[-114.27584,36.02224],[-114.27697,36.02036],[-114.27549,36.02128],[-114.27481,36.02064],[-114.27425,36.02147],[-114.27323,36.02175],[-114.27069,36.02368],[-114.27038,36.02453],[-114.2693,36.02453],[-114.26859,36.02592],[-114.2676,36.0247],[-114.26665,36.02481],[-114.2667,36.02425],[-114.26554,36.02334],[-114.26485,36.02398],[-114.26321,36.02259],[-114.26201,36.02259],[-114.26282,36.02147],[-114.2621,36.02004],[-114.26107,36.02098],[-114.26004,36.02107],[-114.2597,36.02028],[-114.25833,36.02073],[-114.2573,36.01998],[-114.25769,36.0187],[-114.2573,36.01738],[-114.25489,36.01871],[-114.25409,36.01786],[-114.25421,36.01639],[-114.25313,36.01592],[-114.25318,36.01421],[-114.25146,36.01658],[-114.25061,36.01537],[-114.25075,36.01425],[-114.25215,36.01273],[-114.25215,36.01132],[-114.25146,36.01232],[-114.2494,36.01324],[-114.24837,36.01466],[-114.24724,36.01425],[-114.24597,36.01253],[-114.24459,36.01176],[-114.24356,36.0119],[-114.24372,36.01092],[-114.24308,36.01037],[-114.24467,36.00676],[-114.24417,36.00648]]}},{"type":"Feature","properties":{"elevation":1000,"label":"1,000 ft \u00b7 SNWA Intake 2"},"geometry":{"type":"LineString","coordinates":[[-114.38845,36.3028],[-114.38917,36.30309],[-114.38912,36.3042],[-114.3881,36.3048],[-114.38777,36.30392],[-114.38845,36.3028]]}},{"type":"Feature","properties":{"elevation":1000,"label":"1,000 ft \u00b7 SNWA Intake 2"},"geometry":{"type":"LineString","coordinates":[[-114.40321,36.23055],[-114.4048,36.23112],[-114.40321,36.23264],[-114.40261,36.2314],[-114.40321,36.23055]]}},{"type":"Feature","properties":{"elevation":1000,"label":"1,000 ft \u00b7 SNWA Intake 2"},"geometry":{"type":"LineString","coordinates":[[-114.4451,36.15214],[-114.44647,36.15271],[-114.44766,36.15409],[-114.44761,36.15465],[-114.44647,36.15555],[-114.44338,36.15508],[-114.44245,36.15409],[-114.4451,36.15214]]}},{"type":"Feature","properties":{"elevation":1000,"label":"1,000 ft \u00b7 SNWA Intake 2"},"geometry":{"type":"LineString","coordinates":[[-114.46638,36.1438],[-114.46854,36.14384],[-114.46896,36.14494],[-114.46832,36.14605],[-114.46694,36.14605],[-114.46604,36.14447],[-114.46569,36.14501],[-114.46469,36.14467],[-114.46638,36.1438]]}},{"type":"Feature","properties":{"elevation":1000,"label":"1,000 ft \u00b7 SNWA Intake 2"},"geometry":{"type":"LineString","coordinates":[[-114.37471,36.13512],[-114.3754,36.13498],[-114.37746,36.13564],[-114.37865,36.13663],[-114.37712,36.13679],[-114.37643,36.136],[-114.37437,36.1362],[-114.37471,36.13512]]}},{"type":"Feature","properties":{"elevation":1000,"label":"1,000 ft \u00b7 SNWA Intake 2"},"geometry":{"type":"LineString","coordinates":[[-114.36991,36.13353],[-114.37197,36.13354],[-114.373,36.13413],[-114.37231,36.13444],[-114.37197,36.13401],[-114.37025,36.13424],[-114.36991,36.13353]]}},{"type":"Feature","properties":{"elevation":1000,"label":"1,000 ft \u00b7 SNWA Intake 2"},"geometry":{"type":"LineString","coordinates":[[-114.66551,36.11813],[-114.66632,36.11832],[-114.66497,36.12248],[-114.66365,36.12443],[-114.6633,36.12581],[-114.66173,36.12715],[-114.66136,36.12581],[-114.66221,36.12443],[-114.66214,36.12359],[-114.66276,36.1235],[-114.6633,36.12054],[-114.66413,36.12021],[-114.66551,36.11813]]}},{"type":"Feature","properties":{"elevation":1000,"label":"1,000 ft \u00b7 SNWA Intake 2"},"geometry":{"type":"LineString","coordinates":[[-114.65212,36.12489],[-114.65487,36.12479],[-114.65543,36.12498],[-114.65398,36.12554],[-114.65315,36.1264],[-114.65219,36.12581],[-114.65212,36.12489]]}},{"type":"Feature","properties":{"elevation":1000,"label":"1,000 ft \u00b7 SNWA Intake 2"},"geometry":{"type":"LineString","coordinates":[[-114.51273,36.11982],[-114.51342,36.12054],[-114.51213,36.12193],[-114.51113,36.12193],[-114.51067,36.12096],[-114.51204,36.12052],[-114.51273,36.11982]]}},{"type":"Feature","properties":{"elevation":1000,"label":"1,000 ft \u00b7 SNWA Intake 2"},"geometry":{"type":"LineString","coordinates":[[-114.79219,36.06587],[-114.79322,36.06611],[-114.79356,36.06672],[-114.79322,36.06729],[-114.79185,36.06764],[-114.79074,36.06672],[-114.79219,36.06587]]}},{"type":"Feature","properties":{"elevation":1000,"label":"1,000 ft \u00b7 SNWA Intake 2"},"geometry":{"type":"LineString","coordinates":[[-114.74688,36.05201],[-114.74825,36.05261],[-114.74916,36.05423],[-114.74799,36.05479],[-114.74845,36.05701],[-114.74805,36.05895],[-114.74693,36.05979],[-114.74769,36.06117],[-114.74722,36.06145],[-114.74516,36.06081],[-114.74447,36.06],[-114.74301,36.05979],[-114.74317,36.0584],[-114.74241,36.05534],[-114.74429,36.0534],[-114.74516,36.05373],[-114.74619,36.0535],[-114.74688,36.05201]]}},{"type":"Feature","properties":{"elevation":1000,"label":"1,000 ft \u00b7 SNWA Intake 2"},"geometry":{"type":"LineString","coordinates":[[-114.7225,36.03839],[-114.72353,36.03828],[-114.72319,36.03914],[-114.72181,36.03951],[-114.72114,36.03924],[-114.721,36.03897],[-114.7225,36.03839]]}},{"type":"Feature","properties":{"elevation":950,"label":"950 ft \u00b7 Min. power pool"},"geometry":{"type":"LineString","coordinates":[[-114.24214,36.00898],[-114.24108,36.01037],[-114.24047,36.01245],[-114.23807,36.01193],[-114.23773,36.01245],[-114.23635,36.01242],[-114.23567,36.01187],[-114.23438,36.01176],[-114.23395,36.01037],[-114.23326,36.0115],[-114.23155,36.01235],[-114.2288,36.0123],[-114.22777,36.01287],[-114.22709,36.01241],[-114.22606,36.01322],[-114.22503,36.01339],[-114.22468,36.01303],[-114.22297,36.01421],[-114.21782,36.0141],[-114.21576,36.01337],[-114.21507,36.01439],[-114.19859,36.01783],[-114.19344,36.02001],[-114.19172,36.02019],[-114.18692,36.02243],[-114.18348,36.02337],[-114.18074,36.02462],[-114.18005,36.0245],[-114.17818,36.02564],[-114.1778,36.02647],[-114.17662,36.02656],[-114.17608,36.02703],[-114.17318,36.0268],[-114.16975,36.02724],[-114.16597,36.02696],[-114.1646,36.02637],[-114.16185,36.02632],[-114.16129,36.02564],[-114.16288,36.02443],[-114.15979,36.0255],[-114.15773,36.02468],[-114.15499,36.02269],[-114.15258,36.02231],[-114.15121,36.02247],[-114.15219,36.0237],[-114.14915,36.02513],[-114.14882,36.02592],[-114.14755,36.02675],[-114.1464,36.02614],[-114.14606,36.02647],[-114.14652,36.02731],[-114.14558,36.02897],[-114.14622,36.02925],[-114.1465,36.03008],[-114.14606,36.03138],[-114.14434,36.03086],[-114.14228,36.03133],[-114.14022,36.0296],[-114.13782,36.02834],[-114.1345,36.02897],[-114.13436,36.02925],[-114.1361,36.02983],[-114.1382,36.03119],[-114.14022,36.03323],[-114.14113,36.03341],[-114.14022,36.03388],[-114.13851,36.03314],[-114.13726,36.03341],[-114.13638,36.03508],[-114.13675,36.03647],[-114.13645,36.03677],[-114.13542,36.03592],[-114.13332,36.03536],[-114.13442,36.03702],[-114.13447,36.0398],[-114.13404,36.04068],[-114.13301,36.03977],[-114.13198,36.0401],[-114.12977,36.04757],[-114.13095,36.04823],[-114.13211,36.04785],[-114.1324,36.04868],[-114.13169,36.04924],[-114.13275,36.04979],[-114.13279,36.05035],[-114.13164,36.0515],[-114.13061,36.05056],[-114.12886,36.05007],[-114.13018,36.05285],[-114.12992,36.05354],[-114.12889,36.05325],[-114.12753,36.05423],[-114.12902,36.05451],[-114.1291,36.05534],[-114.12789,36.05784],[-114.12773,36.05951],[-114.12641,36.06228],[-114.12665,36.06284],[-114.12528,36.06645],[-114.12245,36.06978],[-114.12169,36.0695],[-114.12066,36.07017],[-114.1194,36.07005],[-114.11959,36.07089],[-114.1186,36.07192],[-114.11666,36.072],[-114.11732,36.07311],[-114.11598,36.07394],[-114.1153,36.07505],[-114.11505,36.07644],[-114.116,36.07755],[-114.11585,36.07847],[-114.11682,36.07866],[-114.11688,36.08027],[-114.11757,36.07997],[-114.11878,36.08032],[-114.11809,36.08088],[-114.11876,36.08143],[-114.11881,36.08282],[-114.11566,36.08393],[-114.11589,36.08448],[-114.11728,36.08504],[-114.11614,36.08559],[-114.11688,36.08597],[-114.1179,36.08587],[-114.11711,36.08642],[-114.11797,36.0867],[-114.11769,36.08753],[-114.11619,36.08905],[-114.11345,36.08776],[-114.11276,36.08799],[-114.11264,36.08864],[-114.11474,36.09031],[-114.11379,36.09045],[-114.1139,36.09114],[-114.11345,36.09138],[-114.11276,36.09131],[-114.11139,36.09011],[-114.11139,36.09111],[-114.10933,36.09032],[-114.10871,36.09059],[-114.10986,36.09336],[-114.10727,36.09349],[-114.10511,36.09586],[-114.10521,36.09617],[-114.10589,36.09614],[-114.10761,36.09484],[-114.10932,36.0953],[-114.10867,36.09669],[-114.10656,36.0978],[-114.10658,36.09897],[-114.10864,36.09899],[-114.10853,36.10085],[-114.10933,36.101],[-114.10933,36.10164],[-114.1104,36.10279],[-114.11141,36.10307],[-114.11258,36.1039],[-114.11242,36.10423],[-114.11379,36.10387],[-114.11757,36.10606],[-114.11939,36.10612],[-114.12055,36.10557],[-114.12031,36.10488],[-114.12203,36.10442],[-114.12203,36.10594],[-114.12364,36.1064],[-114.12353,36.10862],[-114.12443,36.10888],[-114.12481,36.10806],[-114.12457,36.10584],[-114.12506,36.10501],[-114.12412,36.10446],[-114.12479,36.10362],[-114.12374,36.10375],[-114.12379,36.10307],[-114.12322,36.10252],[-114.12271,36.10285],[-114.12197,36.10252],[-114.12259,36.10141],[-114.1217,36.10113],[-114.12147,36.10057],[-114.12306,36.09822],[-114.12294,36.09752],[-114.1238,36.09669],[-114.12399,36.0953],[-114.1235,36.09475],[-114.12409,36.09382],[-114.12558,36.09308],[-114.12661,36.09197],[-114.12626,36.09031],[-114.12747,36.0892],[-114.12706,36.08864],[-114.12811,36.08837],[-114.12855,36.08781],[-114.12723,36.0867],[-114.12855,36.08585],[-114.12924,36.08687],[-114.12958,36.08675],[-114.12968,36.08504],[-114.12889,36.08488],[-114.12835,36.08421],[-114.12924,36.08334],[-114.13017,36.08337],[-114.13011,36.08254],[-114.13095,36.08269],[-114.1303,36.08143],[-114.13164,36.08025],[-114.13267,36.08008],[-114.13213,36.07949],[-114.13431,36.07921],[-114.13574,36.07782],[-114.13257,36.07644],[-114.13301,36.07529],[-114.13507,36.07539],[-114.13508,36.07394],[-114.1361,36.07395],[-114.13645,36.07309],[-114.13713,36.07365],[-114.13782,36.07184],[-114.14057,36.07246],[-114.1418,36.06922],[-114.14229,36.06894],[-114.14211,36.067],[-114.14366,36.0662],[-114.14448,36.06478],[-114.14446,36.06228],[-114.14639,36.05979],[-114.14449,36.05895],[-114.14434,36.05784],[-114.14516,36.05729],[-114.14463,36.05618],[-114.1454,36.05368],[-114.14415,36.05285],[-114.14446,36.05118],[-114.14286,36.04841],[-114.14246,36.04618],[-114.14412,36.04313],[-114.1433,36.04285],[-114.14327,36.0423],[-114.14715,36.03647],[-114.14956,36.03425],[-114.1515,36.03369],[-114.14972,36.03286],[-114.14899,36.03064],[-114.14987,36.03008],[-114.14943,36.02897],[-114.14984,36.02783],[-114.1519,36.02786],[-114.15073,36.02675],[-114.15216,36.02536],[-114.15327,36.02493],[-114.15449,36.02592],[-114.15567,36.02595],[-114.15911,36.02809],[-114.15899,36.02731],[-114.15945,36.027],[-114.16597,36.02869],[-114.17078,36.0291],[-114.17696,36.02878],[-114.18314,36.02563],[-114.18554,36.0248],[-114.1869,36.02508],[-114.18726,36.02444],[-114.19172,36.02227],[-114.19722,36.02068],[-114.20305,36.01975],[-114.20683,36.0182],[-114.21129,36.01731],[-114.21201,36.01731],[-114.21267,36.01843],[-114.21404,36.01713],[-114.21541,36.01676],[-114.21713,36.01652],[-114.21953,36.01685],[-114.22022,36.01625],[-114.22331,36.01615],[-114.22606,36.01626],[-114.22743,36.01721],[-114.22983,36.01703],[-114.2312,36.01642],[-114.23189,36.017],[-114.23292,36.01622],[-114.23498,36.01634],[-114.23567,36.01678],[-114.23635,36.01633],[-114.23704,36.01674],[-114.23979,36.01661],[-114.24219,36.01748],[-114.24172,36.01842],[-114.2422,36.01898],[-114.24144,36.02036],[-114.24233,36.02231],[-114.24205,36.02286],[-114.24398,36.02481],[-114.24391,36.0265],[-114.24459,36.02516],[-114.24534,36.02536],[-114.24363,36.02342],[-114.24435,36.02203],[-114.24355,36.02064],[-114.24433,36.01953],[-114.24528,36.0193],[-114.24665,36.0204],[-114.24734,36.02037],[-114.24768,36.02099],[-114.24871,36.02103],[-114.25077,36.02237],[-114.2518,36.02236],[-114.25352,36.02325],[-114.25421,36.02427],[-114.25524,36.02404],[-114.25592,36.02472],[-114.25661,36.02458],[-114.2573,36.02555],[-114.25798,36.02525],[-114.25867,36.026],[-114.25942,36.02592],[-114.26004,36.02678],[-114.26145,36.02703],[-114.26245,36.02846],[-114.26334,36.02842],[-114.26409,36.03064],[-114.26508,36.03092],[-114.26547,36.03203],[-114.26429,36.03258],[-114.26657,36.0347],[-114.2668,36.03619],[-114.26313,36.03727],[-114.26306,36.03758],[-114.26522,36.03786],[-114.26519,36.03869],[-114.26652,36.03869],[-114.26559,36.04008],[-114.26562,36.04119],[-114.26622,36.04206],[-114.26747,36.04174],[-114.2675,36.04341],[-114.26622,36.04334],[-114.26492,36.04424],[-114.26519,36.04459],[-114.26622,36.04422],[-114.26794,36.04565],[-114.26931,36.04509],[-114.27258,36.04785],[-114.27251,36.04841],[-114.27378,36.0486],[-114.27442,36.04924],[-114.27393,36.05007],[-114.2724,36.05036],[-114.27069,36.05133],[-114.26794,36.05186],[-114.26691,36.0515],[-114.26671,36.05174],[-114.26749,36.05229],[-114.26709,36.05257],[-114.2724,36.05274],[-114.27412,36.05162],[-114.27755,36.05161],[-114.27824,36.05194],[-114.27858,36.05149],[-114.27863,36.05285],[-114.27924,36.0534],[-114.27616,36.05562],[-114.27649,36.05645],[-114.27824,36.0565],[-114.28133,36.0554],[-114.28156,36.0559],[-114.28476,36.05608],[-114.28359,36.05729],[-114.28394,36.05784],[-114.28717,36.05701],[-114.29026,36.05747],[-114.2921,36.0584],[-114.293,36.05793],[-114.29374,36.0584],[-114.29316,36.06006],[-114.29335,36.06151],[-114.29506,36.05965],[-114.29678,36.0599],[-114.29653,36.05923],[-114.29712,36.05877],[-114.29868,36.05923],[-114.29884,36.05961],[-114.29987,36.05934],[-114.29978,36.06006],[-114.30056,36.06041],[-114.3009,36.0614],[-114.30156,36.0609],[-114.30193,36.0597],[-114.30231,36.06006],[-114.30176,36.06117],[-114.30193,36.06194],[-114.30365,36.06137],[-114.30639,36.06369],[-114.30639,36.06661],[-114.30605,36.06728],[-114.30473,36.06756],[-114.30422,36.07144],[-114.30216,36.072],[-114.30319,36.07311],[-114.30271,36.07449],[-114.30189,36.0756],[-114.30003,36.07588],[-114.29996,36.07616],[-114.30173,36.07671],[-114.3017,36.0781],[-114.30062,36.07921],[-114.30184,36.08004],[-114.2991,36.08088],[-114.29815,36.08212],[-114.29678,36.08244],[-114.29659,36.08282],[-114.2985,36.08275],[-114.29918,36.08224],[-114.30296,36.08212],[-114.30364,36.08393],[-114.30433,36.08406],[-114.30571,36.08546],[-114.30609,36.0867],[-114.30536,36.08818],[-114.30346,36.08892],[-114.30368,36.09003],[-114.30296,36.091],[-114.30409,36.09059],[-114.30468,36.08963],[-114.30536,36.08985],[-114.30777,36.08883],[-114.3088,36.09039],[-114.31022,36.09142],[-114.30993,36.09253],[-114.31111,36.09336],[-114.31051,36.09397],[-114.31189,36.09445],[-114.31292,36.0932],[-114.31317,36.09419],[-114.31227,36.09475],[-114.3136,36.09599],[-114.31434,36.09613],[-114.31282,36.09724],[-114.31194,36.09919],[-114.31223,36.09964],[-114.31498,36.09751],[-114.31584,36.0978],[-114.31577,36.09863],[-114.31689,36.09891],[-114.31601,36.10077],[-114.31377,36.10252],[-114.31429,36.10361],[-114.31917,36.1003],[-114.3191,36.10194],[-114.32082,36.10224],[-114.31865,36.1039],[-114.32081,36.10393],[-114.3215,36.1036],[-114.32177,36.1039],[-114.32028,36.10473],[-114.3194,36.1064],[-114.31777,36.10695],[-114.31803,36.10723],[-114.31944,36.10744],[-114.31978,36.10797],[-114.32047,36.10705],[-114.3215,36.1066],[-114.32253,36.1074],[-114.32322,36.10585],[-114.324,36.1064],[-114.3244,36.10806],[-114.32219,36.10933],[-114.32182,36.11028],[-114.32287,36.10964],[-114.32322,36.10996],[-114.32459,36.10953],[-114.3246,36.11028],[-114.32528,36.11049],[-114.32734,36.1089],[-114.32905,36.10818],[-114.3303,36.10834],[-114.33043,36.10897],[-114.33266,36.10973],[-114.3321,36.11139],[-114.33118,36.11167],[-114.33146,36.11237],[-114.33317,36.11215],[-114.3345,36.11139],[-114.33455,36.11091],[-114.33544,36.11139],[-114.33595,36.11222],[-114.33389,36.11416],[-114.33558,36.11428],[-114.33434,36.11583],[-114.33472,36.11666],[-114.33764,36.11536],[-114.33864,36.11666],[-114.34028,36.11749],[-114.33997,36.11832],[-114.33847,36.11916],[-114.34107,36.11914],[-114.34175,36.11971],[-114.34126,36.12054],[-114.34217,36.12082],[-114.34175,36.12148],[-114.33969,36.12214],[-114.33928,36.12304],[-114.34038,36.12258],[-114.34278,36.12261],[-114.34302,36.12304],[-114.34142,36.1247],[-114.34347,36.12413],[-114.34381,36.1253],[-114.34519,36.12447],[-114.34725,36.12432],[-114.34681,36.12554],[-114.34766,36.12692],[-114.34828,36.12697],[-114.34862,36.1262],[-114.34931,36.12603],[-114.35058,36.12775],[-114.35041,36.12831],[-114.34936,36.12886],[-114.35033,36.12914],[-114.35014,36.1308],[-114.35151,36.12942],[-114.35308,36.129],[-114.35398,36.12997],[-114.35348,36.1308],[-114.35483,36.13108],[-114.35308,36.13282],[-114.35549,36.1322],[-114.35601,36.13302],[-114.35583,36.13367],[-114.35755,36.13319],[-114.35747,36.13413],[-114.35899,36.13469],[-114.35563,36.13746],[-114.35705,36.13774],[-114.3572,36.1383],[-114.35926,36.13711],[-114.36064,36.13714],[-114.35961,36.13872],[-114.36167,36.1381],[-114.36204,36.13912],[-114.36349,36.1394],[-114.36166,36.14079],[-114.36394,36.14106],[-114.36259,36.143],[-114.36277,36.14467],[-114.3645,36.14467],[-114.36469,36.14439],[-114.36405,36.14384],[-114.36476,36.14378],[-114.36544,36.14299],[-114.36513,36.14439],[-114.36579,36.14541],[-114.3675,36.14381],[-114.36785,36.14404],[-114.36795,36.14578],[-114.36922,36.14689],[-114.36945,36.14772],[-114.36904,36.14855],[-114.36711,36.14993],[-114.36716,36.15099],[-114.36785,36.15114],[-114.37001,36.15021],[-114.37265,36.14874],[-114.37334,36.14792],[-114.3752,36.14855],[-114.37701,36.14993],[-114.37655,36.15188],[-114.37746,36.15311],[-114.38089,36.1526],[-114.38409,36.15049],[-114.38448,36.15188],[-114.38502,36.15215],[-114.38411,36.15382],[-114.38433,36.15447],[-114.38536,36.15509],[-114.38639,36.15501],[-114.38802,36.15437],[-114.3881,36.15325],[-114.38879,36.15325],[-114.38886,36.15409],[-114.38998,36.15465],[-114.39004,36.15603],[-114.39085,36.15783],[-114.39428,36.16024],[-114.39703,36.16101],[-114.40003,36.16269],[-114.40115,36.16388],[-114.40274,36.16657],[-114.40258,36.16934],[-114.40321,36.16979],[-114.4039,36.16951],[-114.40392,36.16989],[-114.40184,36.17111],[-114.40115,36.1724],[-114.39951,36.17294],[-114.40012,36.174],[-114.40115,36.17348],[-114.40212,36.17377],[-114.40187,36.17405],[-114.40012,36.17425],[-114.40004,36.17516],[-114.39909,36.17591],[-114.39806,36.17578],[-114.39638,36.17654],[-114.39733,36.17738],[-114.39637,36.17821],[-114.39628,36.17904],[-114.39686,36.17987],[-114.39636,36.18042],[-114.39655,36.18098],[-114.39555,36.18153],[-114.39646,36.18264],[-114.39535,36.18403],[-114.39541,36.18458],[-114.39634,36.18489],[-114.39644,36.18597],[-114.39497,36.18607],[-114.39385,36.18763],[-114.39463,36.18839],[-114.396,36.18874],[-114.39511,36.18957],[-114.39597,36.19012],[-114.395,36.19151],[-114.39531,36.19173],[-114.39669,36.19109],[-114.39703,36.19158],[-114.39772,36.19121],[-114.39785,36.19206],[-114.39696,36.19262],[-114.39888,36.19234],[-114.39909,36.19188],[-114.39978,36.19301],[-114.3974,36.19456],[-114.39783,36.19539],[-114.39909,36.19466],[-114.39962,36.19483],[-114.39943,36.19545],[-114.40046,36.19514],[-114.40192,36.19566],[-114.40218,36.19622],[-114.40105,36.19705],[-114.40173,36.1976],[-114.40119,36.19871],[-114.40218,36.1992],[-114.4039,36.19759],[-114.40458,36.19864],[-114.40527,36.19792],[-114.40521,36.19899],[-114.4063,36.19888],[-114.40664,36.19968],[-114.40845,36.19927],[-114.40863,36.19954],[-114.40623,36.20065],[-114.4063,36.20125],[-114.40818,36.20093],[-114.40738,36.20176],[-114.40767,36.20207],[-114.40905,36.20166],[-114.41047,36.20037],[-114.41042,36.20135],[-114.40908,36.20259],[-114.40939,36.20299],[-114.41008,36.20264],[-114.41025,36.20287],[-114.40975,36.20342],[-114.41039,36.2037],[-114.40947,36.20481],[-114.41076,36.20422],[-114.41133,36.20481],[-114.40987,36.20591],[-114.41063,36.20702],[-114.40939,36.20716],[-114.40629,36.21062],[-114.40796,36.21201],[-114.40765,36.21256],[-114.40867,36.21367],[-114.40616,36.21395],[-114.40815,36.21533],[-114.40699,36.21658],[-114.40714,36.21755],[-114.40561,36.21784],[-114.40458,36.21633],[-114.40251,36.21644],[-114.40227,36.21727],[-114.40325,36.2181],[-114.40222,36.21976],[-114.40259,36.2206],[-114.40154,36.22198],[-114.40182,36.22281],[-114.40149,36.22338],[-114.40115,36.22302],[-114.39857,36.22309],[-114.39808,36.22558],[-114.39756,36.22586],[-114.39875,36.22669],[-114.39793,36.22669],[-114.39772,36.22626],[-114.39691,36.22724],[-114.39784,36.22807],[-114.401,36.22863],[-114.40057,36.2289],[-114.40116,36.22918],[-114.39968,36.23001],[-114.39978,36.23055],[-114.40081,36.23004],[-114.40147,36.23057],[-114.40119,36.23084],[-114.40184,36.23109],[-114.40287,36.23031],[-114.40496,36.23084],[-114.40493,36.23173],[-114.40299,36.23334],[-114.40387,36.23417],[-114.40376,36.23472],[-114.40095,36.23583],[-114.40081,36.2361],[-114.40184,36.23643],[-114.40287,36.23609],[-114.40424,36.23656],[-114.40646,36.23638],[-114.40621,36.23583],[-114.40731,36.235],[-114.40696,36.23444],[-114.40905,36.23408],[-114.40973,36.23245],[-114.41111,36.23374],[-114.41229,36.23278],[-114.41314,36.23112],[-114.41145,36.23139],[-114.40973,36.23101],[-114.41026,36.22918],[-114.4142,36.22748],[-114.4165,36.22724],[-114.417,36.22669],[-114.41745,36.2253],[-114.41916,36.22309],[-114.41887,36.22226],[-114.41949,36.2206],[-114.41816,36.21921],[-114.41852,36.21838],[-114.41935,36.2179],[-114.42141,36.21897],[-114.42243,36.21866],[-114.42175,36.21791],[-114.42072,36.21762],[-114.42005,36.21589],[-114.42077,36.21506],[-114.42084,36.21422],[-114.42141,36.21378],[-114.42312,36.21476],[-114.4245,36.21464],[-114.42466,36.21422],[-114.42366,36.21339],[-114.42381,36.21309],[-114.42665,36.21284],[-114.42484,36.21223],[-114.4245,36.21174],[-114.42302,36.21145],[-114.4235,36.21062],[-114.42301,36.21035],[-114.42341,36.20841],[-114.4245,36.20813],[-114.42473,36.2073],[-114.42587,36.20666],[-114.42539,36.20619],[-114.42724,36.20617],[-114.42827,36.20696],[-114.42803,36.20564],[-114.42923,36.20508],[-114.42921,36.20453],[-114.42862,36.20437],[-114.42656,36.20527],[-114.42501,36.20398],[-114.42513,36.20342],[-114.42625,36.20287],[-114.42634,36.20176],[-114.42745,36.2012],[-114.42669,36.2001],[-114.42775,36.19954],[-114.42786,36.19899],[-114.42724,36.19844],[-114.42553,36.19805],[-114.42532,36.19733],[-114.42611,36.19649],[-114.42785,36.19594],[-114.42733,36.19428],[-114.42836,36.194],[-114.42867,36.19317],[-114.43033,36.19201],[-114.43136,36.19236],[-114.43164,36.19206],[-114.43094,36.19095],[-114.4319,36.1904],[-114.43205,36.18971],[-114.43308,36.18945],[-114.43373,36.18818],[-114.43301,36.18763],[-114.43299,36.18707],[-114.43472,36.18707],[-114.43455,36.18624],[-114.43335,36.18541],[-114.43327,36.18347],[-114.43009,36.18098],[-114.42972,36.17821],[-114.43033,36.17718],[-114.43167,36.17627],[-114.43411,36.17532],[-114.43548,36.17558],[-114.43609,36.1746],[-114.43721,36.1746],[-114.43583,36.17282],[-114.4348,36.17296],[-114.43346,36.17211],[-114.4368,36.171],[-114.4365,36.17072],[-114.43727,36.17017],[-114.43689,36.16906],[-114.43583,36.16853],[-114.4348,36.16904],[-114.43342,36.16875],[-114.43238,36.1674],[-114.43223,36.16629],[-114.42954,36.16379],[-114.43058,36.16185],[-114.42793,36.16112],[-114.42766,36.16047],[-114.43342,36.1581],[-114.43445,36.15681],[-114.44201,36.1548],[-114.44214,36.15354],[-114.44475,36.15178],[-114.44544,36.1517],[-114.44715,36.15298],[-114.44729,36.15215],[-114.44647,36.15164],[-114.4464,36.15104],[-114.44715,36.15023],[-114.44956,36.14916],[-114.45196,36.14878],[-114.45311,36.14799],[-114.45986,36.14924],[-114.46329,36.1509],[-114.46466,36.1521],[-114.46523,36.15104],[-114.46501,36.1502],[-114.46741,36.15077],[-114.46775,36.1499],[-114.47026,36.14772],[-114.46981,36.14697],[-114.46638,36.14695],[-114.4658,36.14633],[-114.46501,36.14641],[-114.46363,36.1458],[-114.4638,36.14384],[-114.46569,36.1427],[-114.46913,36.14226],[-114.4705,36.14518],[-114.47119,36.14547],[-114.47279,36.14467],[-114.47256,36.14375],[-114.47325,36.14429],[-114.47599,36.14446],[-114.47805,36.14322],[-114.47842,36.14384],[-114.47773,36.14467],[-114.47805,36.1464],[-114.47892,36.14605],[-114.47888,36.14522],[-114.48046,36.1451],[-114.48252,36.1441],[-114.48219,36.14494],[-114.48286,36.14531],[-114.48561,36.14373],[-114.48767,36.14409],[-114.48835,36.14513],[-114.49007,36.14479],[-114.4921,36.1455],[-114.49385,36.14658],[-114.49401,36.14772],[-114.49496,36.14772],[-114.49556,36.14715],[-114.49561,36.14772],[-114.49821,36.14938],[-114.49863,36.15077],[-114.49775,36.15215],[-114.49934,36.15485],[-114.50071,36.15298],[-114.5004,36.15215],[-114.50174,36.15077],[-114.50277,36.15068],[-114.50355,36.15132],[-114.50312,36.15308],[-114.50179,36.15437],[-114.50306,36.15603],[-114.50212,36.15714],[-114.50312,36.15715],[-114.50552,36.15518],[-114.50595,36.15631],[-114.50694,36.15659],[-114.50689,36.15736],[-114.51033,36.15619],[-114.5109,36.15714],[-114.5117,36.15717],[-114.51204,36.15797],[-114.51342,36.15723],[-114.51376,36.15654],[-114.51548,36.15657],[-114.51591,36.1577],[-114.51695,36.15853],[-114.51651,36.16092],[-114.51857,36.15812],[-114.51921,36.15853],[-114.51925,36.16029],[-114.52063,36.15825],[-114.52166,36.15792],[-114.52234,36.15795],[-114.52303,36.1587],[-114.5244,36.15768],[-114.52543,36.1591],[-114.52612,36.15809],[-114.52678,36.15797],[-114.52749,36.15648],[-114.52818,36.15642],[-114.52852,36.15731],[-114.53024,36.15727],[-114.53058,36.15673],[-114.53196,36.1567],[-114.53367,36.15509],[-114.53573,36.15458],[-114.53951,36.15719],[-114.53993,36.15714],[-114.5402,36.15596],[-114.54173,36.15631],[-114.54191,36.15713],[-114.5444,36.16047],[-114.54603,36.16158],[-114.54775,36.16193],[-114.54809,36.16185],[-114.54706,36.16131],[-114.5459,36.15991],[-114.54604,36.15797],[-114.54554,36.15603],[-114.54451,36.1552],[-114.54809,36.15283],[-114.54878,36.15288],[-114.55084,36.15194],[-114.55415,36.15298],[-114.55462,36.15417],[-114.55564,36.15348],[-114.55908,36.15367],[-114.56079,36.15258],[-114.5632,36.15207],[-114.56526,36.15273],[-114.56594,36.15238],[-114.57006,36.15262],[-114.57109,36.1537],[-114.57212,36.15323],[-114.57521,36.15283],[-114.5759,36.1531],[-114.57659,36.15218],[-114.57899,36.15121],[-114.58311,36.14793],[-114.5862,36.14787],[-114.58723,36.14874],[-114.5874,36.14799],[-114.58826,36.14763],[-114.59135,36.14683],[-114.59204,36.14748],[-114.59292,36.14578],[-114.59444,36.14538],[-114.59753,36.1435],[-114.5989,36.14399],[-114.5995,36.14328],[-114.5993,36.14245],[-114.60388,36.13857],[-114.60563,36.13829],[-114.60535,36.13746],[-114.60736,36.1358],[-114.61023,36.13403],[-114.61264,36.13307],[-114.61401,36.13311],[-114.61435,36.13257],[-114.61744,36.13325],[-114.61989,36.1358],[-114.61818,36.13774],[-114.61985,36.13754],[-114.62088,36.13792],[-114.62294,36.14001],[-114.62156,36.14307],[-114.62191,36.14327],[-114.62328,36.1422],[-114.62484,36.143],[-114.62449,36.14162],[-114.625,36.14102],[-114.62735,36.143],[-114.62826,36.14467],[-114.62752,36.14522],[-114.62847,36.14605],[-114.62972,36.14605],[-114.62899,36.1455],[-114.6298,36.14409],[-114.63083,36.1452],[-114.63289,36.14639],[-114.63297,36.1455],[-114.63199,36.14467],[-114.63358,36.14409],[-114.63452,36.14467],[-114.63667,36.14786],[-114.6377,36.14808],[-114.63809,36.14799],[-114.63737,36.14744],[-114.63624,36.14522],[-114.63598,36.14158],[-114.63701,36.14159],[-114.63961,36.14384],[-114.64048,36.14522],[-114.64226,36.14661],[-114.64216,36.14745],[-114.64278,36.14689],[-114.64255,36.14605],[-114.64334,36.1455],[-114.64166,36.14494],[-114.6377,36.14025],[-114.63782,36.13968],[-114.63907,36.13914],[-114.6401,36.14025],[-114.64148,36.14035],[-114.64078,36.13912],[-114.64143,36.13885],[-114.64164,36.13774],[-114.64216,36.1375],[-114.64422,36.14009],[-114.64544,36.14051],[-114.64388,36.13727],[-114.64412,36.13635],[-114.64491,36.1364],[-114.64594,36.13768],[-114.64564,36.13552],[-114.64628,36.13538],[-114.64731,36.13587],[-114.648,36.1344],[-114.64869,36.13438],[-114.64937,36.13363],[-114.65064,36.13358],[-114.65109,36.13285],[-114.65178,36.13302],[-114.65212,36.13213],[-114.65281,36.13298],[-114.65389,36.1333],[-114.65441,36.13247],[-114.65361,36.13191],[-114.65367,36.13136],[-114.65384,36.13114],[-114.65452,36.13166],[-114.65544,36.13108],[-114.65541,36.13025],[-114.65658,36.12893],[-114.65864,36.12948],[-114.65915,36.13025],[-114.65854,36.1308],[-114.65891,36.13164],[-114.65758,36.13302],[-114.65554,36.13413],[-114.65476,36.13552],[-114.65382,36.13607],[-114.65418,36.13674],[-114.65555,36.13598],[-114.65727,36.13572],[-114.65796,36.1367],[-114.65933,36.13538],[-114.66044,36.1358],[-114.6604,36.13469],[-114.66242,36.1328],[-114.66405,36.13358],[-114.66482,36.13477],[-114.66551,36.13493],[-114.66654,36.13454],[-114.66654,36.13398],[-114.66585,36.13381],[-114.66501,36.13275],[-114.66511,36.13219],[-114.66388,36.13191],[-114.66413,36.13106],[-114.66328,36.13025],[-114.66448,36.13075],[-114.66619,36.12943],[-114.66688,36.12963],[-114.66757,36.12911],[-114.66825,36.12959],[-114.66928,36.12918],[-114.66997,36.1297],[-114.671,36.12928],[-114.6734,36.12969],[-114.67855,36.12855],[-114.67924,36.12905],[-114.68199,36.12789],[-114.68405,36.12836],[-114.68508,36.12775],[-114.68542,36.12891],[-114.68748,36.12905],[-114.68885,36.12854],[-114.6892,36.12932],[-114.69057,36.12786],[-114.69126,36.12963],[-114.6916,36.12924],[-114.69229,36.12928],[-114.69263,36.12846],[-114.69297,36.12861],[-114.69419,36.12969],[-114.69401,36.13025],[-114.69543,36.13053],[-114.69572,36.13124],[-114.69646,36.13136],[-114.6967,36.13247],[-114.69709,36.13201],[-114.69854,36.1333],[-114.69881,36.13508],[-114.69915,36.13393],[-114.70156,36.13555],[-114.70112,36.13358],[-114.6987,36.13164],[-114.69684,36.12942],[-114.69595,36.12748],[-114.69586,36.12637],[-114.69634,36.12581],[-114.69498,36.12526],[-114.69354,36.12304],[-114.69263,36.12248],[-114.69641,36.12179],[-114.7019,36.11959],[-114.70327,36.11956],[-114.70396,36.11914],[-114.70438,36.12248],[-114.70499,36.12276],[-114.70568,36.122],[-114.70597,36.12054],[-114.70705,36.11934],[-114.70739,36.11768],[-114.70774,36.11749],[-114.70842,36.11866],[-114.70945,36.11769],[-114.71026,36.1186],[-114.70996,36.12027],[-114.71083,36.12083],[-114.71135,36.11943],[-114.7122,36.11888],[-114.71229,36.11805],[-114.71392,36.11783],[-114.71387,36.11694],[-114.7146,36.11656],[-114.71534,36.11805],[-114.71385,36.11888],[-114.71347,36.12027],[-114.7146,36.12041],[-114.71498,36.1211],[-114.71332,36.12221],[-114.7146,36.12276],[-114.71495,36.1239],[-114.71529,36.12406],[-114.71632,36.12252],[-114.71749,36.12248],[-114.71804,36.12334],[-114.71907,36.12259],[-114.72238,36.12304],[-114.72259,36.12248],[-114.72044,36.12131],[-114.71947,36.12027],[-114.72004,36.11943],[-114.71972,36.11888],[-114.7201,36.11767],[-114.72147,36.11752],[-114.72216,36.11822],[-114.72319,36.1175],[-114.72387,36.11765],[-114.72559,36.11967],[-114.72668,36.11888],[-114.72662,36.11808],[-114.72834,36.11881],[-114.72855,36.11749],[-114.72569,36.11583],[-114.72765,36.11531],[-114.72727,36.11472],[-114.72765,36.11448],[-114.72902,36.11526],[-114.72932,36.11444],[-114.72871,36.11333],[-114.72937,36.11291],[-114.72971,36.11416],[-114.73025,36.11416],[-114.73014,36.11472],[-114.73108,36.11528],[-114.73177,36.11522],[-114.73222,36.11416],[-114.73072,36.11139],[-114.73143,36.11168],[-114.73142,36.11056],[-114.73211,36.11011],[-114.73383,36.11115],[-114.73452,36.11105],[-114.73658,36.11249],[-114.73642,36.11333],[-114.73727,36.11389],[-114.73674,36.115],[-114.7375,36.11638],[-114.73567,36.11722],[-114.73589,36.11775],[-114.73774,36.11777],[-114.73692,36.11898],[-114.73575,36.11943],[-114.73623,36.11976],[-114.73778,36.11971],[-114.73784,36.12082],[-114.73737,36.1211],[-114.73795,36.12137],[-114.73932,36.12048],[-114.73932,36.12181],[-114.7405,36.12304],[-114.74104,36.12441],[-114.74311,36.12443],[-114.74195,36.12276],[-114.74173,36.11843],[-114.74417,36.12027],[-114.74417,36.12082],[-114.74756,36.12323],[-114.74574,36.11943],[-114.74383,36.11722],[-114.74447,36.11646],[-114.74653,36.11678],[-114.74669,36.11611],[-114.7449,36.11527],[-114.7431,36.11347],[-114.74241,36.11072],[-114.74379,36.11145],[-114.74447,36.11061],[-114.74722,36.11297],[-114.74771,36.11195],[-114.74685,36.11111],[-114.74688,36.11059],[-114.74811,36.10973],[-114.74619,36.10897],[-114.7464,36.10779],[-114.75031,36.10707],[-114.75126,36.10751],[-114.75118,36.10973],[-114.75306,36.11139],[-114.7534,36.11093],[-114.75374,36.11111],[-114.75385,36.11056],[-114.75306,36.10993],[-114.75292,36.10917],[-114.75443,36.10868],[-114.7558,36.10723],[-114.75477,36.10524],[-114.75615,36.105],[-114.75718,36.10576],[-114.75819,36.10557],[-114.75888,36.10473],[-114.7587,36.1039],[-114.75955,36.10057],[-114.76301,36.10046],[-114.76434,36.09946],[-114.76447,36.0978],[-114.76557,36.09724],[-114.76608,36.09336],[-114.76645,36.0932],[-114.76816,36.09434],[-114.76914,36.09392],[-114.76805,36.09281],[-114.76855,36.09225],[-114.76812,36.0917],[-114.76863,36.09142],[-114.76827,36.09114],[-114.76967,36.09031],[-114.76965,36.08948],[-114.77125,36.0897],[-114.77262,36.0911],[-114.77442,36.09003],[-114.77434,36.0882],[-114.77508,36.08864],[-114.77537,36.09036],[-114.77674,36.08878],[-114.77743,36.08957],[-114.77846,36.08893],[-114.78054,36.09003],[-114.78155,36.09311],[-114.78189,36.09076],[-114.78366,36.09197],[-114.78584,36.0953],[-114.78405,36.09724],[-114.78489,36.09808],[-114.78524,36.09974],[-114.78447,36.10085],[-114.78498,36.10159],[-114.7867,36.10167],[-114.79013,36.10332],[-114.792,36.10113],[-114.79219,36.10031],[-114.79322,36.10056],[-114.79671,36.10224],[-114.79576,36.1039],[-114.79631,36.10544],[-114.79734,36.10572],[-114.79837,36.10512],[-114.79872,36.10415],[-114.80057,36.1039],[-114.80083,36.10279],[-114.80181,36.10192],[-114.80524,36.103],[-114.80936,36.10526],[-114.81211,36.10599],[-114.81348,36.1057],[-114.81657,36.10611],[-114.81794,36.10585],[-114.81588,36.10377],[-114.81382,36.10299],[-114.81258,36.10335],[-114.81242,36.10252],[-114.81313,36.10224],[-114.81167,36.10224],[-114.81176,36.10052],[-114.8093,36.10113],[-114.80931,36.10057],[-114.80867,36.1003],[-114.80916,36.09946],[-114.80799,36.09948],[-114.80735,36.09891],[-114.80778,36.09863],[-114.80732,36.09835],[-114.80779,36.09752],[-114.80675,36.09697],[-114.80696,36.09619],[-114.80651,36.09586],[-114.80691,36.09558],[-114.80586,36.09447],[-114.8049,36.09395],[-114.80421,36.09403],[-114.80284,36.0951],[-114.80257,36.09447],[-114.80112,36.09455],[-114.80078,36.09396],[-114.79872,36.09422],[-114.79891,36.09308],[-114.79998,36.09281],[-114.80009,36.09252],[-114.79975,36.0927],[-114.79906,36.09227],[-114.79837,36.09298],[-114.797,36.09336],[-114.79631,36.09278],[-114.79621,36.09225],[-114.79744,36.09142],[-114.79688,36.09114],[-114.797,36.09059],[-114.79897,36.09031],[-114.79811,36.08892],[-114.79535,36.08837],[-114.79554,36.08892],[-114.79425,36.09123],[-114.79391,36.09054],[-114.79262,36.09003],[-114.79354,36.08781],[-114.79254,36.08745],[-114.79074,36.08975],[-114.78945,36.09032],[-114.78908,36.08975],[-114.78979,36.08967],[-114.79022,36.08864],[-114.78933,36.08809],[-114.79064,36.08642],[-114.79048,36.086],[-114.7891,36.08585],[-114.78739,36.08642],[-114.78636,36.08571],[-114.7843,36.08552],[-114.78292,36.08608],[-114.78121,36.08596],[-114.77957,36.08476],[-114.77946,36.08199],[-114.7788,36.08108],[-114.77846,36.08073],[-114.77647,36.08088],[-114.77565,36.08032],[-114.77709,36.0792],[-114.77846,36.07909],[-114.78018,36.07831],[-114.78189,36.07667],[-114.7843,36.07668],[-114.78553,36.07588],[-114.78583,36.07144],[-114.78543,36.07033],[-114.78582,36.06978],[-114.78533,36.06855],[-114.78344,36.06867],[-114.78395,36.06778],[-114.78636,36.06688],[-114.7891,36.06506],[-114.79116,36.06532],[-114.79288,36.065],[-114.79522,36.06339],[-114.79433,36.06201],[-114.79015,36.06034],[-114.78847,36.05895],[-114.78601,36.05678],[-114.78518,36.05396],[-114.77777,36.04781],[-114.77571,36.04659],[-114.77468,36.04621],[-114.77262,36.04677],[-114.77022,36.04685],[-114.76885,36.04806],[-114.76588,36.04813],[-114.76507,36.04873],[-114.7637,36.04897],[-114.76005,36.04702],[-114.76009,36.0448],[-114.76116,36.04424],[-114.76156,36.0423],[-114.76248,36.04119],[-114.76233,36.03998],[-114.76112,36.03924],[-114.76118,36.03841],[-114.75788,36.03675],[-114.75512,36.03667],[-114.75271,36.03597],[-114.75213,36.03536],[-114.75237,36.03495],[-114.75477,36.0341],[-114.7558,36.03302],[-114.75752,36.033],[-114.75748,36.0323],[-114.75821,36.03186],[-114.76164,36.03161],[-114.76336,36.03257],[-114.76542,36.0319],[-114.76493,36.03008],[-114.76368,36.02814],[-114.75889,36.02496],[-114.75831,36.0237],[-114.75752,36.0235],[-114.75443,36.02508],[-114.74958,36.02647],[-114.74688,36.02787],[-114.74548,36.02953],[-114.7453,36.03147],[-114.7445,36.03258],[-114.74241,36.03446],[-114.74202,36.03536],[-114.7407,36.036],[-114.73692,36.03608],[-114.7352,36.0351],[-114.73309,36.0348],[-114.7294,36.03175],[-114.72868,36.03174],[-114.72422,36.02919],[-114.72451,36.02814],[-114.72961,36.02481],[-114.72931,36.02342],[-114.73031,36.02203],[-114.73246,36.02137],[-114.73251,36.02064],[-114.73761,36.01704],[-114.73623,36.01585],[-114.73486,36.01633],[-114.7304,36.01938],[-114.72971,36.01955],[-114.7286,36.01898],[-114.72858,36.0212],[-114.72731,36.02111],[-114.72682,36.02259],[-114.72467,36.02481],[-114.72353,36.02489],[-114.72273,36.0262],[-114.72029,36.02814],[-114.71947,36.03258],[-114.72221,36.03508],[-114.72216,36.03554],[-114.72078,36.03667],[-114.71804,36.03641],[-114.71666,36.03655],[-114.71602,36.03702],[-114.71666,36.03756],[-114.71999,36.03813],[-114.72044,36.03888],[-114.72319,36.03796],[-114.72416,36.03813],[-114.72319,36.03943],[-114.72181,36.03974],[-114.72078,36.03937],[-114.72052,36.0398],[-114.72147,36.04054],[-114.72525,36.03972],[-114.72525,36.04038],[-114.72665,36.04091],[-114.72704,36.04174],[-114.72646,36.04285],[-114.72799,36.04324],[-114.72923,36.04535],[-114.7314,36.04618],[-114.73108,36.04653],[-114.72838,36.04646],[-114.72921,36.04841],[-114.72835,36.04868],[-114.72819,36.04924],[-114.73005,36.04995],[-114.73143,36.04942],[-114.7317,36.04979],[-114.73314,36.04991],[-114.73253,36.0509],[-114.73059,36.05174],[-114.73113,36.05257],[-114.73077,36.05312],[-114.72818,36.05423],[-114.72971,36.05468],[-114.73074,36.0541],[-114.73171,36.05423],[-114.73297,36.0559],[-114.73264,36.05784],[-114.73139,36.05895],[-114.73143,36.06367],[-114.73139,36.06312],[-114.72868,36.06104],[-114.72799,36.06095],[-114.7273,36.06145],[-114.72728,36.06256],[-114.72822,36.06284],[-114.72756,36.06339],[-114.72901,36.0645],[-114.72868,36.06553],[-114.72971,36.06562],[-114.72974,36.06645],[-114.73069,36.067],[-114.73021,36.06867],[-114.72874,36.0695],[-114.73006,36.07005],[-114.72993,36.07061],[-114.73197,36.07172],[-114.73178,36.07227],[-114.7305,36.07283],[-114.73152,36.07366],[-114.73074,36.07377],[-114.72948,36.07477],[-114.73102,36.07505],[-114.73176,36.07588],[-114.73112,36.07699],[-114.72919,36.07755],[-114.73001,36.07949],[-114.72901,36.08032],[-114.73045,36.08115],[-114.73066,36.08199],[-114.72996,36.08282],[-114.73016,36.08337],[-114.72944,36.08504],[-114.72834,36.08641],[-114.72662,36.08649],[-114.72556,36.08809],[-114.72387,36.08852],[-114.72078,36.08735],[-114.72078,36.08955],[-114.71907,36.08977],[-114.71632,36.09165],[-114.71357,36.09211],[-114.71151,36.09367],[-114.70863,36.09503],[-114.70636,36.0953],[-114.70465,36.09464],[-114.7025,36.09724],[-114.69984,36.09796],[-114.69899,36.09863],[-114.6989,36.09946],[-114.69778,36.09896],[-114.69744,36.0995],[-114.69657,36.09974],[-114.69641,36.10058],[-114.69469,36.10003],[-114.69469,36.10123],[-114.694,36.10151],[-114.69263,36.1011],[-114.69194,36.10002],[-114.69097,36.10196],[-114.69057,36.10199],[-114.68988,36.10123],[-114.68885,36.10109],[-114.68817,36.099],[-114.68748,36.0987],[-114.68468,36.1003],[-114.68479,36.10113],[-114.68345,36.10196],[-114.68336,36.10403],[-114.68267,36.10414],[-114.68164,36.10243],[-114.68122,36.10307],[-114.68061,36.10309],[-114.67958,36.1015],[-114.67881,36.10224],[-114.6791,36.10335],[-114.67867,36.10362],[-114.67949,36.10501],[-114.67743,36.10529],[-114.67853,36.10695],[-114.6784,36.10751],[-114.67752,36.10767],[-114.67752,36.1091],[-114.67581,36.10808],[-114.67475,36.10973],[-114.6734,36.10977],[-114.67175,36.11111],[-114.66997,36.11154],[-114.66894,36.11279],[-114.66804,36.1125],[-114.66798,36.11333],[-114.66565,36.115],[-114.66482,36.11504],[-114.66448,36.11548],[-114.66379,36.11534],[-114.66311,36.11621],[-114.66105,36.11646],[-114.66125,36.11832],[-114.66105,36.11864],[-114.66036,36.11849],[-114.65967,36.11967],[-114.65693,36.11734],[-114.65658,36.11852],[-114.65624,36.11849],[-114.65349,36.11542],[-114.65317,36.11611],[-114.65438,36.12054],[-114.65384,36.12061],[-114.65329,36.12138],[-114.65178,36.12115],[-114.65153,36.12165],[-114.65294,36.12276],[-114.65286,36.12443],[-114.65555,36.1246],[-114.65589,36.12498],[-114.65418,36.12559],[-114.65315,36.12658],[-114.65143,36.12533],[-114.65029,36.12637],[-114.6507,36.12775],[-114.6483,36.12914],[-114.64709,36.12914],[-114.64457,36.13165],[-114.64319,36.13203],[-114.64182,36.13144],[-114.64158,36.13247],[-114.64113,36.13261],[-114.63873,36.13217],[-114.63942,36.13365],[-114.63736,36.1319],[-114.63574,36.13164],[-114.63664,36.13302],[-114.63654,36.13441],[-114.63427,36.13512],[-114.63352,36.1369],[-114.63236,36.13718],[-114.63245,36.13829],[-114.63174,36.13857],[-114.63152,36.13944],[-114.6298,36.13942],[-114.62968,36.13801],[-114.62843,36.13832],[-114.62733,36.13774],[-114.626,36.1358],[-114.62552,36.13358],[-114.62424,36.13302],[-114.62362,36.13175],[-114.62294,36.13172],[-114.62122,36.13049],[-114.6202,36.12914],[-114.62023,36.12803],[-114.61916,36.12943],[-114.6171,36.12894],[-114.61676,36.12803],[-114.61538,36.12908],[-114.61264,36.12955],[-114.61098,36.12914],[-114.61245,36.12748],[-114.61195,36.12733],[-114.61058,36.12804],[-114.60989,36.12781],[-114.60971,36.12942],[-114.60852,36.13019],[-114.60817,36.13028],[-114.60749,36.12949],[-114.60709,36.13053],[-114.60611,36.1312],[-114.60199,36.13288],[-114.59987,36.12997],[-114.60053,36.13136],[-114.6007,36.13385],[-114.59962,36.13441],[-114.59822,36.13653],[-114.59638,36.1369],[-114.59666,36.13801],[-114.59575,36.13857],[-114.59547,36.13954],[-114.5941,36.1404],[-114.59272,36.14057],[-114.59135,36.14033],[-114.59066,36.13977],[-114.5899,36.14023],[-114.59037,36.14079],[-114.58997,36.14162],[-114.58788,36.14328],[-114.5862,36.14398],[-114.58448,36.14392],[-114.58229,36.14162],[-114.58208,36.14073],[-114.58173,36.14162],[-114.58281,36.14356],[-114.58139,36.14389],[-114.58036,36.14499],[-114.57965,36.14467],[-114.57954,36.1455],[-114.57831,36.14689],[-114.57624,36.14756],[-114.57563,36.14883],[-114.57212,36.15039],[-114.57144,36.14984],[-114.57006,36.15098],[-114.56182,36.15063],[-114.55873,36.15176],[-114.55667,36.15148],[-114.55633,36.15097],[-114.55496,36.15173],[-114.55359,36.15064],[-114.5505,36.14976],[-114.54981,36.14919],[-114.54912,36.14975],[-114.54775,36.14899],[-114.54603,36.14898],[-114.54535,36.14798],[-114.54397,36.14718],[-114.54343,36.14799],[-114.54397,36.14945],[-114.54123,36.15065],[-114.54054,36.14938],[-114.54088,36.1491],[-114.54088,36.1488],[-114.53985,36.15014],[-114.53951,36.14935],[-114.53635,36.14883],[-114.5347,36.14742],[-114.53178,36.14328],[-114.52985,36.14217],[-114.52887,36.14081],[-114.52818,36.14063],[-114.52715,36.14136],[-114.52474,36.14079],[-114.52324,36.13912],[-114.52301,36.1369],[-114.522,36.1356],[-114.52055,36.13469],[-114.52046,36.13385],[-114.51994,36.13348],[-114.51925,36.13363],[-114.51857,36.13277],[-114.51717,36.13247],[-114.51809,36.13191],[-114.51811,36.13108],[-114.51888,36.13025],[-114.51822,36.12999],[-114.51754,36.13051],[-114.51719,36.12845],[-114.51617,36.12886],[-114.51616,36.13053],[-114.51445,36.12988],[-114.51376,36.13136],[-114.51223,36.13053],[-114.51186,36.12914],[-114.51092,36.12886],[-114.51172,36.12775],[-114.51239,36.12764],[-114.51239,36.12718],[-114.51376,36.12698],[-114.51595,36.12581],[-114.51622,36.12498],[-114.51471,36.12387],[-114.51681,36.12359],[-114.51788,36.1229],[-114.51805,36.12193],[-114.51616,36.12026],[-114.51523,36.12165],[-114.51445,36.12181],[-114.51531,36.12027],[-114.51513,36.11972],[-114.5141,36.12012],[-114.51252,36.12193],[-114.5117,36.12223],[-114.51071,36.12221],[-114.50964,36.1208],[-114.50895,36.12138],[-114.50861,36.12123],[-114.50765,36.12027],[-114.50827,36.11988],[-114.50998,36.11997],[-114.51039,36.11943],[-114.50991,36.11832],[-114.50895,36.11817],[-114.50838,36.11888],[-114.50724,36.11923],[-114.50564,36.1186],[-114.50428,36.11611],[-114.50442,36.115],[-114.5038,36.11414],[-114.50277,36.11403],[-114.50174,36.11478],[-114.5014,36.11693],[-114.50071,36.11781],[-114.49965,36.11722],[-114.49997,36.11611],[-114.49934,36.1153],[-114.49762,36.11666],[-114.49694,36.1165],[-114.49688,36.11583],[-114.49604,36.115],[-114.49437,36.115],[-114.495,36.11361],[-114.49488,36.11259],[-114.49385,36.11248],[-114.49213,36.11324],[-114.49179,36.11148],[-114.49128,36.11167],[-114.48973,36.11442],[-114.48872,36.115],[-114.4887,36.11586],[-114.48801,36.11487],[-114.48575,36.11444],[-114.48389,36.11317],[-114.48252,36.11281],[-114.48217,36.11195],[-114.48118,36.11444],[-114.48139,36.11555],[-114.48227,36.11638],[-114.48185,36.11694],[-114.48216,36.11777],[-114.48149,36.118],[-114.481,36.11638],[-114.48011,36.11615],[-114.47908,36.11655],[-114.47943,36.11777],[-114.4784,36.11921],[-114.47462,36.1204],[-114.47393,36.11981],[-114.4729,36.11968],[-114.46947,36.12036],[-114.46811,36.12027],[-114.46741,36.11789],[-114.46604,36.11865],[-114.46398,36.11847],[-114.46368,36.1186],[-114.46439,36.11916],[-114.46401,36.11999],[-114.46456,36.12054],[-114.46314,36.1211],[-114.46365,36.12165],[-114.46339,36.12221],[-114.46226,36.12203],[-114.46094,36.12304],[-114.46157,36.12387],[-114.46241,36.12415],[-114.46226,36.12489],[-114.46053,36.12526],[-114.45986,36.126],[-114.45848,36.12582],[-114.45771,36.12664],[-114.4557,36.12609],[-114.45564,36.12526],[-114.45809,36.12332],[-114.46018,36.12054],[-114.45931,36.11888],[-114.45813,36.1186],[-114.45822,36.11749],[-114.4563,36.11666],[-114.45656,36.11583],[-114.45539,36.11391],[-114.45471,36.115],[-114.45402,36.11448],[-114.45333,36.11536],[-114.4523,36.11527],[-114.45321,36.11306],[-114.45164,36.11222],[-114.45216,36.11111],[-114.4509,36.11],[-114.45062,36.10779],[-114.45121,36.10557],[-114.44957,36.10085],[-114.44957,36.09586],[-114.45036,36.09447],[-114.44934,36.09419],[-114.4486,36.09253],[-114.4499,36.09141],[-114.45091,36.08864],[-114.45059,36.08803],[-114.44956,36.08775],[-114.44784,36.08837],[-114.44681,36.08807],[-114.44441,36.08998],[-114.44406,36.09086],[-114.44508,36.09225],[-114.44614,36.09253],[-114.44648,36.09336],[-114.44544,36.09615],[-114.44449,36.09586],[-114.44581,36.09808],[-114.44546,36.09919],[-114.44475,36.09886],[-114.44441,36.09941],[-114.44338,36.0992],[-114.44307,36.09946],[-114.44393,36.10113],[-114.44277,36.10335],[-114.44351,36.10473],[-114.44269,36.10503],[-114.44251,36.10557],[-114.44269,36.10653],[-114.44407,36.10618],[-114.44476,36.1064],[-114.4441,36.10917],[-114.44296,36.11],[-114.44338,36.11139],[-114.44269,36.11151],[-114.44235,36.11109],[-114.44225,36.11139],[-114.44339,36.11222],[-114.44413,36.115],[-114.44349,36.11583],[-114.44423,36.11722],[-114.44375,36.11888],[-114.44445,36.11971],[-114.44407,36.12023],[-114.44395,36.11971],[-114.44304,36.1192],[-114.43617,36.12025],[-114.43377,36.12009],[-114.43189,36.12082],[-114.43212,36.12165],[-114.43171,36.12174],[-114.43165,36.1211],[-114.42888,36.1186],[-114.42949,36.11749],[-114.42935,36.11611],[-114.42882,36.11555],[-114.42954,36.115],[-114.42935,36.11416],[-114.42896,36.11429],[-114.42762,36.11361],[-114.42715,36.11361],[-114.42827,36.11397],[-114.42888,36.11472],[-114.42817,36.11555],[-114.42876,36.11638],[-114.42789,36.11832],[-114.4291,36.12027],[-114.42898,36.1211],[-114.42526,36.12248],[-114.42484,36.12308],[-114.42347,36.12271],[-114.41729,36.12399],[-114.41779,36.12581],[-114.41705,36.12637],[-114.41673,36.12775],[-114.41591,36.12808],[-114.41534,36.12775],[-114.41485,36.12581],[-114.41393,36.12526],[-114.41385,36.12419],[-114.41317,36.12425],[-114.41173,36.12304],[-114.4108,36.12304],[-114.41008,36.12415],[-114.41131,36.12498],[-114.41042,36.12503],[-114.40979,36.12581],[-114.41111,36.12689],[-114.4125,36.12692],[-114.41269,36.12831],[-114.41179,36.12817],[-114.41087,36.12942],[-114.41111,36.12984],[-114.41252,36.12997],[-114.41248,36.1306],[-114.40664,36.13224],[-114.40517,36.13191],[-114.40252,36.13421],[-114.3984,36.13312],[-114.39647,36.13413],[-114.39634,36.13478],[-114.39627,36.13413],[-114.39463,36.1329],[-114.39441,36.13385],[-114.39243,36.13552],[-114.39235,36.13635],[-114.39154,36.13638],[-114.3897,36.13441],[-114.38995,36.13385],[-114.38948,36.13344],[-114.38845,36.13528],[-114.38433,36.13613],[-114.38316,36.13607],[-114.38283,36.13552],[-114.37815,36.13432],[-114.37757,36.13496],[-114.37937,36.1369],[-114.37883,36.13727],[-114.37643,36.13723],[-114.37574,36.13663],[-114.37368,36.13644],[-114.37329,36.1358],[-114.37401,36.13469],[-114.37368,36.13444],[-114.37128,36.1352],[-114.37094,36.13582],[-114.36956,36.13571],[-114.36872,36.13496],[-114.36956,36.13342],[-114.3708,36.13302],[-114.37011,36.13191],[-114.36853,36.13184],[-114.36785,36.13217],[-114.3675,36.13357],[-114.36639,36.13191],[-114.3678,36.13108],[-114.36777,36.13053],[-114.36674,36.13025],[-114.36594,36.12914],[-114.36331,36.12914],[-114.36324,36.1272],[-114.36394,36.12637],[-114.36201,36.12526],[-114.36159,36.12359],[-114.36098,36.12357],[-114.35995,36.12454],[-114.35789,36.12312],[-114.35746,36.12054],[-114.35686,36.12015],[-114.35605,36.12027],[-114.35615,36.11832],[-114.35857,36.11694],[-114.35836,36.11638],[-114.36029,36.11495],[-114.35961,36.11481],[-114.35789,36.11589],[-114.35583,36.11448],[-114.3549,36.115],[-114.35573,36.11694],[-114.35558,36.11749],[-114.3548,36.11784],[-114.35171,36.11699],[-114.35171,36.11648],[-114.34999,36.11621],[-114.34931,36.11633],[-114.34923,36.11722],[-114.34828,36.11777],[-114.34725,36.11742],[-114.3461,36.11611],[-114.34621,36.11472],[-114.34486,36.11416],[-114.34244,36.11119],[-114.33829,36.10779],[-114.33718,36.1064],[-114.33772,36.10612],[-114.3372,36.10529],[-114.33695,36.10508],[-114.33626,36.10551],[-114.33523,36.10511],[-114.33317,36.10348],[-114.33303,36.10279],[-114.3315,36.10168],[-114.33143,36.10113],[-114.33011,36.1003],[-114.33067,36.09863],[-114.33036,36.09752],[-114.33146,36.09632],[-114.33362,36.09558],[-114.33372,36.09503],[-114.33249,36.09458],[-114.33111,36.09499],[-114.32917,36.09697],[-114.32904,36.09863],[-114.32837,36.09936],[-114.32734,36.09947],[-114.32548,36.09835],[-114.32562,36.09752],[-114.32495,36.09724],[-114.32459,36.0962],[-114.32192,36.09392],[-114.32403,36.09364],[-114.32284,36.09336],[-114.3224,36.0917],[-114.32287,36.09107],[-114.32395,36.09086],[-114.32322,36.09065],[-114.3215,36.09126],[-114.32047,36.09043],[-114.31978,36.09107],[-114.31801,36.08948],[-114.31747,36.08781],[-114.31635,36.08771],[-114.31498,36.08517],[-114.31397,36.08476],[-114.31498,36.08447],[-114.31527,36.08393],[-114.31326,36.08288],[-114.3122,36.08282],[-114.31112,36.08143],[-114.31141,36.08088],[-114.31063,36.0806],[-114.31067,36.07977],[-114.3112,36.07946],[-114.31292,36.08053],[-114.3136,36.08004],[-114.31429,36.08083],[-114.31463,36.08049],[-114.31704,36.08082],[-114.31862,36.08032],[-114.3171,36.07949],[-114.31764,36.07782],[-114.31635,36.07688],[-114.3163,36.07644],[-114.31738,36.07653],[-114.31875,36.07588],[-114.31704,36.07477],[-114.31667,36.07394],[-114.31844,36.07338],[-114.31772,36.07266],[-114.31732,36.07283],[-114.31704,36.07206],[-114.32184,36.07306],[-114.32193,36.07422],[-114.32356,36.07443],[-114.32398,36.07422],[-114.32356,36.07365],[-114.32562,36.07393],[-114.32717,36.07338],[-114.32374,36.07255],[-114.32459,36.0724],[-114.32459,36.07166],[-114.32556,36.07144],[-114.32516,36.07089],[-114.32562,36.07063],[-114.32905,36.07121],[-114.33043,36.07027],[-114.33214,36.07121],[-114.33419,36.07116],[-114.33283,36.07099],[-114.33077,36.06957],[-114.32905,36.06982],[-114.32871,36.06948],[-114.32734,36.06986],[-114.32665,36.06944],[-114.32459,36.06944],[-114.32287,36.07012],[-114.32253,36.07102],[-114.32184,36.07126],[-114.32108,36.07089],[-114.32116,36.07033],[-114.31983,36.07033],[-114.31817,36.06978],[-114.31944,36.07003],[-114.32081,36.06879],[-114.32253,36.06926],[-114.32847,36.06617],[-114.32802,36.06596],[-114.32596,36.06672],[-114.32528,36.0663],[-114.32493,36.06684],[-114.32322,36.06746],[-114.32253,36.06658],[-114.3215,36.06706],[-114.31882,36.06617],[-114.31926,36.06534],[-114.32103,36.0645],[-114.32116,36.06406],[-114.32343,36.06339],[-114.32361,36.06201],[-114.32449,36.06145],[-114.32303,36.06173],[-114.3225,36.06256],[-114.32184,36.06211],[-114.32116,36.06245],[-114.32003,36.06228],[-114.32096,36.06173],[-114.31971,36.0609],[-114.32056,36.06006],[-114.32011,36.05951],[-114.32081,36.05947],[-114.32135,36.05867],[-114.32047,36.05805],[-114.3191,36.05839],[-114.31883,36.05812],[-114.31978,36.05717],[-114.3215,36.05656],[-114.32359,36.05701],[-114.32287,36.05549],[-114.3239,36.05525],[-114.32596,36.05388],[-114.32734,36.05341],[-114.3294,36.05398],[-114.32981,36.05368],[-114.32981,36.05257],[-114.32896,36.05201],[-114.33116,36.04979],[-114.33017,36.04979],[-114.33037,36.04924],[-114.32974,36.04837],[-114.32837,36.0483],[-114.32858,36.04979],[-114.32768,36.05057],[-114.32699,36.05031],[-114.32631,36.05089],[-114.32528,36.05012],[-114.32508,36.05118],[-114.32459,36.05115],[-114.3239,36.05195],[-114.32356,36.05155],[-114.32253,36.05242],[-114.32139,36.05201],[-114.32304,36.05007],[-114.32307,36.04952],[-114.32253,36.04928],[-114.32168,36.05063],[-114.32013,36.05127],[-114.31978,36.05035],[-114.31738,36.05123],[-114.31701,36.05146],[-114.31772,36.05263],[-114.31498,36.05329],[-114.31292,36.05205],[-114.3112,36.05221],[-114.31017,36.05146],[-114.30983,36.05207],[-114.30811,36.05196],[-114.30742,36.05079],[-114.30639,36.05169],[-114.30571,36.0508],[-114.30468,36.05126],[-114.30357,36.05118],[-114.30502,36.04865],[-114.30613,36.04813],[-114.30635,36.04757],[-114.30584,36.04702],[-114.30708,36.04373],[-114.30523,36.0448],[-114.30468,36.0463],[-114.30433,36.04653],[-114.30384,36.04618],[-114.3033,36.04732],[-114.30209,36.04702],[-114.30159,36.04784],[-114.30046,36.04729],[-114.30064,36.04618],[-114.29918,36.04609],[-114.2985,36.05014],[-114.29644,36.04952],[-114.29709,36.04896],[-114.29685,36.04841],[-114.29745,36.04618],[-114.29654,36.04507],[-114.29616,36.04535],[-114.29609,36.04716],[-114.29472,36.04817],[-114.29489,36.04757],[-114.29387,36.04757],[-114.29369,36.04708],[-114.29266,36.04715],[-114.29197,36.04802],[-114.29075,36.04785],[-114.29066,36.04702],[-114.29142,36.04563],[-114.29113,36.0448],[-114.2917,36.04396],[-114.29129,36.04366],[-114.29017,36.04396],[-114.28923,36.0426],[-114.28812,36.04313],[-114.28923,36.0454],[-114.28785,36.04591],[-114.28766,36.04535],[-114.28648,36.04492],[-114.28579,36.04592],[-114.28476,36.04634],[-114.28373,36.04618],[-114.28305,36.04559],[-114.28206,36.04563],[-114.28176,36.04452],[-114.27902,36.04424],[-114.27923,36.04396],[-114.27788,36.0423],[-114.27861,36.03952],[-114.27783,36.03841],[-114.27919,36.03758],[-114.27875,36.03647],[-114.2794,36.03564],[-114.28025,36.03258],[-114.27927,36.0324],[-114.27824,36.03278],[-114.27584,36.03473],[-114.27515,36.03483],[-114.27384,36.03314],[-114.27502,36.03147],[-114.27446,36.03122],[-114.27298,36.03147],[-114.2723,36.03036],[-114.27285,36.02925],[-114.27206,36.02855],[-114.27306,36.02786],[-114.2724,36.02744],[-114.2724,36.02689],[-114.27024,36.02758],[-114.27046,36.0262],[-114.27245,36.02564],[-114.27303,36.0237],[-114.27514,36.02203],[-114.27481,36.02168],[-114.27343,36.02194],[-114.27085,36.02397],[-114.27069,36.02457],[-114.26944,36.02481],[-114.26897,36.026],[-114.26828,36.02648],[-114.26725,36.02509],[-114.26652,36.02536],[-114.26588,36.02415],[-114.26519,36.02404],[-114.26451,36.02448],[-114.26348,36.02402],[-114.26279,36.02308],[-114.26142,36.02298],[-114.26217,36.02147],[-114.26176,36.02082],[-114.26107,36.02138],[-114.2597,36.02156],[-114.25945,36.02092],[-114.25833,36.02118],[-114.25692,36.02036],[-114.25661,36.0181],[-114.25524,36.01962],[-114.25347,36.0187],[-114.25361,36.01731],[-114.25249,36.01536],[-114.25193,36.01731],[-114.25146,36.0173],[-114.25015,36.01537],[-114.25044,36.01398],[-114.25146,36.01286],[-114.24974,36.01343],[-114.24837,36.01521],[-114.24425,36.01234],[-114.24356,36.0131],[-114.24298,36.01287],[-114.24308,36.0112],[-114.24263,36.01064],[-114.24312,36.00898],[-114.24288,36.0087],[-114.24214,36.00898]]}},{"type":"Feature","properties":{"elevation":950,"label":"950 ft \u00b7 Min. power pool"},"geometry":{"type":"LineString","coordinates":[[-114.66619,36.11775],[-114.66664,36.11805],[-114.66622,36.11999],[-114.66363,36.12609],[-114.66173,36.12755],[-114.66002,36.12754],[-114.65983,36.12664],[-114.66111,36.12637],[-114.66312,36.12027],[-114.66413,36.11994],[-114.66474,36.11916],[-114.66446,36.11888],[-114.66551,36.1178],[-114.66619,36.11775]]}},{"type":"Feature","properties":{"elevation":950,"label":"950 ft \u00b7 Min. power pool"},"geometry":{"type":"LineString","coordinates":[[-114.79185,36.09307],[-114.793,36.09336],[-114.79288,36.09445],[-114.79066,36.09336],[-114.79185,36.09307]]}},{"type":"Feature","properties":{"elevation":950,"label":"950 ft \u00b7 Min. power pool"},"geometry":{"type":"LineString","coordinates":[[-114.31532,36.0756],[-114.31601,36.07604],[-114.31574,36.07644],[-114.31498,36.07645],[-114.31395,36.07734],[-114.31324,36.07699],[-114.31315,36.07671],[-114.31532,36.0756]]}},{"type":"Feature","properties":{"elevation":950,"label":"950 ft \u00b7 Min. power pool"},"geometry":{"type":"LineString","coordinates":[[-114.74653,36.05062],[-114.74791,36.05127],[-114.75,36.05451],[-114.74983,36.05562],[-114.74894,36.05569],[-114.74856,36.05895],[-114.74748,36.06006],[-114.74839,36.06117],[-114.74825,36.06221],[-114.74619,36.06168],[-114.74516,36.06244],[-114.74521,36.06145],[-114.74446,36.06034],[-114.74271,36.05979],[-114.74199,36.05507],[-114.74207,36.05477],[-114.74276,36.05489],[-114.7431,36.05378],[-114.74412,36.05312],[-114.74516,36.05314],[-114.74413,36.05176],[-114.74585,36.05268],[-114.74674,36.05146],[-114.74653,36.05062]]}},{"type":"Feature","properties":{"elevation":950,"label":"950 ft \u00b7 Min. power pool"},"geometry":{"type":"LineString","coordinates":[[-114.14434,36.03312],[-114.14526,36.03369],[-114.14539,36.03508],[-114.14434,36.03528],[-114.14378,36.03397],[-114.14434,36.03312]]}},{"type":"Feature","properties":{"elevation":895,"label":"895 ft \u00b7 Dead pool"},"geometry":{"type":"LineString","coordinates":[[-114.24137,36.01092],[-114.24095,36.01259],[-114.24047,36.01284],[-114.23876,36.0128],[-114.23841,36.01247],[-114.23635,36.01281],[-114.23498,36.01226],[-114.23395,36.01261],[-114.23326,36.01214],[-114.23223,36.01214],[-114.23155,36.01273],[-114.2288,36.01255],[-114.22709,36.01367],[-114.22674,36.01319],[-114.22503,36.01365],[-114.22468,36.01331],[-114.22297,36.0144],[-114.21988,36.01447],[-114.2161,36.0139],[-114.21541,36.01454],[-114.21404,36.01491],[-114.20134,36.01745],[-114.19344,36.02024],[-114.19191,36.02036],[-114.18692,36.02269],[-114.18383,36.02342],[-114.18074,36.02493],[-114.18005,36.02488],[-114.17868,36.02564],[-114.17799,36.02655],[-114.17627,36.02721],[-114.17318,36.02707],[-114.16975,36.02749],[-114.16494,36.02715],[-114.16446,36.02675],[-114.16151,36.02637],[-114.16082,36.02557],[-114.15979,36.0258],[-114.15773,36.02501],[-114.15472,36.02286],[-114.15396,36.02315],[-114.15258,36.02283],[-114.15221,36.02314],[-114.15277,36.0237],[-114.14953,36.02536],[-114.14778,36.02723],[-114.14709,36.02718],[-114.14665,36.02842],[-114.14702,36.03064],[-114.14629,36.03175],[-114.14434,36.03117],[-114.14263,36.03188],[-114.14114,36.03175],[-114.14326,36.03258],[-114.14434,36.03224],[-114.14503,36.03265],[-114.14559,36.03314],[-114.14568,36.03425],[-114.14633,36.03452],[-114.14606,36.03555],[-114.14297,36.036],[-114.14125,36.03511],[-114.13919,36.03474],[-114.13823,36.03536],[-114.13713,36.03736],[-114.13554,36.03786],[-114.13599,36.03952],[-114.13557,36.04091],[-114.13437,36.04202],[-114.13476,36.04258],[-114.13439,36.04338],[-114.13304,36.0448],[-114.13369,36.04535],[-114.13353,36.04646],[-114.13267,36.04646],[-114.1323,36.04702],[-114.13355,36.04757],[-114.13389,36.04896],[-114.13507,36.04979],[-114.13473,36.04952],[-114.13625,36.04896],[-114.13679,36.04759],[-114.13816,36.04825],[-114.13919,36.04794],[-114.13954,36.04728],[-114.1416,36.04733],[-114.14234,36.0448],[-114.14164,36.04369],[-114.14223,36.04313],[-114.14322,36.0398],[-114.14778,36.03515],[-114.14949,36.03383],[-114.15052,36.03369],[-114.1492,36.03286],[-114.1486,36.03008],[-114.14928,36.02953],[-114.14962,36.02758],[-114.15031,36.02731],[-114.15029,36.02675],[-114.1517,36.02536],[-114.15293,36.02466],[-114.15636,36.02579],[-114.15842,36.02716],[-114.15979,36.02676],[-114.16597,36.02846],[-114.17078,36.02875],[-114.17696,36.02848],[-114.18074,36.02634],[-114.1852,36.02458],[-114.18657,36.02467],[-114.19172,36.02205],[-114.19928,36.01993],[-114.20279,36.01953],[-114.20752,36.01782],[-114.21198,36.01695],[-114.21267,36.01704],[-114.21301,36.01791],[-114.21404,36.01681],[-114.21713,36.01623],[-114.21919,36.01659],[-114.21988,36.01604],[-114.22194,36.01585],[-114.22606,36.01588],[-114.22743,36.01686],[-114.2294,36.01675],[-114.23155,36.01596],[-114.23189,36.01633],[-114.23292,36.01591],[-114.23601,36.01587],[-114.24013,36.01637],[-114.2425,36.01731],[-114.24279,36.0187],[-114.24197,36.02036],[-114.24391,36.02218],[-114.24309,36.02036],[-114.24459,36.01868],[-114.24528,36.01852],[-114.247,36.01943],[-114.24705,36.01981],[-114.24803,36.01985],[-114.24837,36.02058],[-114.24906,36.02027],[-114.25146,36.02196],[-114.25215,36.02188],[-114.25455,36.02371],[-114.25489,36.02344],[-114.25558,36.02369],[-114.25592,36.02427],[-114.25675,36.02425],[-114.2573,36.02493],[-114.25798,36.02479],[-114.26176,36.02669],[-114.26279,36.02805],[-114.26451,36.02905],[-114.2643,36.0298],[-114.26519,36.03021],[-114.26589,36.03203],[-114.26554,36.03286],[-114.26641,36.03314],[-114.26624,36.03369],[-114.26704,36.03452],[-114.26734,36.03675],[-114.26554,36.03694],[-114.26519,36.0373],[-114.26725,36.03857],[-114.26601,36.04035],[-114.26669,36.04063],[-114.26644,36.04147],[-114.2676,36.0412],[-114.26779,36.04147],[-114.26759,36.04285],[-114.2681,36.04369],[-114.26622,36.04363],[-114.26586,36.04396],[-114.26657,36.04396],[-114.26794,36.04527],[-114.26931,36.04488],[-114.27296,36.04813],[-114.27467,36.04896],[-114.27481,36.04956],[-114.2755,36.04952],[-114.27556,36.04979],[-114.27132,36.05174],[-114.27142,36.05201],[-114.27275,36.05203],[-114.27446,36.05128],[-114.27687,36.05155],[-114.27824,36.05084],[-114.27893,36.05095],[-114.27927,36.052],[-114.2803,36.05129],[-114.28141,36.05201],[-114.28029,36.05396],[-114.28064,36.05494],[-114.28305,36.05372],[-114.28648,36.05597],[-114.29403,36.05803],[-114.29403,36.05986],[-114.29541,36.0589],[-114.29609,36.05952],[-114.29678,36.05838],[-114.29918,36.05905],[-114.30056,36.05889],[-114.30041,36.05979],[-114.3009,36.06025],[-114.30193,36.05924],[-114.30268,36.05951],[-114.30237,36.06117],[-114.30296,36.0611],[-114.30365,36.0603],[-114.30468,36.06136],[-114.30605,36.06115],[-114.30737,36.06228],[-114.30768,36.0645],[-114.30833,36.06534],[-114.30627,36.06811],[-114.30627,36.06894],[-114.30443,36.072],[-114.30304,36.07227],[-114.30398,36.07311],[-114.30322,36.07394],[-114.30332,36.07477],[-114.30265,36.0756],[-114.3014,36.07616],[-114.30253,36.07671],[-114.30257,36.07866],[-114.30202,36.07921],[-114.30317,36.08004],[-114.30193,36.08088],[-114.29987,36.0811],[-114.29912,36.08171],[-114.30021,36.08155],[-114.30182,36.08199],[-114.30399,36.08137],[-114.30438,36.08282],[-114.30708,36.08533],[-114.30644,36.08781],[-114.30468,36.08899],[-114.30708,36.08839],[-114.30777,36.08702],[-114.30845,36.08666],[-114.31024,36.08753],[-114.31172,36.08975],[-114.31262,36.08975],[-114.31291,36.09059],[-114.31149,36.09253],[-114.31189,36.09299],[-114.31292,36.09186],[-114.31395,36.09186],[-114.31473,36.09308],[-114.31405,36.09447],[-114.31566,36.09416],[-114.31585,36.0953],[-114.31591,36.09613],[-114.31463,36.09643],[-114.31347,36.09724],[-114.31326,36.09773],[-114.31498,36.097],[-114.31669,36.09716],[-114.31704,36.09769],[-114.31879,36.09752],[-114.31729,36.09946],[-114.31754,36.09974],[-114.31554,36.10168],[-114.31663,36.10141],[-114.3191,36.09957],[-114.31978,36.09956],[-114.32035,36.1003],[-114.32,36.10113],[-114.32157,36.10196],[-114.32023,36.10335],[-114.32219,36.10271],[-114.32277,36.10335],[-114.32114,36.10473],[-114.31961,36.10695],[-114.32184,36.10596],[-114.32219,36.10615],[-114.32287,36.10517],[-114.32356,36.10504],[-114.32475,36.10584],[-114.32431,36.10668],[-114.32464,36.10751],[-114.32557,36.10751],[-114.32366,36.10917],[-114.32499,36.10917],[-114.32528,36.10985],[-114.32562,36.10927],[-114.32631,36.1093],[-114.32905,36.10755],[-114.32974,36.10798],[-114.33111,36.10801],[-114.33101,36.10862],[-114.33146,36.10879],[-114.33421,36.10834],[-114.33441,36.10889],[-114.33339,36.10945],[-114.33317,36.11154],[-114.33455,36.11028],[-114.33558,36.10982],[-114.33626,36.10998],[-114.33835,36.1125],[-114.33695,36.11251],[-114.33578,36.11306],[-114.33661,36.11297],[-114.33687,36.11333],[-114.33545,36.11527],[-114.33729,36.11498],[-114.33901,36.11347],[-114.33977,36.11472],[-114.33895,36.11527],[-114.34026,36.11527],[-114.33931,36.11611],[-114.34107,36.11598],[-114.34228,36.11722],[-114.34025,36.1186],[-114.34335,36.1186],[-114.34252,36.11943],[-114.343,36.12082],[-114.34099,36.12221],[-114.34347,36.12214],[-114.34308,36.12359],[-114.34421,36.12359],[-114.34416,36.12447],[-114.34587,36.12384],[-114.34862,36.12382],[-114.34871,36.12415],[-114.34731,36.12526],[-114.34759,36.12551],[-114.34896,36.12554],[-114.34965,36.12477],[-114.35034,36.12477],[-114.35082,36.12581],[-114.35205,36.12584],[-114.3529,36.12637],[-114.35131,36.12748],[-114.35102,36.12899],[-114.3524,36.12873],[-114.35377,36.12763],[-114.35591,36.12914],[-114.35549,36.13025],[-114.35588,36.13108],[-114.35514,36.13165],[-114.35611,36.13164],[-114.35702,36.13108],[-114.35741,36.13164],[-114.35715,36.13219],[-114.35857,36.13247],[-114.35892,36.13333],[-114.36132,36.13376],[-114.36133,36.13413],[-114.35791,36.13663],[-114.35858,36.13711],[-114.35926,36.1366],[-114.36029,36.13671],[-114.36132,36.13628],[-114.36164,36.1369],[-114.36132,36.13748],[-114.36235,36.13763],[-114.36304,36.13865],[-114.36411,36.13885],[-114.36432,36.13912],[-114.3629,36.14051],[-114.36441,36.14038],[-114.36501,36.14079],[-114.36479,36.14162],[-114.36357,36.14245],[-114.36338,36.14328],[-114.36441,36.14333],[-114.36613,36.1421],[-114.36613,36.14417],[-114.36716,36.1432],[-114.36794,36.14356],[-114.369,36.1455],[-114.37071,36.14661],[-114.36951,36.14883],[-114.36985,36.14966],[-114.37197,36.14879],[-114.37368,36.14688],[-114.37574,36.14758],[-114.37723,36.14883],[-114.37883,36.14935],[-114.37952,36.15072],[-114.38044,36.15104],[-114.38295,36.15026],[-114.38398,36.14947],[-114.38501,36.14963],[-114.38604,36.15192],[-114.38707,36.15294],[-114.38776,36.15285],[-114.38879,36.1512],[-114.38948,36.15095],[-114.39119,36.15264],[-114.39608,36.15492],[-114.39669,36.15569],[-114.39978,36.15718],[-114.40049,36.15714],[-114.40218,36.15579],[-114.4039,36.15562],[-114.40546,36.15631],[-114.40578,36.1577],[-114.4063,36.15794],[-114.40767,36.15766],[-114.40905,36.15825],[-114.41179,36.15855],[-114.41214,36.15913],[-114.41328,36.15881],[-114.41404,36.15936],[-114.41385,36.16011],[-114.41268,36.16047],[-114.41256,36.16185],[-114.41185,36.16185],[-114.41222,36.16269],[-114.41145,36.16243],[-114.41076,36.16274],[-114.40973,36.16226],[-114.4079,36.16241],[-114.40873,36.16352],[-114.40813,36.16435],[-114.40973,36.16449],[-114.41042,36.16392],[-114.41076,36.16472],[-114.41145,36.16402],[-114.41347,36.16518],[-114.41179,36.16541],[-114.40973,36.16653],[-114.40642,36.1674],[-114.40639,36.16934],[-114.40264,36.17183],[-114.40599,36.17183],[-114.40493,36.17222],[-114.40218,36.17477],[-114.40115,36.17515],[-114.40092,36.17599],[-114.3996,36.1771],[-114.39978,36.17821],[-114.39815,36.18153],[-114.39841,36.18403],[-114.39939,36.18486],[-114.39984,36.18652],[-114.39875,36.18719],[-114.39766,36.18707],[-114.39727,36.18763],[-114.39889,36.18874],[-114.39764,36.18929],[-114.3971,36.1904],[-114.3984,36.19052],[-114.39875,36.19124],[-114.39943,36.19086],[-114.40066,36.19095],[-114.40062,36.19317],[-114.39928,36.19428],[-114.40081,36.19383],[-114.40071,36.19456],[-114.40115,36.19446],[-114.40252,36.19536],[-114.40284,36.19622],[-114.40217,36.19705],[-114.40252,36.19773],[-114.40424,36.19687],[-114.40458,36.19758],[-114.4058,36.1976],[-114.40596,36.19825],[-114.40713,36.19843],[-114.40733,36.19899],[-114.40802,36.19865],[-114.40939,36.19901],[-114.40945,36.19954],[-114.40849,36.2001],[-114.40905,36.20064],[-114.41008,36.20004],[-114.41105,36.2001],[-114.41154,36.20259],[-114.41248,36.20224],[-114.41354,36.20314],[-114.41188,36.20398],[-114.41248,36.20449],[-114.41351,36.2044],[-114.41317,36.20526],[-114.41385,36.20505],[-114.4142,36.20536],[-114.41395,36.20702],[-114.41524,36.20758],[-114.41454,36.20912],[-114.41174,36.20952],[-114.41161,36.21201],[-114.40878,36.2145],[-114.40942,36.21616],[-114.40784,36.21699],[-114.40733,36.21831],[-114.40493,36.21791],[-114.4039,36.21853],[-114.40392,36.21976],[-114.40269,36.22143],[-114.40209,36.22392],[-114.40106,36.22558],[-114.40089,36.22697],[-114.40231,36.22835],[-114.40239,36.22974],[-114.40458,36.2303],[-114.40524,36.23112],[-114.40514,36.2325],[-114.4063,36.23299],[-114.40783,36.2325],[-114.40779,36.23195],[-114.40718,36.23167],[-114.40767,36.23045],[-114.40911,36.23057],[-114.40905,36.23013],[-114.40778,36.22974],[-114.4087,36.22113],[-114.40946,36.22087],[-114.40886,36.22281],[-114.40973,36.22345],[-114.41076,36.22586],[-114.41145,36.22628],[-114.41488,36.22321],[-114.41562,36.22309],[-114.41706,36.21949],[-114.41663,36.21866],[-114.41797,36.21769],[-114.42009,36.21727],[-114.41969,36.21626],[-114.41785,36.21533],[-114.419,36.21377],[-114.41935,36.21356],[-114.41969,36.21416],[-114.42038,36.21325],[-114.42209,36.21343],[-114.42206,36.21256],[-114.42354,36.21229],[-114.42186,36.21145],[-114.42297,36.20841],[-114.42485,36.20647],[-114.42359,36.20619],[-114.42624,36.20564],[-114.42386,36.20508],[-114.4249,36.20481],[-114.42413,36.20425],[-114.42438,36.20287],[-114.42521,36.20259],[-114.42484,36.20231],[-114.42509,36.20176],[-114.42418,36.2012],[-114.42496,36.20065],[-114.42454,36.19871],[-114.42378,36.19816],[-114.42404,36.19566],[-114.42592,36.19511],[-114.42616,36.19372],[-114.42857,36.19178],[-114.42833,36.19068],[-114.43061,36.19012],[-114.43213,36.18846],[-114.43186,36.18763],[-114.43279,36.18375],[-114.42818,36.18042],[-114.42711,36.17876],[-114.42696,36.17682],[-114.42766,36.17599],[-114.42793,36.17454],[-114.43174,36.17294],[-114.42974,36.17183],[-114.4296,36.171],[-114.43033,36.17069],[-114.43239,36.17083],[-114.43279,36.17017],[-114.43205,36.1696],[-114.43073,36.16629],[-114.4291,36.16407],[-114.4292,36.16213],[-114.42759,36.16146],[-114.4266,36.16047],[-114.43102,36.15721],[-114.43728,36.15492],[-114.44098,36.1521],[-114.44372,36.15101],[-114.4451,36.15099],[-114.44578,36.1514],[-114.44613,36.15049],[-114.44715,36.14969],[-114.45265,36.14768],[-114.45608,36.14753],[-114.45986,36.14831],[-114.46398,36.15023],[-114.46432,36.14934],[-114.46569,36.14927],[-114.4661,36.14799],[-114.46353,36.14689],[-114.46285,36.1455],[-114.4635,36.14356],[-114.46569,36.14235],[-114.46947,36.14159],[-114.4705,36.14261],[-114.47153,36.14158],[-114.47359,36.14134],[-114.47668,36.14241],[-114.47805,36.14205],[-114.47908,36.14233],[-114.47957,36.14356],[-114.47908,36.14416],[-114.48149,36.14271],[-114.48183,36.14257],[-114.48217,36.14304],[-114.4832,36.14246],[-114.48389,36.14362],[-114.48526,36.14284],[-114.48767,36.1431],[-114.4887,36.1437],[-114.48973,36.14325],[-114.49213,36.14335],[-114.49453,36.14421],[-114.49556,36.14571],[-114.49625,36.14584],[-114.49767,36.14522],[-114.49861,36.14578],[-114.499,36.14712],[-114.49978,36.14633],[-114.49946,36.1491],[-114.49884,36.14966],[-114.49929,36.15077],[-114.49844,36.15188],[-114.49934,36.15319],[-114.49987,36.15271],[-114.49983,36.15188],[-114.50113,36.15077],[-114.50174,36.14905],[-114.50209,36.1489],[-114.50243,36.14936],[-114.50277,36.14911],[-114.50277,36.14998],[-114.50432,36.14966],[-114.5038,36.15077],[-114.50449,36.15084],[-114.50452,36.15132],[-114.50298,36.15437],[-114.5038,36.15552],[-114.50621,36.15415],[-114.50684,36.15437],[-114.50689,36.15537],[-114.50781,36.15576],[-114.50792,36.15661],[-114.51101,36.15464],[-114.51173,36.15492],[-114.51136,36.15618],[-114.51204,36.1559],[-114.51273,36.15684],[-114.51342,36.1555],[-114.51582,36.15574],[-114.51719,36.1573],[-114.51754,36.1589],[-114.51891,36.15623],[-114.5196,36.15674],[-114.51924,36.1577],[-114.5196,36.15911],[-114.52028,36.15748],[-114.5208,36.15742],[-114.52097,36.15777],[-114.52164,36.15687],[-114.52303,36.15696],[-114.52509,36.15456],[-114.52653,36.15576],[-114.52543,36.15726],[-114.52646,36.15695],[-114.52784,36.15565],[-114.52887,36.15648],[-114.52955,36.15555],[-114.53161,36.15592],[-114.53367,36.15472],[-114.53608,36.15441],[-114.53917,36.15621],[-114.53985,36.15569],[-114.54274,36.15631],[-114.54397,36.15945],[-114.54535,36.16054],[-114.54464,36.15853],[-114.54522,36.15603],[-114.54411,36.1552],[-114.54809,36.15242],[-114.54844,36.15266],[-114.55084,36.1518],[-114.55442,36.15298],[-114.55496,36.15384],[-114.55564,36.15341],[-114.55908,36.15363],[-114.56045,36.15263],[-114.5632,36.152],[-114.56526,36.15255],[-114.56594,36.15228],[-114.57006,36.15254],[-114.57144,36.15361],[-114.57212,36.15313],[-114.57521,36.15267],[-114.57556,36.15293],[-114.57639,36.15215],[-114.57899,36.1511],[-114.58311,36.14768],[-114.58517,36.14738],[-114.58654,36.14778],[-114.58826,36.14726],[-114.58895,36.14741],[-114.59169,36.14661],[-114.59307,36.14554],[-114.59753,36.14341],[-114.5989,36.14358],[-114.5993,36.14328],[-114.59912,36.14245],[-114.60377,36.13857],[-114.60549,36.13829],[-114.60523,36.13746],[-114.60726,36.1358],[-114.61023,36.13396],[-114.61264,36.13297],[-114.61367,36.13293],[-114.61435,36.13234],[-114.61641,36.13252],[-114.61744,36.13301],[-114.61981,36.13496],[-114.62033,36.1358],[-114.61916,36.13724],[-114.62088,36.13672],[-114.62294,36.13955],[-114.62375,36.13968],[-114.62259,36.14194],[-114.62362,36.14155],[-114.62397,36.1419],[-114.62412,36.14134],[-114.625,36.14088],[-114.6274,36.14277],[-114.62774,36.14357],[-114.62809,36.14339],[-114.62843,36.14533],[-114.6298,36.14373],[-114.63047,36.14467],[-114.63221,36.14554],[-114.63163,36.14439],[-114.63392,36.1439],[-114.63562,36.14633],[-114.63667,36.14704],[-114.63687,36.14661],[-114.6362,36.14578],[-114.63561,36.14328],[-114.63561,36.14162],[-114.63598,36.14137],[-114.6373,36.14162],[-114.64119,36.14494],[-114.64019,36.14328],[-114.63736,36.1403],[-114.6377,36.13916],[-114.63907,36.13873],[-114.64045,36.13983],[-114.64042,36.13885],[-114.64113,36.13861],[-114.64148,36.13744],[-114.64216,36.13705],[-114.64422,36.13972],[-114.64388,36.13621],[-114.64457,36.13574],[-114.6456,36.13691],[-114.64525,36.13513],[-114.64663,36.13514],[-114.648,36.13397],[-114.64869,36.13413],[-114.64937,36.13331],[-114.6504,36.13338],[-114.65075,36.13251],[-114.65143,36.13274],[-114.65172,36.13247],[-114.65178,36.1318],[-114.65349,36.13299],[-114.65384,36.13247],[-114.65331,36.13219],[-114.65315,36.13102],[-114.65418,36.13046],[-114.6543,36.13108],[-114.65487,36.13112],[-114.6559,36.12895],[-114.65693,36.12865],[-114.65727,36.12892],[-114.65796,36.12815],[-114.65978,36.12997],[-114.65846,36.13275],[-114.65577,36.13441],[-114.65551,36.13524],[-114.6559,36.13546],[-114.65658,36.13423],[-114.65761,36.13505],[-114.65796,36.13433],[-114.6583,36.13504],[-114.66036,36.1353],[-114.65958,36.13385],[-114.66208,36.13162],[-114.66516,36.13468],[-114.66603,36.13441],[-114.66366,36.13219],[-114.6623,36.12997],[-114.66585,36.12839],[-114.66654,36.12865],[-114.66757,36.12827],[-114.66825,36.12886],[-114.66894,36.12851],[-114.66997,36.12905],[-114.67066,36.12864],[-114.67237,36.12867],[-114.67272,36.12829],[-114.67361,36.12859],[-114.67294,36.12914],[-114.67409,36.12919],[-114.6762,36.12859],[-114.67684,36.12799],[-114.67752,36.12839],[-114.67821,36.12799],[-114.6789,36.12833],[-114.67993,36.12783],[-114.68027,36.12813],[-114.68199,36.12701],[-114.6837,36.12719],[-114.6842,36.12664],[-114.6837,36.12517],[-114.68508,36.12581],[-114.68611,36.12562],[-114.68679,36.12429],[-114.6888,36.1247],[-114.68814,36.12664],[-114.68877,36.12748],[-114.68782,36.12833],[-114.6892,36.12786],[-114.68954,36.12837],[-114.68987,36.12637],[-114.69057,36.12627],[-114.69179,36.12748],[-114.69158,36.12831],[-114.69297,36.12801],[-114.69469,36.12977],[-114.69675,36.13088],[-114.6952,36.12775],[-114.69488,36.12609],[-114.694,36.12599],[-114.69366,36.12457],[-114.69051,36.12248],[-114.69076,36.12165],[-114.68956,36.11999],[-114.68959,36.1186],[-114.68988,36.11834],[-114.69027,36.1186],[-114.69091,36.12022],[-114.69209,36.11971],[-114.69131,36.11888],[-114.69137,36.11722],[-114.69065,36.11638],[-114.69057,36.11521],[-114.6916,36.11651],[-114.69332,36.11645],[-114.69421,36.11722],[-114.69435,36.11794],[-114.69482,36.11777],[-114.69395,36.11555],[-114.69435,36.11459],[-114.69606,36.11478],[-114.69675,36.1161],[-114.69778,36.1166],[-114.6975,36.11555],[-114.6986,36.115],[-114.69847,36.11411],[-114.69881,36.11383],[-114.6995,36.11429],[-114.69984,36.11387],[-114.70156,36.11588],[-114.70259,36.11628],[-114.70327,36.11571],[-114.70259,36.11782],[-114.70366,36.11722],[-114.70465,36.11567],[-114.70568,36.11573],[-114.70572,36.11694],[-114.70476,36.1186],[-114.70499,36.12018],[-114.70568,36.11919],[-114.70645,36.11916],[-114.70678,36.11777],[-114.70739,36.11719],[-114.70877,36.11777],[-114.70985,36.11694],[-114.71083,36.11915],[-114.71171,36.11832],[-114.71186,36.11625],[-114.71323,36.11729],[-114.7146,36.11548],[-114.71574,36.11638],[-114.71561,36.11832],[-114.71453,36.11916],[-114.71547,36.11971],[-114.71563,36.12119],[-114.71632,36.12124],[-114.71735,36.11975],[-114.71838,36.12165],[-114.71975,36.12182],[-114.71892,36.12027],[-114.71948,36.11694],[-114.72113,36.11699],[-114.72216,36.11636],[-114.72272,36.11722],[-114.72319,36.11588],[-114.72353,36.11724],[-114.72422,36.11714],[-114.72456,36.11786],[-114.72559,36.11823],[-114.72593,36.11757],[-114.72735,36.11749],[-114.72529,36.11583],[-114.72695,36.11527],[-114.72666,36.11472],[-114.72765,36.11396],[-114.72841,36.11416],[-114.72768,36.11306],[-114.72795,36.1125],[-114.72937,36.11242],[-114.73005,36.11323],[-114.73074,36.11295],[-114.73031,36.11167],[-114.72852,36.11084],[-114.72893,36.10945],[-114.73074,36.11085],[-114.73096,36.10945],[-114.73177,36.10983],[-114.73246,36.10952],[-114.73623,36.11141],[-114.73589,36.10969],[-114.73692,36.10988],[-114.73795,36.10956],[-114.73767,36.11084],[-114.73831,36.11167],[-114.73748,36.11278],[-114.73761,36.11311],[-114.7384,36.11306],[-114.73799,36.11416],[-114.73722,36.11472],[-114.73792,36.11638],[-114.73729,36.11694],[-114.7386,36.11749],[-114.73759,36.11888],[-114.73841,36.1186],[-114.73882,36.11943],[-114.73912,36.1186],[-114.73967,36.11834],[-114.73997,36.1186],[-114.74001,36.12159],[-114.74138,36.12362],[-114.74051,36.11472],[-114.74119,36.11527],[-114.74138,36.11742],[-114.74259,36.11888],[-114.74447,36.11982],[-114.7455,36.12106],[-114.74585,36.12031],[-114.7433,36.11749],[-114.74413,36.11619],[-114.74552,36.11583],[-114.74445,36.11527],[-114.74261,36.11306],[-114.74205,36.11084],[-114.74228,36.11],[-114.74379,36.11081],[-114.74447,36.11014],[-114.74658,36.11167],[-114.74646,36.11028],[-114.74732,36.10973],[-114.74593,36.10917],[-114.745,36.10806],[-114.75031,36.10674],[-114.75147,36.10723],[-114.75132,36.10945],[-114.75306,36.11087],[-114.75261,36.10917],[-114.75542,36.10723],[-114.75466,36.1064],[-114.75454,36.10501],[-114.75649,36.10396],[-114.75752,36.1054],[-114.75827,36.10446],[-114.75767,36.10252],[-114.75858,36.10168],[-114.75714,36.10002],[-114.75718,36.09949],[-114.75855,36.09956],[-114.76267,36.09845],[-114.76301,36.09731],[-114.76466,36.09641],[-114.76395,36.09586],[-114.76439,36.09507],[-114.76473,36.09537],[-114.76514,36.09503],[-114.76478,36.09392],[-114.76507,36.09321],[-114.76645,36.0927],[-114.76784,36.09336],[-114.76721,36.09281],[-114.76732,36.09059],[-114.76869,36.08948],[-114.76885,36.08868],[-114.76954,36.08864],[-114.76988,36.08768],[-114.77297,36.09016],[-114.7728,36.08892],[-114.77326,36.08809],[-114.77235,36.08698],[-114.77224,36.08587],[-114.77262,36.08573],[-114.77436,36.08642],[-114.77466,36.08753],[-114.77571,36.08816],[-114.77571,36.08701],[-114.77674,36.08772],[-114.77743,36.08751],[-114.78099,36.09031],[-114.78121,36.0914],[-114.78189,36.09052],[-114.78327,36.09154],[-114.78498,36.09208],[-114.78498,36.09284],[-114.78622,36.09336],[-114.78653,36.09392],[-114.78622,36.09447],[-114.78676,36.09475],[-114.78677,36.09558],[-114.78846,36.09613],[-114.78807,36.09673],[-114.78648,36.09697],[-114.78608,36.09863],[-114.78704,36.09985],[-114.7879,36.09974],[-114.78819,36.09919],[-114.78758,36.09835],[-114.78876,36.09741],[-114.7946,36.09981],[-114.79563,36.10001],[-114.79631,36.09973],[-114.79748,36.10113],[-114.79872,36.10142],[-114.79906,36.10113],[-114.80009,36.10169],[-114.80266,36.10168],[-114.80385,36.10002],[-114.80284,36.09813],[-114.80136,36.09808],[-114.80187,36.09697],[-114.8016,36.09613],[-114.79975,36.09605],[-114.79391,36.09246],[-114.79288,36.09512],[-114.79082,36.09397],[-114.78984,36.09308],[-114.79169,36.09142],[-114.79185,36.09025],[-114.79116,36.09021],[-114.79071,36.09114],[-114.79013,36.09127],[-114.78879,36.09059],[-114.78825,36.08975],[-114.78931,36.0892],[-114.78876,36.08841],[-114.78633,36.08892],[-114.78718,36.08837],[-114.78739,36.08764],[-114.78879,36.08698],[-114.78842,36.08641],[-114.7867,36.08737],[-114.78636,36.08709],[-114.78582,36.08781],[-114.78224,36.08814],[-114.78209,36.0892],[-114.78155,36.08928],[-114.77915,36.08699],[-114.78189,36.08725],[-114.78421,36.08642],[-114.78121,36.08631],[-114.77915,36.08504],[-114.77844,36.08393],[-114.77799,36.08171],[-114.77709,36.0819],[-114.77434,36.0812],[-114.77374,36.08143],[-114.77406,36.08171],[-114.77365,36.08227],[-114.77343,36.08199],[-114.7737,36.08004],[-114.77536,36.07893],[-114.77539,36.07727],[-114.77606,36.07561],[-114.78053,36.07394],[-114.78018,36.07262],[-114.7788,36.07249],[-114.77803,36.07172],[-114.77898,36.06783],[-114.77983,36.06724],[-114.78258,36.06702],[-114.78464,36.06636],[-114.78556,36.06561],[-114.78573,36.06423],[-114.78309,36.06173],[-114.78077,36.0584],[-114.77915,36.05779],[-114.77812,36.05676],[-114.77835,36.05618],[-114.7764,36.05407],[-114.77602,36.05257],[-114.77468,36.05263],[-114.774,36.05163],[-114.76919,36.04996],[-114.76713,36.05009],[-114.76645,36.05076],[-114.76576,36.05076],[-114.76473,36.0497],[-114.76336,36.04985],[-114.76095,36.0492],[-114.75759,36.04702],[-114.75913,36.04396],[-114.76095,36.04281],[-114.76121,36.04202],[-114.76073,36.04091],[-114.76124,36.04008],[-114.76015,36.03924],[-114.75821,36.03889],[-114.75689,36.03702],[-114.75512,36.03695],[-114.75271,36.03625],[-114.75168,36.03542],[-114.75271,36.03432],[-114.75469,36.03341],[-114.75512,36.03238],[-114.75237,36.03392],[-114.75134,36.03379],[-114.75109,36.03341],[-114.75216,36.03258],[-114.75246,36.03175],[-114.75374,36.0312],[-114.7558,36.03126],[-114.75683,36.03172],[-114.76027,36.03086],[-114.76078,36.03008],[-114.76054,36.02897],[-114.75615,36.02586],[-114.74894,36.02745],[-114.74701,36.02869],[-114.74585,36.0319],[-114.74197,36.03564],[-114.7407,36.0361],[-114.73726,36.03631],[-114.73486,36.03531],[-114.7328,36.03503],[-114.73005,36.03245],[-114.72834,36.03184],[-114.72414,36.02925],[-114.7244,36.02814],[-114.72937,36.02468],[-114.7292,36.02342],[-114.73021,36.02203],[-114.73245,36.0212],[-114.73233,36.02064],[-114.73747,36.01703],[-114.73623,36.01588],[-114.73074,36.01931],[-114.72971,36.01973],[-114.72885,36.01925],[-114.72876,36.0212],[-114.72765,36.02151],[-114.72482,36.02481],[-114.72353,36.02509],[-114.72287,36.0262],[-114.7206,36.02814],[-114.71972,36.03258],[-114.72354,36.03508],[-114.72113,36.03727],[-114.71878,36.0373],[-114.72147,36.03838],[-114.72605,36.03675],[-114.72628,36.03702],[-114.72456,36.038],[-114.72353,36.03949],[-114.72265,36.0398],[-114.72353,36.03993],[-114.7249,36.03918],[-114.72799,36.03869],[-114.72615,36.04008],[-114.7276,36.04091],[-114.72829,36.04202],[-114.72891,36.04202],[-114.7311,36.0448],[-114.73305,36.04591],[-114.73166,36.04702],[-114.72971,36.04697],[-114.73005,36.04784],[-114.7309,36.04841],[-114.73001,36.04896],[-114.73211,36.04882],[-114.73468,36.05007],[-114.7335,36.05035],[-114.73143,36.05196],[-114.73191,36.05257],[-114.73138,36.05285],[-114.73151,36.0534],[-114.73058,36.05368],[-114.73246,36.05411],[-114.73325,36.0559],[-114.73289,36.05812],[-114.73169,36.05895],[-114.73132,36.06062],[-114.73192,36.06145],[-114.73223,36.06423],[-114.73143,36.06402],[-114.72895,36.06173],[-114.72849,36.06201],[-114.72936,36.06506],[-114.73137,36.06589],[-114.7309,36.06645],[-114.73126,36.06811],[-114.73013,36.06922],[-114.73107,36.06978],[-114.73143,36.071],[-114.7328,36.07147],[-114.73349,36.07116],[-114.73378,36.07172],[-114.73242,36.07255],[-114.73334,36.07366],[-114.73108,36.07401],[-114.73064,36.07449],[-114.73162,36.07477],[-114.73252,36.07616],[-114.73149,36.07755],[-114.73336,36.07893],[-114.73314,36.07941],[-114.73246,36.07934],[-114.73108,36.07781],[-114.73126,36.07893],[-114.73024,36.08032],[-114.73108,36.08072],[-114.73349,36.08383],[-114.73277,36.08504],[-114.73143,36.08519],[-114.73179,36.08642],[-114.73074,36.08755],[-114.72937,36.0882],[-114.72799,36.08816],[-114.72593,36.08974],[-114.72456,36.08977],[-114.72216,36.08891],[-114.72182,36.08948],[-114.72255,36.09086],[-114.72228,36.09142],[-114.72044,36.09158],[-114.71838,36.09307],[-114.71701,36.09325],[-114.71563,36.09418],[-114.71456,36.09419],[-114.71186,36.09587],[-114.71117,36.0972],[-114.7103,36.09669],[-114.7098,36.09717],[-114.70945,36.09697],[-114.70911,36.09767],[-114.70739,36.09663],[-114.70671,36.09762],[-114.70499,36.09726],[-114.70396,36.09946],[-114.7019,36.09933],[-114.70053,36.09986],[-114.70025,36.10085],[-114.69899,36.10057],[-114.6995,36.10241],[-114.69881,36.10242],[-114.69744,36.10059],[-114.69744,36.102],[-114.69641,36.10192],[-114.69572,36.1012],[-114.69503,36.10196],[-114.69503,36.10341],[-114.694,36.10252],[-114.69332,36.1034],[-114.69229,36.10165],[-114.6916,36.10348],[-114.69057,36.10343],[-114.68988,36.10293],[-114.68885,36.10345],[-114.68817,36.10087],[-114.68748,36.10051],[-114.68465,36.10279],[-114.68486,36.1039],[-114.6837,36.1052],[-114.68233,36.10482],[-114.68164,36.10343],[-114.6813,36.10428],[-114.67991,36.10307],[-114.67976,36.10446],[-114.68051,36.10612],[-114.67866,36.10584],[-114.67924,36.10801],[-114.68039,36.10862],[-114.67924,36.10882],[-114.67848,36.10834],[-114.67826,36.10917],[-114.6786,36.10945],[-114.67787,36.11052],[-114.67684,36.11082],[-114.67649,36.11179],[-114.67581,36.11223],[-114.67546,36.11205],[-114.67542,36.11167],[-114.67639,36.11111],[-114.67581,36.10956],[-114.67543,36.11056],[-114.67443,36.11092],[-114.6734,36.11052],[-114.67272,36.11175],[-114.66997,36.1121],[-114.66928,36.11312],[-114.66839,36.11306],[-114.66757,36.1142],[-114.66585,36.11516],[-114.66413,36.11562],[-114.66345,36.11624],[-114.66108,36.11666],[-114.66147,36.11832],[-114.66036,36.11889],[-114.65967,36.12055],[-114.65864,36.11912],[-114.65796,36.1194],[-114.65727,36.11858],[-114.65658,36.11922],[-114.65452,36.11731],[-114.65467,36.11971],[-114.65537,36.12138],[-114.65608,36.12193],[-114.65452,36.12148],[-114.65452,36.12297],[-114.65345,36.12248],[-114.65395,36.12359],[-114.65352,36.12415],[-114.65384,36.12445],[-114.6559,36.12429],[-114.6563,36.12498],[-114.65418,36.12576],[-114.65365,36.12664],[-114.65281,36.12701],[-114.65143,36.1259],[-114.65075,36.12608],[-114.65075,36.12805],[-114.64972,36.12833],[-114.64834,36.12948],[-114.64731,36.12935],[-114.64562,36.1308],[-114.6456,36.13133],[-114.64491,36.13134],[-114.64457,36.1319],[-114.64354,36.13219],[-114.64243,36.13191],[-114.64148,36.1328],[-114.63942,36.13249],[-114.63971,36.13385],[-114.63667,36.13201],[-114.63736,36.13431],[-114.63564,36.13488],[-114.6353,36.13545],[-114.63455,36.13524],[-114.6339,36.1369],[-114.63334,36.13746],[-114.63273,36.13746],[-114.63288,36.13829],[-114.63152,36.13998],[-114.6298,36.13969],[-114.62946,36.1385],[-114.62843,36.13851],[-114.62712,36.13774],[-114.62587,36.1358],[-114.62533,36.13358],[-114.62397,36.13302],[-114.62362,36.13211],[-114.62111,36.13053],[-114.61985,36.12833],[-114.61916,36.12955],[-114.6171,36.12912],[-114.61676,36.12843],[-114.61538,36.1292],[-114.61161,36.12961],[-114.61092,36.12999],[-114.61076,36.12886],[-114.61143,36.12831],[-114.61126,36.12792],[-114.60989,36.12838],[-114.60986,36.12942],[-114.60852,36.13058],[-114.60749,36.13037],[-114.60268,36.13401],[-114.60234,36.13312],[-114.60165,36.13308],[-114.60096,36.13201],[-114.60064,36.13219],[-114.60102,36.13385],[-114.60016,36.13496],[-114.60074,36.13607],[-114.59959,36.13573],[-114.59863,36.13718],[-114.59753,36.13754],[-114.5975,36.13829],[-114.5965,36.13901],[-114.59578,36.14051],[-114.59375,36.14109],[-114.59341,36.14199],[-114.59267,36.14189],[-114.59299,36.14106],[-114.59066,36.1402],[-114.59091,36.14189],[-114.59059,36.14217],[-114.58929,36.14238],[-114.58654,36.14399],[-114.58483,36.14409],[-114.58242,36.14212],[-114.58317,36.14356],[-114.58139,36.14406],[-114.58036,36.14514],[-114.57968,36.1449],[-114.57968,36.14557],[-114.57845,36.14689],[-114.57656,36.14772],[-114.57627,36.14883],[-114.57212,36.15051],[-114.57109,36.15032],[-114.57006,36.15105],[-114.56182,36.15071],[-114.55908,36.15181],[-114.55667,36.15167],[-114.55633,36.15117],[-114.55496,36.15179],[-114.55354,36.15077],[-114.5505,36.14992],[-114.54981,36.14933],[-114.54912,36.14991],[-114.54809,36.14984],[-114.54775,36.14936],[-114.54569,36.14957],[-114.54535,36.14868],[-114.54432,36.14821],[-114.5444,36.14938],[-114.54397,36.14989],[-114.54123,36.15119],[-114.54054,36.15011],[-114.53951,36.15081],[-114.53892,36.14993],[-114.53605,36.14883],[-114.53459,36.14744],[-114.53299,36.14487],[-114.53127,36.14344],[-114.52899,36.14273],[-114.52852,36.14189],[-114.52681,36.14288],[-114.5244,36.14259],[-114.5217,36.14162],[-114.52092,36.14051],[-114.52051,36.13801],[-114.51937,36.13635],[-114.51788,36.13462],[-114.51578,36.13358],[-114.51571,36.13275],[-114.51725,36.13164],[-114.51616,36.13136],[-114.51513,36.13252],[-114.51479,36.13162],[-114.51376,36.13176],[-114.51179,36.1308],[-114.51125,36.12969],[-114.51005,36.12886],[-114.51009,36.12803],[-114.51066,36.12775],[-114.50986,36.1272],[-114.51018,36.12664],[-114.51136,36.12668],[-114.51491,36.12554],[-114.51445,36.12463],[-114.5137,36.12443],[-114.51393,36.12359],[-114.51532,36.12276],[-114.51516,36.12221],[-114.5139,36.12221],[-114.51376,36.12104],[-114.51204,36.12241],[-114.51053,36.12248],[-114.50998,36.12163],[-114.5093,36.12211],[-114.50733,36.12054],[-114.50758,36.11957],[-114.50449,36.1191],[-114.50346,36.11687],[-114.50243,36.11674],[-114.50209,36.11844],[-114.499,36.11949],[-114.49831,36.1175],[-114.49694,36.11874],[-114.49556,36.11679],[-114.49385,36.1175],[-114.49285,36.11666],[-114.49213,36.11492],[-114.49076,36.11478],[-114.4901,36.11666],[-114.48938,36.11726],[-114.48698,36.11666],[-114.48595,36.11717],[-114.48526,36.11625],[-114.48423,36.11619],[-114.48389,36.1155],[-114.48241,36.11472],[-114.48409,36.11666],[-114.48411,36.11888],[-114.48286,36.11952],[-114.48114,36.11948],[-114.48011,36.11859],[-114.48033,36.11999],[-114.47943,36.11997],[-114.47908,36.12059],[-114.47668,36.12032],[-114.47462,36.12111],[-114.47325,36.12067],[-114.47222,36.12152],[-114.47068,36.12165],[-114.46947,36.12259],[-114.4681,36.12265],[-114.46672,36.12167],[-114.46535,36.12359],[-114.46363,36.12371],[-114.46339,36.12526],[-114.4626,36.12598],[-114.45848,36.12748],[-114.45471,36.12703],[-114.45407,36.12581],[-114.45454,36.1247],[-114.45579,36.12387],[-114.45599,36.12248],[-114.457,36.12138],[-114.45706,36.11943],[-114.45444,36.11943],[-114.45471,36.11863],[-114.45607,36.11832],[-114.45612,36.11749],[-114.45547,36.11694],[-114.45574,36.11577],[-114.45436,36.11614],[-114.45402,36.11516],[-114.45243,36.11666],[-114.45148,36.11638],[-114.45204,36.11555],[-114.45144,36.11416],[-114.45223,36.11333],[-114.45108,36.11222],[-114.45141,36.11111],[-114.45051,36.10973],[-114.45031,36.10779],[-114.45077,36.10557],[-114.45024,36.10371],[-114.44855,36.10168],[-114.44883,36.09919],[-114.4475,36.09865],[-114.44681,36.09886],[-114.44614,36.10113],[-114.44544,36.10106],[-114.44505,36.10196],[-114.44693,36.10335],[-114.44727,36.10446],[-114.4457,36.10501],[-114.44672,36.10584],[-114.44601,36.1064],[-114.44692,36.10668],[-114.44626,36.10751],[-114.4469,36.11084],[-114.44414,36.11084],[-114.44365,36.11167],[-114.44425,36.11222],[-114.44387,36.1125],[-114.44407,36.1132],[-114.44495,36.11333],[-114.44433,36.11416],[-114.44528,36.115],[-114.44451,36.11527],[-114.44431,36.11583],[-114.44475,36.11699],[-114.44577,36.11722],[-114.44502,36.11805],[-114.44513,36.1186],[-114.44706,36.11999],[-114.44568,36.12027],[-114.44748,36.12165],[-114.44647,36.12262],[-114.4451,36.12106],[-114.44505,36.12221],[-114.44441,36.12281],[-114.44407,36.12159],[-114.44235,36.12174],[-114.44143,36.12138],[-114.44139,36.12082],[-114.44304,36.12006],[-114.44269,36.11982],[-114.43664,36.12054],[-114.43629,36.12082],[-114.43677,36.12165],[-114.43645,36.12193],[-114.4351,36.12193],[-114.43558,36.1211],[-114.4348,36.12105],[-114.4339,36.12165],[-114.43445,36.12241],[-114.43299,36.12248],[-114.43473,36.1247],[-114.43411,36.12551],[-114.43361,36.12526],[-114.43388,36.1247],[-114.43342,36.12467],[-114.43308,36.12572],[-114.43239,36.12603],[-114.4321,36.12554],[-114.43269,36.12498],[-114.43236,36.12387],[-114.43102,36.12294],[-114.43037,36.12054],[-114.4283,36.11832],[-114.42896,36.11777],[-114.42896,36.11663],[-114.42894,36.11777],[-114.42827,36.11804],[-114.42827,36.11848],[-114.42921,36.11943],[-114.42938,36.1211],[-114.42721,36.12221],[-114.42762,36.12276],[-114.42604,36.12443],[-114.42656,36.12491],[-114.42777,36.12498],[-114.42759,36.12569],[-114.42875,36.12664],[-114.42722,36.1272],[-114.42832,36.12859],[-114.42759,36.12961],[-114.42699,36.12831],[-114.42587,36.12741],[-114.42553,36.12806],[-114.42484,36.12773],[-114.42312,36.12785],[-114.42406,36.12692],[-114.4242,36.12609],[-114.42244,36.12554],[-114.42141,36.12614],[-114.42026,36.12581],[-114.42019,36.12859],[-114.41935,36.12896],[-114.41797,36.12867],[-114.41694,36.12982],[-114.41564,36.12942],[-114.41523,36.12844],[-114.4142,36.12771],[-114.41441,36.12886],[-114.41348,36.12969],[-114.4149,36.1308],[-114.41467,36.13136],[-114.41626,36.13123],[-114.41724,36.13247],[-114.41729,36.13358],[-114.41646,36.13469],[-114.41626,36.13612],[-114.41523,36.13659],[-114.41351,36.13594],[-114.41402,36.13746],[-114.41317,36.13793],[-114.41214,36.13775],[-114.40905,36.13445],[-114.40802,36.13581],[-114.40948,36.13663],[-114.41005,36.13829],[-114.41106,36.13885],[-114.41091,36.1394],[-114.40596,36.14182],[-114.40531,36.14273],[-114.4036,36.14356],[-114.40266,36.14356],[-114.40184,36.14209],[-114.40046,36.14334],[-114.39806,36.14337],[-114.39658,36.14273],[-114.39741,36.14162],[-114.3967,36.14051],[-114.39757,36.13912],[-114.3999,36.13857],[-114.39806,36.13626],[-114.39669,36.138],[-114.39531,36.13554],[-114.39441,36.1369],[-114.39537,36.13801],[-114.39535,36.13912],[-114.39394,36.13879],[-114.39121,36.13995],[-114.38982,36.1417],[-114.3875,36.14134],[-114.38851,36.14106],[-114.3885,36.14051],[-114.38741,36.14023],[-114.38658,36.13885],[-114.38506,36.13801],[-114.38966,36.1369],[-114.39003,36.13635],[-114.38982,36.13523],[-114.38879,36.13648],[-114.38673,36.13633],[-114.38398,36.13685],[-114.38192,36.13811],[-114.38158,36.13909],[-114.38055,36.13887],[-114.38005,36.13829],[-114.38081,36.1369],[-114.38055,36.13625],[-114.3801,36.13635],[-114.37999,36.13718],[-114.37883,36.13789],[-114.37746,36.13771],[-114.37609,36.13849],[-114.37543,36.13718],[-114.373,36.13707],[-114.37245,36.13552],[-114.3716,36.13635],[-114.37213,36.1369],[-114.37162,36.13745],[-114.37025,36.13661],[-114.36922,36.13656],[-114.36791,36.13524],[-114.36956,36.13265],[-114.36853,36.13239],[-114.36716,36.13392],[-114.36609,36.13191],[-114.36665,36.1308],[-114.36579,36.13005],[-114.36281,36.12914],[-114.36211,36.12748],[-114.36295,36.12664],[-114.36132,36.12579],[-114.36112,36.1247],[-114.36064,36.1245],[-114.35995,36.12499],[-114.35858,36.12449],[-114.3572,36.1235],[-114.35652,36.12191],[-114.35328,36.12082],[-114.3547,36.12054],[-114.35531,36.11999],[-114.35548,36.1186],[-114.35773,36.11666],[-114.35617,36.11554],[-114.35583,36.11587],[-114.35626,36.11666],[-114.35598,36.11749],[-114.35446,36.11843],[-114.34999,36.11659],[-114.34862,36.11801],[-114.34725,36.1178],[-114.34598,36.11611],[-114.34599,36.11472],[-114.34484,36.1144],[-114.34244,36.1113],[-114.33816,36.10779],[-114.33683,36.1064],[-114.33744,36.10612],[-114.33695,36.10539],[-114.33626,36.1057],[-114.3342,36.10451],[-114.33146,36.10421],[-114.33146,36.10326],[-114.33043,36.10356],[-114.32927,36.10085],[-114.32999,36.09891],[-114.32974,36.09786],[-114.32905,36.09944],[-114.32785,36.1003],[-114.32734,36.10142],[-114.32592,36.1003],[-114.32496,36.09835],[-114.32539,36.0978],[-114.32162,36.09392],[-114.32184,36.09348],[-114.32313,36.09364],[-114.32253,36.09336],[-114.32213,36.09225],[-114.32243,36.09114],[-114.32079,36.09253],[-114.32114,36.09114],[-114.32047,36.0908],[-114.32016,36.09142],[-114.31966,36.09142],[-114.31767,36.08948],[-114.31738,36.0882],[-114.31635,36.08799],[-114.31498,36.08588],[-114.3136,36.08504],[-114.31309,36.08421],[-114.31345,36.08365],[-114.31034,36.08226],[-114.31039,36.08171],[-114.30966,36.08143],[-114.30903,36.08004],[-114.30898,36.07838],[-114.31051,36.07845],[-114.31292,36.07958],[-114.3136,36.07928],[-114.31498,36.07946],[-114.31548,36.07866],[-114.31532,36.07738],[-114.3136,36.07774],[-114.31187,36.07644],[-114.31282,36.07588],[-114.31292,36.07528],[-114.31463,36.07485],[-114.31571,36.07505],[-114.31532,36.07453],[-114.31341,36.07422],[-114.31395,36.07382],[-114.31532,36.0739],[-114.31605,36.07338],[-114.31492,36.07311],[-114.31408,36.07227],[-114.31419,36.07172],[-114.31704,36.07151],[-114.32219,36.07259],[-114.32253,36.07342],[-114.32427,36.07311],[-114.32356,36.07303],[-114.3229,36.07227],[-114.32425,36.07056],[-114.32528,36.07015],[-114.32596,36.07011],[-114.32623,36.07033],[-114.32668,36.07033],[-114.32528,36.06985],[-114.3239,36.06997],[-114.32184,36.07162],[-114.3159,36.06922],[-114.31738,36.06964],[-114.31944,36.06923],[-114.31939,36.06867],[-114.32013,36.06841],[-114.32219,36.06857],[-114.32455,36.06756],[-114.32287,36.06798],[-114.32013,36.06709],[-114.31729,36.06783],[-114.31905,36.067],[-114.31797,36.06645],[-114.31846,36.06589],[-114.3177,36.06561],[-114.31807,36.06486],[-114.31978,36.06479],[-114.32081,36.06354],[-114.3229,36.06312],[-114.31978,36.06281],[-114.31842,36.06228],[-114.31979,36.06173],[-114.31915,36.0609],[-114.31951,36.06034],[-114.31915,36.06006],[-114.32003,36.05895],[-114.31944,36.05873],[-114.31772,36.05969],[-114.31703,36.05867],[-114.3191,36.05737],[-114.31934,36.05673],[-114.32013,36.05679],[-114.32219,36.05595],[-114.32164,36.05534],[-114.32615,36.05312],[-114.32677,36.05257],[-114.32665,36.0517],[-114.32596,36.05154],[-114.32322,36.05221],[-114.31944,36.05435],[-114.31923,36.05368],[-114.32048,36.05229],[-114.31944,36.0527],[-114.3191,36.05199],[-114.31881,36.05285],[-114.31841,36.05273],[-114.31834,36.05368],[-114.31704,36.05411],[-114.31635,36.05498],[-114.31601,36.05416],[-114.31429,36.05512],[-114.314,36.05423],[-114.31257,36.05323],[-114.31257,36.05511],[-114.3106,36.05451],[-114.31139,36.0534],[-114.31137,36.05285],[-114.31086,36.05264],[-114.30914,36.05426],[-114.30831,36.05368],[-114.30811,36.05263],[-114.30742,36.0523],[-114.30708,36.05348],[-114.30605,36.05353],[-114.30502,36.05202],[-114.30468,36.05285],[-114.30399,36.05261],[-114.30304,36.05312],[-114.30267,36.05146],[-114.30468,36.04819],[-114.30433,36.0478],[-114.30227,36.04906],[-114.30159,36.05026],[-114.3014,36.04979],[-114.29953,36.04896],[-114.2985,36.05097],[-114.29587,36.04952],[-114.2967,36.04785],[-114.29644,36.04747],[-114.29472,36.04899],[-114.293,36.04783],[-114.29266,36.04859],[-114.29031,36.04813],[-114.29019,36.04702],[-114.29101,36.04563],[-114.29038,36.04507],[-114.29061,36.04452],[-114.28957,36.04416],[-114.28995,36.04535],[-114.28785,36.04743],[-114.28724,36.04702],[-114.28717,36.04559],[-114.28614,36.04648],[-114.28511,36.0467],[-114.28339,36.04638],[-114.28305,36.04582],[-114.28099,36.04576],[-114.28099,36.04498],[-114.27837,36.04507],[-114.2774,36.04313],[-114.27618,36.0429],[-114.27568,36.0423],[-114.27583,36.04174],[-114.27691,36.04119],[-114.27725,36.0398],[-114.27611,36.0398],[-114.27558,36.03897],[-114.27652,36.03779],[-114.27778,36.0373],[-114.27652,36.03696],[-114.27671,36.03591],[-114.27864,36.03508],[-114.27761,36.0348],[-114.27755,36.03409],[-114.27446,36.0362],[-114.27402,36.03619],[-114.27378,36.03531],[-114.27275,36.03536],[-114.27324,36.0348],[-114.2731,36.03203],[-114.27172,36.03242],[-114.27092,36.03147],[-114.27102,36.03036],[-114.27179,36.0298],[-114.27107,36.02925],[-114.27178,36.02786],[-114.27034,36.02849],[-114.26966,36.02786],[-114.27008,36.0262],[-114.27154,36.02508],[-114.27253,36.02342],[-114.27069,36.02498],[-114.26931,36.02541],[-114.26863,36.02688],[-114.26794,36.02691],[-114.26716,36.02592],[-114.2652,36.02536],[-114.26554,36.02481],[-114.26519,36.0245],[-114.26416,36.02501],[-114.26245,36.02358],[-114.26107,36.02329],[-114.26074,36.02259],[-114.26107,36.0218],[-114.26004,36.02181],[-114.25936,36.02228],[-114.25915,36.02147],[-114.25833,36.02157],[-114.2573,36.0207],[-114.25661,36.02064],[-114.25627,36.01891],[-114.25524,36.01999],[-114.25318,36.01897],[-114.25287,36.0187],[-114.2533,36.01759],[-114.25249,36.01661],[-114.25235,36.01759],[-114.25146,36.01801],[-114.2503,36.01731],[-114.24969,36.01675],[-114.24974,36.01411],[-114.24871,36.0156],[-114.24803,36.01572],[-114.24562,36.01402],[-114.24494,36.01423],[-114.24459,36.01345],[-114.24391,36.01383],[-114.24265,36.01314],[-114.24191,36.01092],[-114.24137,36.01092]]}},{"type":"Feature","properties":{"elevation":895,"label":"895 ft \u00b7 Dead pool"},"geometry":{"type":"LineString","coordinates":[[-114.66516,36.11774],[-114.6671,36.11777],[-114.66561,36.12276],[-114.66465,36.12443],[-114.66441,36.1272],[-114.66379,36.1276],[-114.66276,36.12739],[-114.66173,36.12787],[-114.66002,36.12784],[-114.65952,36.12664],[-114.66076,36.12609],[-114.66186,36.12304],[-114.66243,36.12276],[-114.66292,36.12027],[-114.66413,36.11954],[-114.66516,36.11774]]}},{"type":"Feature","properties":{"elevation":895,"label":"895 ft \u00b7 Dead pool"},"geometry":{"type":"LineString","coordinates":[[-114.45436,36.12076],[-114.455,36.12082],[-114.45497,36.12138],[-114.45333,36.12234],[-114.45237,36.12221],[-114.45436,36.12076]]}},{"type":"Feature","properties":{"elevation":895,"label":"895 ft \u00b7 Dead pool"},"geometry":{"type":"LineString","coordinates":[[-114.77022,36.07615],[-114.77125,36.07689],[-114.77262,36.07684],[-114.77297,36.07727],[-114.77282,36.07893],[-114.77166,36.07977],[-114.7716,36.08045],[-114.77022,36.08001],[-114.76883,36.07893],[-114.76954,36.0777],[-114.76992,36.07782],[-114.77022,36.07615]]}},{"type":"Feature","properties":{"elevation":895,"label":"895 ft \u00b7 Dead pool"},"geometry":{"type":"LineString","coordinates":[[-114.74825,36.04921],[-114.75064,36.05423],[-114.75076,36.05618],[-114.74832,36.06006],[-114.7489,36.06173],[-114.74791,36.06396],[-114.74653,36.06386],[-114.74482,36.06286],[-114.7443,36.06201],[-114.74441,36.0609],[-114.74276,36.06018],[-114.742,36.05895],[-114.74181,36.05673],[-114.7409,36.05618],[-114.74187,36.05562],[-114.74183,36.05479],[-114.74241,36.05473],[-114.74278,36.05368],[-114.7441,36.05257],[-114.74356,36.05174],[-114.74429,36.05118],[-114.74344,36.0509],[-114.74379,36.05051],[-114.7455,36.05108],[-114.74577,36.04979],[-114.74825,36.04921]]}},{"type":"Feature","properties":{"elevation":895,"label":"895 ft \u00b7 Dead pool"},"geometry":{"type":"LineString","coordinates":[[-114.1361,36.04585],[-114.13709,36.04618],[-114.13645,36.04775],[-114.1356,36.04702],[-114.1361,36.04585]]}}]}