{"type":"FeatureCollection","features":[{"type":"Feature","properties":{"layer":"waterway","id":"r1","kind":"river","name":"Colorado River: Hoover Dam to Parker Dam","gap":false,"schematic":false},"geometry":{"type":"LineString","coordinates":[[-114.73849,36.01526],[-114.74018,36.01399],[-114.742,36.01156],[-114.74282,36.00983],[-114.74316,36.00834],[-114.74325,36.00721],[-114.74314,36.00608],[-114.73962,35.99301],[-114.73952,35.99183],[-114.73971,35.99105],[-114.74012,35.99032],[-114.74258,35.98811],[-114.74301,35.98733],[-114.74353,35.98568],[-114.74355,35.98396],[-114.74185,35.9787],[-114.74016,35.97523],[-114.73677,35.97021],[-114.73533,35.96859],[-114.73246,35.96585],[-114.73138,35.9645],[-114.73048,35.96305],[-114.72975,35.96156],[-114.72924,35.96001],[-114.72812,35.95562],[-114.7281,35.9543],[-114.73074,35.94577],[-114.73083,35.94449],[-114.73053,35.94322],[-114.72984,35.94205],[-114.72885,35.94105],[-114.71829,35.93594],[-114.71572,35.9345],[-114.70872,35.92937],[-114.70799,35.92866],[-114.70748,35.92782],[-114.70718,35.92647],[-114.70834,35.91347],[-114.70808,35.91175],[-114.70733,35.91013],[-114.70267,35.90558],[-114.70139,35.90412],[-114.70029,35.90257],[-114.69939,35.90094],[-114.69838,35.89953],[-114.69718,35.89825],[-114.69579,35.89708],[-114.68225,35.88794]]}},{"type":"Feature","properties":{"layer":"waterway","id":"r1","kind":"river","name":"Colorado River: Hoover Dam to Parker Dam","gap":true,"schematic":false},"geometry":{"type":"LineString","coordinates":[[-114.68225,35.88794],[-114.67952,35.88609]]}},{"type":"Feature","properties":{"layer":"waterway","id":"r1","kind":"river","name":"Colorado River: Hoover Dam to Parker Dam","gap":false,"schematic":false},"geometry":{"type":"LineString","coordinates":[[-114.67952,35.88609],[-114.67813,35.88493],[-114.67688,35.88366],[-114.67261,35.87841],[-114.67096,35.87692],[-114.66894,35.87578],[-114.66688,35.87504],[-114.66433,35.87438],[-114.66358,35.87405],[-114.66295,35.87358],[-114.66233,35.87267],[-114.66214,35.87201],[-114.66214,35.87132],[-114.66235,35.87064],[-114.66276,35.87003],[-114.66334,35.86953],[-114.66585,35.86803],[-114.67036,35.86561],[-114.67201,35.8649],[-114.67377,35.86431],[-114.67557,35.86387],[-114.68008,35.86325],[-114.6827,35.86267],[-114.68521,35.86187],[-114.68941,35.86012],[-114.69072,35.8592],[-114.69126,35.85864],[-114.69207,35.8574],[-114.69246,35.85629],[-114.69291,35.85544],[-114.69398,35.8544],[-114.69493,35.85389],[-114.69598,35.8536],[-114.69712,35.85349],[-114.69823,35.85363],[-114.69956,35.8536],[-114.70302,35.85264],[-114.70473,35.85142],[-114.70553,35.85036],[-114.706,35.84918],[-114.70611,35.84794],[-114.70587,35.84673],[-114.70561,35.84615],[-114.69632,35.83399],[-114.69574,35.83291],[-114.69551,35.83173],[-114.69559,35.8305],[-114.69585,35.82926],[-114.6963,35.82806],[-114.69692,35.82693],[-114.70057,35.8222],[-114.70139,35.82086],[-114.70199,35.81947],[-114.70242,35.81802],[-114.70299,35.81539],[-114.70349,35.81439],[-114.70473,35.81308],[-114.70739,35.81165],[-114.7089,35.81054],[-114.71106,35.8081],[-114.71145,35.80675],[-114.71136,35.80551],[-114.71119,35.80492],[-114.71057,35.80377],[-114.70482,35.79818],[-114.70001,35.79185],[-114.69935,35.79058],[-114.6989,35.78927],[-114.69864,35.78791],[-114.69857,35.78654],[-114.69872,35.78518],[-114.70083,35.77611],[-114.70106,35.77378],[-114.701,35.77143],[-114.70063,35.7691],[-114.69995,35.76683],[-114.69898,35.76462]]}},{"type":"Feature","properties":{"layer":"waterway","id":"r1","kind":"river","name":"Colorado River: Hoover Dam to Parker Dam","gap":true,"schematic":false},"geometry":{"type":"LineString","coordinates":[[-114.69898,35.76462],[-114.69864,35.76406]]}},{"type":"Feature","properties":{"layer":"waterway","id":"r1","kind":"river","name":"Colorado River: Hoover Dam to Parker Dam","gap":false,"schematic":false},"geometry":{"type":"LineString","coordinates":[[-114.69864,35.76406],[-114.69544,35.75881],[-114.6951,35.75764],[-114.6951,35.75642],[-114.69523,35.75583],[-114.69613,35.75377],[-114.69664,35.75207],[-114.6969,35.74994],[-114.69688,35.7478],[-114.69658,35.74568],[-114.69677,35.7378],[-114.69812,35.73035],[-114.70263,35.7189],[-114.70327,35.71606],[-114.70353,35.71317],[-114.70338,35.71028],[-114.70282,35.70742],[-114.7019,35.70463],[-114.69838,35.70066],[-114.69428,35.69709],[-114.68969,35.69394],[-114.68482,35.6911],[-114.68358,35.68996],[-114.68267,35.68859],[-114.68199,35.68714],[-114.68149,35.68564],[-114.68119,35.68409],[-114.68113,35.68254],[-114.68126,35.68099],[-114.68162,35.67945],[-114.68218,35.67797],[-114.68555,35.67074],[-114.68755,35.66478],[-114.68894,35.65869],[-114.68958,35.65376],[-114.68956,35.65287],[-114.6892,35.65112],[-114.68834,35.6495],[-114.68707,35.64807],[-114.68628,35.64745],[-114.68201,35.64476],[-114.67896,35.64232],[-114.67628,35.63958],[-114.67401,35.63662],[-114.67049,35.63037],[-114.66838,35.62748],[-114.66592,35.62477],[-114.66311,35.62228],[-114.66002,35.62005],[-114.65806,35.61811],[-114.65641,35.61602],[-114.65508,35.61377],[-114.65407,35.61141],[-114.65343,35.60897],[-114.65315,35.60649],[-114.65323,35.604],[-114.65369,35.60152],[-114.65448,35.59911],[-114.65697,35.59424],[-114.65866,35.59182],[-114.66068,35.58959],[-114.663,35.58753],[-114.66557,35.58571],[-114.66841,35.58414],[-114.67265,35.58234],[-114.67368,35.58163],[-114.6745,35.58072],[-114.67478,35.58021],[-114.67501,35.57969],[-114.67521,35.57859],[-114.67491,35.57695],[-114.67431,35.57594],[-114.67343,35.57508],[-114.66793,35.57128],[-114.66662,35.57014],[-114.66549,35.56889],[-114.66454,35.56754],[-114.66377,35.56611],[-114.66319,35.56463],[-114.66283,35.56311],[-114.66268,35.56156],[-114.66353,35.5346],[-114.6645,35.53142],[-114.66583,35.52835],[-114.66753,35.52538],[-114.66956,35.52257],[-114.67195,35.51993],[-114.67416,35.51714],[-114.67598,35.51417],[-114.67742,35.51106],[-114.67843,35.50785],[-114.67898,35.50456],[-114.67911,35.50123],[-114.67881,35.49792],[-114.67401,35.48458],[-114.66628,35.46431],[-114.66358,35.45955]]}},{"type":"Feature","properties":{"layer":"waterway","id":"r1","kind":"river","name":"Colorado River: Hoover Dam to Parker Dam","gap":true,"schematic":false},"geometry":{"type":"LineString","coordinates":[[-114.66358,35.45955],[-114.66484,35.46179]]}},{"type":"Feature","properties":{"layer":"waterway","id":"r1","kind":"river","name":"Colorado River: Hoover Dam to Parker Dam","gap":false,"schematic":false},"geometry":{"type":"LineString","coordinates":[[-114.66484,35.46179],[-114.62306,35.38793]]}},{"type":"Feature","properties":{"layer":"waterway","id":"r1","kind":"river","name":"Colorado River: Hoover Dam to Parker Dam","gap":true,"schematic":false},"geometry":{"type":"LineString","coordinates":[[-114.62306,35.38793],[-114.62433,35.39017]]}},{"type":"Feature","properties":{"layer":"waterway","id":"r1","kind":"river","name":"Colorado River: Hoover Dam to Parker Dam","gap":false,"schematic":false},"geometry":{"type":"LineString","coordinates":[[-114.62433,35.39017],[-114.60989,35.36463],[-114.60002,35.34194],[-114.59774,35.33517],[-114.59641,35.32826],[-114.59605,35.32125],[-114.59646,35.31625]]}},{"type":"Feature","properties":{"layer":"waterway","id":"r1","kind":"river","name":"Colorado River: Hoover Dam to Parker Dam","gap":true,"schematic":false},"geometry":{"type":"LineString","coordinates":[[-114.59646,35.31625],[-114.59661,35.31425]]}},{"type":"Feature","properties":{"layer":"waterway","id":"r1","kind":"river","name":"Colorado River: Hoover Dam to Parker Dam","gap":false,"schematic":false},"geometry":{"type":"LineString","coordinates":[[-114.59661,35.31425],[-114.59676,35.29875],[-114.59594,35.29213],[-114.59438,35.28562],[-114.59204,35.27926],[-114.58742,35.26442],[-114.58483,35.24926],[-114.58418,35.2445]]}},{"type":"Feature","properties":{"layer":"waterway","id":"r1","kind":"river","name":"Colorado River: Hoover Dam to Parker Dam","gap":true,"schematic":false},"geometry":{"type":"LineString","coordinates":[[-114.58418,35.2445],[-114.58448,35.24674]]}},{"type":"Feature","properties":{"layer":"waterway","id":"r1","kind":"river","name":"Colorado River: Hoover Dam to Parker Dam","gap":false,"schematic":false},"geometry":{"type":"LineString","coordinates":[[-114.58448,35.24674],[-114.58088,35.22024],[-114.58045,35.21211],[-114.58024,35.21118],[-114.57944,35.20941],[-114.57886,35.20858],[-114.57502,35.20483],[-114.57311,35.20215]]}},{"type":"Feature","properties":{"layer":"waterway","id":"r1","kind":"river","name":"Colorado River: Hoover Dam to Parker Dam","gap":true,"schematic":false},"geometry":{"type":"LineString","coordinates":[[-114.57311,35.20215],[-114.57118,35.19703]]}},{"type":"Feature","properties":{"layer":"waterway","id":"r1","kind":"river","name":"Colorado River: Hoover Dam to Parker Dam","gap":false,"schematic":false},"geometry":{"type":"LineString","coordinates":[[-114.57118,35.19703],[-114.57185,35.19666],[-114.572,35.19577],[-114.57165,35.19427],[-114.57152,35.19049],[-114.57019,35.18765],[-114.56974,35.18552],[-114.56989,35.1787],[-114.56976,35.17558],[-114.56933,35.17114],[-114.57036,35.15753],[-114.57084,35.15553],[-114.57324,35.14978],[-114.57367,35.14844],[-114.57391,35.14709],[-114.57397,35.14572],[-114.57382,35.14435],[-114.57322,35.14204],[-114.57309,35.14106],[-114.5732,35.13909],[-114.57384,35.13719],[-114.5756,35.13433],[-114.57689,35.13156],[-114.57798,35.13],[-114.57929,35.12854],[-114.58081,35.12724],[-114.58251,35.12609],[-114.58436,35.12512],[-114.58635,35.12433],[-114.58843,35.12373],[-114.59244,35.12305],[-114.60122,35.12205],[-114.60644,35.12159]]}},{"type":"Feature","properties":{"layer":"waterway","id":"r1","kind":"river","name":"Colorado River: Hoover Dam to Parker Dam","gap":true,"schematic":false},"geometry":{"type":"LineString","coordinates":[[-114.60644,35.12159],[-114.608,35.12152]]}},{"type":"Feature","properties":{"layer":"waterway","id":"r1","kind":"river","name":"Colorado River: Hoover Dam to Parker Dam","gap":false,"schematic":false},"geometry":{"type":"LineString","coordinates":[[-114.608,35.12152],[-114.61892,35.12112],[-114.62171,35.12077],[-114.62442,35.12017],[-114.62706,35.11933],[-114.62955,35.11826],[-114.63186,35.11696],[-114.63401,35.11547],[-114.64143,35.1075],[-114.64399,35.10585],[-114.64499,35.10499],[-114.6454,35.1045],[-114.64598,35.10341],[-114.64633,35.10167],[-114.64628,35.10109],[-114.64594,35.09997],[-114.6453,35.09893],[-114.64487,35.09848],[-114.6403,35.09575],[-114.63538,35.09345],[-114.62225,35.08826],[-114.61789,35.08605],[-114.61384,35.08348],[-114.608,35.07881]]}},{"type":"Feature","properties":{"layer":"waterway","id":"r1","kind":"river","name":"Colorado River: Hoover Dam to Parker Dam","gap":true,"schematic":false},"geometry":{"type":"LineString","coordinates":[[-114.608,35.07881],[-114.60665,35.07772]]}},{"type":"Feature","properties":{"layer":"waterway","id":"r1","kind":"river","name":"Colorado River: Hoover Dam to Parker Dam","gap":false,"schematic":false},"geometry":{"type":"LineString","coordinates":[[-114.60665,35.07772],[-114.60538,35.07614],[-114.60435,35.07444],[-114.60356,35.07266],[-114.60304,35.07082],[-114.60281,35.06894],[-114.60285,35.06704],[-114.60315,35.06517],[-114.60373,35.06334],[-114.60457,35.06158],[-114.60566,35.05991],[-114.60699,35.05835],[-114.60852,35.05695],[-114.60991,35.05594]]}},{"type":"Feature","properties":{"layer":"waterway","id":"r1","kind":"river","name":"Colorado River: Hoover Dam to Parker Dam","gap":true,"schematic":false},"geometry":{"type":"LineString","coordinates":[[-114.60991,35.05594],[-114.61075,35.05543]]}},{"type":"Feature","properties":{"layer":"waterway","id":"r1","kind":"river","name":"Colorado River: Hoover Dam to Parker Dam","gap":false,"schematic":false},"geometry":{"type":"LineString","coordinates":[[-114.61075,35.05543],[-114.61013,35.05579],[-114.61598,35.05261],[-114.61961,35.05034],[-114.62296,35.04783],[-114.62678,35.04468],[-114.6301,35.04119],[-114.63291,35.03739],[-114.63515,35.03335],[-114.63678,35.02912],[-114.63778,35.02476],[-114.63815,35.02033],[-114.63789,35.0159],[-114.63725,35.01232],[-114.63624,35.00879],[-114.63487,35.00536],[-114.63143,34.99907],[-114.63064,34.9974],[-114.63006,34.99573],[-114.62927,34.99226],[-114.62886,34.98877],[-114.62886,34.98708],[-114.62905,34.98539],[-114.62952,34.98194],[-114.62989,34.98043],[-114.63047,34.9785],[-114.63188,34.97526],[-114.63341,34.97252],[-114.63399,34.97104],[-114.63442,34.9696],[-114.63495,34.96672],[-114.63512,34.9651],[-114.63517,34.96359],[-114.63493,34.96055],[-114.63467,34.95907],[-114.6339,34.95601],[-114.6313,34.95036],[-114.63021,34.94728],[-114.62959,34.94415],[-114.62942,34.94094],[-114.62982,34.93784],[-114.63023,34.93617],[-114.63171,34.932],[-114.6324,34.92952],[-114.63319,34.92526],[-114.63309,34.92208],[-114.63264,34.91993],[-114.63088,34.9149],[-114.63045,34.91245],[-114.63034,34.90992],[-114.63088,34.90629],[-114.63161,34.9039],[-114.6345,34.89741],[-114.63557,34.89408],[-114.63635,34.89056],[-114.63663,34.88859],[-114.63669,34.8848]]}},{"type":"Feature","properties":{"layer":"waterway","id":"r1","kind":"river","name":"Colorado River: Hoover Dam to Parker Dam","gap":true,"schematic":false},"geometry":{"type":"LineString","coordinates":[[-114.63669,34.8848],[-114.63671,34.88424]]}},{"type":"Feature","properties":{"layer":"waterway","id":"r1","kind":"river","name":"Colorado River: Hoover Dam to Parker Dam","gap":false,"schematic":false},"geometry":{"type":"LineString","coordinates":[[-114.63671,34.88424],[-114.63579,34.87752],[-114.63472,34.87414],[-114.6324,34.86907],[-114.63167,34.86785],[-114.62997,34.8656],[-114.62547,34.86107],[-114.62118,34.85771],[-114.61957,34.85667],[-114.61783,34.85577],[-114.608,34.85134]]}},{"type":"Feature","properties":{"layer":"waterway","id":"r1","kind":"river","name":"Colorado River: Hoover Dam to Parker Dam","gap":true,"schematic":false},"geometry":{"type":"LineString","coordinates":[[-114.608,34.85134],[-114.61075,34.85259]]}},{"type":"Feature","properties":{"layer":"waterway","id":"r1","kind":"river","name":"Colorado River: Hoover Dam to Parker Dam","gap":false,"schematic":false},"geometry":{"type":"LineString","coordinates":[[-114.61075,34.85259],[-114.60461,34.84982],[-114.5989,34.84632],[-114.59365,34.84229],[-114.59163,34.84059],[-114.58757,34.83663],[-114.58687,34.8357],[-114.58431,34.83158],[-114.58375,34.83033],[-114.58215,34.82814],[-114.58088,34.82573],[-114.58013,34.82388],[-114.57912,34.82191],[-114.57736,34.81761],[-114.57639,34.81493],[-114.57485,34.80801],[-114.57459,34.80626],[-114.57457,34.80427],[-114.57311,34.80064],[-114.57193,34.79652],[-114.57131,34.79486],[-114.57028,34.79298],[-114.5691,34.79118],[-114.56736,34.78908],[-114.56541,34.7863],[-114.56513,34.78581],[-114.56481,34.78427],[-114.5644,34.7833],[-114.56352,34.78166],[-114.55996,34.77588],[-114.55706,34.77176],[-114.55296,34.76702],[-114.54554,34.76072],[-114.54268,34.75861],[-114.53661,34.75468],[-114.53468,34.75369],[-114.53311,34.7526],[-114.53026,34.75105],[-114.52865,34.74983],[-114.52539,34.74688],[-114.51947,34.73967],[-114.5179,34.7381],[-114.51524,34.73602],[-114.51217,34.73428],[-114.50157,34.73071],[-114.49284,34.72631],[-114.49179,34.72562],[-114.49039,34.72398],[-114.48754,34.71842],[-114.48647,34.71592],[-114.48574,34.71521],[-114.48303,34.71463],[-114.47782,34.71447],[-114.47415,34.71401],[-114.47278,34.71366],[-114.47149,34.71287],[-114.47104,34.71241],[-114.46936,34.70955],[-114.46846,34.70696],[-114.46795,34.70055],[-114.46685,34.69694],[-114.46544,34.69122],[-114.46269,34.68651],[-114.45909,34.68224],[-114.45733,34.67981],[-114.4557,34.67716],[-114.45512,34.67562],[-114.45488,34.67284],[-114.45449,34.67158],[-114.45406,34.67081],[-114.45346,34.67008],[-114.45136,34.66818],[-114.45065,34.66675],[-114.45067,34.66544],[-114.45125,34.66445],[-114.45188,34.66375],[-114.45411,34.66195],[-114.45743,34.65958],[-114.45791,34.65884],[-114.45823,34.65792],[-114.45803,34.6572],[-114.4569,34.65607],[-114.45237,34.65337],[-114.45029,34.6518],[-114.44758,34.64926],[-114.44692,34.64835],[-114.44439,34.6462],[-114.44269,34.64415],[-114.44192,34.64288],[-114.44117,34.64122],[-114.44067,34.63948],[-114.44048,34.63806],[-114.44046,34.63699],[-114.44078,34.63398],[-114.44147,34.63176],[-114.44158,34.63102],[-114.44151,34.63044],[-114.44082,34.62865],[-114.44018,34.6274],[-114.43827,34.62111],[-114.43765,34.61975],[-114.43698,34.61906],[-114.43462,34.61739],[-114.42967,34.61523],[-114.42731,34.61366],[-114.42606,34.61246],[-114.42501,34.61112],[-114.42435,34.60995],[-114.42374,34.60843],[-114.42325,34.60596],[-114.42323,34.60381],[-114.42349,34.60275],[-114.42432,34.60153],[-114.42529,34.60061],[-114.42647,34.59987],[-114.43542,34.59607],[-114.43604,34.5955],[-114.4364,34.59482],[-114.43651,34.59409],[-114.43636,34.59339],[-114.4348,34.59121],[-114.43211,34.58812],[-114.42224,34.5784],[-114.40312,34.56349],[-114.40222,34.56264],[-114.40147,34.56169],[-114.40085,34.56066],[-114.40042,34.55957],[-114.40014,34.55816],[-114.40014,34.55672],[-114.40001,34.55588],[-114.39825,34.55116],[-114.39733,34.54997],[-114.39576,34.54858],[-114.39471,34.54718],[-114.38688,34.53274],[-114.38514,34.53074],[-114.38272,34.52864],[-114.38197,34.5276],[-114.38152,34.52669],[-114.38117,34.52551],[-114.38109,34.52454],[-114.38158,34.51329]]}},{"type":"Feature","properties":{"layer":"waterway","id":"r1","kind":"river","name":"Colorado River: Hoover Dam to Parker Dam","gap":true,"schematic":false},"geometry":{"type":"LineString","coordinates":[[-114.38158,34.51329],[-114.13937,34.29673]]}},{"type":"Feature","properties":{"layer":"waterway","id":"r1","kind":"river","name":"Colorado River: Hoover Dam to Parker Dam","gap":false,"schematic":false},"geometry":{"type":"LineString","coordinates":[[-114.13937,34.29673],[-114.13944,34.29593]]}},{"type":"Feature","properties":{"layer":"waterway","id":"r2","kind":"river","name":"Colorado River: Parker Dam to Imperial Dam","gap":false,"schematic":false},"geometry":{"type":"LineString","coordinates":[[-114.13944,34.29593],[-114.13921,34.29422],[-114.13885,34.29305],[-114.1381,34.2888],[-114.13595,34.28163],[-114.13563,34.2802],[-114.13565,34.27979],[-114.13656,34.27811],[-114.13675,34.27717],[-114.13675,34.27553],[-114.13615,34.27263],[-114.13533,34.27043],[-114.13254,34.2653],[-114.13134,34.26358],[-114.13078,34.26193],[-114.13085,34.26135],[-114.13218,34.25874],[-114.1331,34.25821],[-114.1358,34.25764],[-114.13885,34.25849],[-114.14016,34.25867],[-114.14291,34.25947],[-114.14527,34.25963],[-114.14778,34.25933],[-114.15364,34.25778],[-114.16147,34.25954],[-114.16514,34.25952],[-114.16527,34.25942],[-114.16535,34.25894],[-114.16516,34.25826],[-114.16368,34.25546],[-114.16344,34.25388],[-114.16368,34.25253],[-114.16419,34.25172],[-114.16509,34.25083],[-114.16685,34.24948],[-114.17372,34.24769],[-114.17441,34.24741],[-114.1752,34.2467],[-114.17589,34.24571],[-114.17589,34.24329],[-114.17604,34.24221],[-114.17638,34.24138],[-114.17705,34.24063],[-114.17887,34.2392],[-114.18181,34.23724],[-114.18511,34.23481],[-114.18767,34.23269],[-114.19183,34.22974],[-114.19627,34.2258],[-114.19876,34.22334],[-114.20194,34.22076],[-114.20524,34.21785],[-114.2082,34.21503],[-114.21093,34.21203],[-114.21202,34.211],[-114.21359,34.2099],[-114.21679,34.20806],[-114.22354,34.20486],[-114.22498,34.20385],[-114.22543,34.20327],[-114.22586,34.20229],[-114.22595,34.20073],[-114.22593,34.19995],[-114.22481,34.19572],[-114.22503,34.19258],[-114.2255,34.19095],[-114.22653,34.18905],[-114.22863,34.18735],[-114.23095,34.18616],[-114.23183,34.18584],[-114.23335,34.18554],[-114.23728,34.18431],[-114.23983,34.18376],[-114.24116,34.18287],[-114.24335,34.18037],[-114.2444,34.17947],[-114.25058,34.17604],[-114.25114,34.17584],[-114.25292,34.17462],[-114.25556,34.17359],[-114.26058,34.17222],[-114.26389,34.17151],[-114.26663,34.17077],[-114.2712,34.16993],[-114.27483,34.16888],[-114.28491,34.16812],[-114.29008,34.16832],[-114.29302,34.16668],[-114.29564,34.16329],[-114.29867,34.15969],[-114.30476,34.15376],[-114.30611,34.15258],[-114.31107,34.14685],[-114.31216,34.145],[-114.32098,34.13884],[-114.32412,34.13806],[-114.3271,34.13758],[-114.33008,34.13676],[-114.33716,34.13522],[-114.34145,34.13475],[-114.34738,34.13486],[-114.35266,34.13305],[-114.35525,34.13158],[-114.35626,34.1306],[-114.35864,34.12719],[-114.3609,34.12507],[-114.36572,34.12351],[-114.37012,34.12182],[-114.37313,34.1209],[-114.37622,34.12056],[-114.38008,34.11916],[-114.38351,34.11738],[-114.39205,34.11344],[-114.39619,34.11271],[-114.40769,34.11173],[-114.40975,34.11134],[-114.41177,34.11053],[-114.41381,34.10953],[-114.41587,34.10811],[-114.41975,34.10502],[-114.42194,34.10223],[-114.42265,34.10084],[-114.42317,34.09915],[-114.42505,34.095],[-114.42814,34.09262],[-114.42864,34.09205],[-114.42992,34.09102],[-114.43301,34.08872],[-114.43396,34.08771],[-114.43434,34.08689],[-114.43424,34.08289],[-114.43477,34.08044],[-114.43525,34.07907],[-114.43574,34.07671],[-114.43728,34.07332],[-114.43774,34.07148],[-114.43964,34.05605],[-114.43964,34.05492],[-114.43943,34.05341],[-114.43877,34.05017],[-114.43664,34.0461],[-114.43555,34.04235],[-114.43503,34.03879],[-114.43492,34.0371],[-114.43503,34.0352],[-114.43531,34.03417],[-114.43561,34.03166],[-114.4361,34.02919],[-114.43617,34.02725],[-114.43786,34.02295],[-114.43855,34.02184],[-114.44055,34.01939],[-114.4416,34.01829],[-114.44265,34.01726],[-114.44494,34.01535],[-114.44842,34.01338],[-114.45048,34.01249],[-114.45291,34.01165],[-114.45477,34.01046],[-114.45769,34.00977],[-114.46078,34.01114],[-114.46269,34.01176],[-114.46428,34.01196],[-114.46499,34.01164],[-114.46593,34.01092],[-114.46668,34.00957],[-114.46741,34.00753],[-114.46842,34.00623],[-114.46889,34.0042],[-114.46818,34.00224],[-114.46501,34.00146],[-114.46127,34.00132],[-114.46046,34.00084],[-114.45939,34.00048],[-114.4584,33.99975],[-114.45799,33.99934],[-114.4578,33.99888],[-114.45767,33.99787],[-114.45829,33.99388],[-114.46048,33.99193],[-114.46342,33.99182],[-114.46584,33.99233],[-114.46848,33.99322],[-114.47042,33.99257],[-114.47187,33.99105],[-114.47248,33.98879],[-114.47119,33.98629],[-114.47145,33.98411],[-114.47331,33.98223],[-114.47928,33.98125],[-114.48226,33.97913],[-114.48505,33.97559],[-114.48844,33.97411],[-114.49112,33.97212],[-114.49316,33.96986],[-114.50129,33.96244],[-114.50717,33.95897],[-114.51219,33.95797],[-114.51543,33.95778],[-114.51818,33.95708],[-114.5203,33.9557],[-114.52309,33.95448],[-114.52842,33.9487],[-114.52929,33.94583],[-114.53054,33.94304],[-114.53421,33.93665],[-114.53552,33.93353],[-114.53543,33.93125],[-114.53558,33.92841],[-114.53487,33.92654],[-114.53329,33.92506],[-114.5288,33.92353],[-114.52601,33.92241],[-114.52103,33.91993],[-114.51803,33.9176],[-114.51434,33.91421],[-114.51015,33.90939],[-114.50865,33.90652],[-114.50764,33.90376],[-114.50829,33.90118],[-114.51015,33.89943],[-114.51144,33.89772],[-114.51417,33.89573],[-114.51593,33.89584],[-114.52024,33.89822],[-114.52354,33.90084],[-114.52552,33.90118],[-114.52601,33.90079],[-114.52608,33.89954],[-114.52597,33.89853],[-114.52376,33.89454],[-114.52209,33.8921],[-114.51927,33.88896],[-114.51709,33.88693],[-114.51591,33.88606],[-114.50979,33.88077],[-114.50513,33.8774],[-114.50443,33.87669],[-114.50333,33.87501],[-114.50382,33.87286],[-114.50305,33.87079],[-114.50503,33.86573],[-114.5076,33.86409],[-114.50917,33.86341],[-114.51153,33.8614],[-114.51423,33.85962],[-114.51633,33.85793],[-114.52063,33.85668],[-114.52537,33.85645],[-114.52981,33.85523],[-114.53052,33.85472],[-114.53065,33.85301],[-114.52979,33.85174],[-114.52983,33.84878],[-114.52951,33.84766],[-114.52745,33.84294],[-114.52618,33.83943],[-114.52526,33.83786],[-114.52397,33.83656],[-114.52254,33.83337],[-114.52148,33.83073],[-114.52127,33.82984],[-114.52054,33.82831],[-114.51824,33.8224],[-114.51792,33.82027],[-114.51863,33.81888],[-114.52286,33.81633]]}},{"type":"Feature","properties":{"layer":"waterway","id":"r2","kind":"river","name":"Colorado River: Parker Dam to Imperial Dam","gap":true,"schematic":false},"geometry":{"type":"LineString","coordinates":[[-114.52286,33.81633],[-114.52361,33.81588]]}},{"type":"Feature","properties":{"layer":"waterway","id":"r2","kind":"river","name":"Colorado River: Parker Dam to Imperial Dam","gap":false,"schematic":false},"geometry":{"type":"LineString","coordinates":[[-114.52361,33.81588],[-114.52565,33.81442],[-114.52691,33.81237],[-114.52616,33.81067],[-114.52479,33.80818],[-114.52277,33.80575],[-114.52138,33.80213],[-114.51872,33.79639],[-114.51758,33.79124],[-114.5156,33.78569],[-114.51114,33.77726],[-114.50623,33.76566],[-114.50494,33.76113],[-114.50421,33.75469],[-114.50548,33.74805],[-114.50788,33.74242],[-114.51187,33.7358],[-114.51221,33.73385],[-114.51198,33.73214],[-114.51127,33.7315],[-114.5088,33.7308],[-114.50288,33.72803],[-114.50161,33.72611],[-114.50125,33.72363],[-114.50011,33.72152],[-114.49576,33.71845],[-114.49458,33.71652],[-114.49415,33.71301],[-114.4941,33.71069],[-114.49477,33.7071],[-114.49554,33.7038],[-114.4955,33.70142],[-114.49653,33.69833],[-114.49747,33.69624],[-114.49979,33.69507],[-114.50681,33.69289],[-114.50902,33.69241],[-114.52331,33.68659],[-114.52876,33.68107],[-114.53035,33.67809],[-114.5314,33.67296],[-114.5314,33.66964],[-114.52979,33.66719],[-114.52719,33.66394],[-114.52084,33.66235],[-114.51679,33.662],[-114.51492,33.66032],[-114.51451,33.65837],[-114.51728,33.6561],[-114.51921,33.65551]]}},{"type":"Feature","properties":{"layer":"waterway","id":"r2","kind":"river","name":"Colorado River: Parker Dam to Imperial Dam","gap":true,"schematic":false},"geometry":{"type":"LineString","coordinates":[[-114.51921,33.65551],[-114.52011,33.65557]]}},{"type":"Feature","properties":{"layer":"waterway","id":"r2","kind":"river","name":"Colorado River: Parker Dam to Imperial Dam","gap":false,"schematic":false},"geometry":{"type":"LineString","coordinates":[[-114.52011,33.65557],[-114.52447,33.65585],[-114.53048,33.65448],[-114.53178,33.65348],[-114.53307,33.65205],[-114.53329,33.64994],[-114.53307,33.6476],[-114.52863,33.64387],[-114.52502,33.64042],[-114.52412,33.63644],[-114.5252,33.63234],[-114.52878,33.62838],[-114.52955,33.62588],[-114.52899,33.62305],[-114.52867,33.62021],[-114.52616,33.61673],[-114.52322,33.61385],[-114.52234,33.61185],[-114.52269,33.61105],[-114.52822,33.60792],[-114.52889,33.60674],[-114.53,33.60536],[-114.5306,33.60506],[-114.53112,33.60452],[-114.53125,33.60422],[-114.53324,33.60179],[-114.53554,33.59812],[-114.53884,33.59473],[-114.54133,33.59028],[-114.54228,33.58352],[-114.54133,33.57911],[-114.53974,33.57464],[-114.53653,33.57015],[-114.53339,33.56707],[-114.52947,33.56428],[-114.52657,33.56123],[-114.52479,33.55785],[-114.52457,33.55533],[-114.52472,33.55284],[-114.52633,33.5513],[-114.52908,33.55012],[-114.53166,33.54799],[-114.54118,33.54293],[-114.55687,33.53335],[-114.55876,33.53202],[-114.55979,33.52939],[-114.56082,33.52412],[-114.56056,33.51993],[-114.56127,33.51755],[-114.56268,33.51505],[-114.56678,33.51134],[-114.57185,33.50819],[-114.57706,33.50721],[-114.58234,33.50562],[-114.58706,33.50308],[-114.5906,33.50043],[-114.5938,33.49639],[-114.59667,33.49161],[-114.60011,33.48379],[-114.60259,33.48017],[-114.60888,33.47219],[-114.61264,33.46798],[-114.6162,33.4651],[-114.61903,33.462],[-114.62249,33.45762],[-114.62283,33.45687],[-114.62322,33.4542],[-114.62251,33.44956],[-114.62388,33.44362],[-114.62457,33.44167],[-114.6262,33.43594],[-114.62804,33.4309],[-114.62931,33.42847],[-114.63444,33.42326],[-114.63952,33.41921],[-114.64427,33.41597],[-114.64841,33.41394],[-114.65175,33.41299],[-114.65583,33.41276],[-114.66077,33.41387],[-114.66695,33.41599],[-114.67287,33.41688],[-114.67984,33.4169],[-114.68613,33.41577],[-114.69315,33.41369],[-114.69853,33.41049],[-114.70357,33.40529],[-114.70645,33.40192],[-114.70902,33.39678],[-114.70988,33.39232],[-114.71027,33.38949],[-114.71018,33.38611],[-114.7096,33.38247],[-114.70669,33.37503],[-114.70381,33.3703],[-114.70014,33.36265],[-114.6987,33.3589],[-114.69808,33.35258],[-114.70057,33.33949],[-114.70042,33.33566],[-114.69924,33.33159],[-114.69746,33.32908],[-114.69512,33.32657],[-114.69117,33.32386],[-114.68647,33.32033],[-114.68158,33.3141],[-114.67976,33.30978],[-114.67851,33.30447],[-114.67825,33.30049],[-114.67909,33.29257],[-114.67909,33.28731],[-114.67819,33.2832],[-114.67531,33.27639],[-114.67237,33.27204],[-114.6689,33.26828],[-114.66729,33.26476],[-114.66686,33.2611],[-114.66763,33.25735],[-114.66909,33.25419],[-114.67205,33.25112],[-114.6766,33.24806],[-114.67976,33.24468],[-114.68081,33.24244],[-114.68143,33.23867],[-114.68126,33.23587],[-114.68057,33.23343],[-114.67499,33.22645],[-114.67358,33.22349],[-114.67373,33.21887],[-114.67531,33.21447],[-114.67765,33.21149],[-114.67849,33.20744],[-114.67858,33.2037],[-114.67793,33.19851],[-114.67581,33.1942],[-114.67486,33.19153],[-114.67452,33.18774],[-114.67486,33.18479],[-114.67501,33.18153],[-114.67546,33.17973],[-114.67744,33.1761],[-114.67834,33.17256],[-114.67881,33.16782],[-114.67877,33.16436],[-114.67954,33.15927],[-114.68222,33.15512],[-114.68358,33.15031],[-114.6863,33.14346],[-114.68862,33.13969]]}},{"type":"Feature","properties":{"layer":"waterway","id":"r2","kind":"river","name":"Colorado River: Parker Dam to Imperial Dam","gap":true,"schematic":false},"geometry":{"type":"LineString","coordinates":[[-114.68862,33.13969],[-114.68954,33.1387]]}},{"type":"Feature","properties":{"layer":"waterway","id":"r2","kind":"river","name":"Colorado River: Parker Dam to Imperial Dam","gap":false,"schematic":false},"geometry":{"type":"LineString","coordinates":[[-114.68954,33.1387],[-114.69261,33.13538],[-114.69576,33.13248],[-114.69795,33.1279],[-114.70242,33.11642],[-114.70709,33.10082],[-114.70795,33.09402],[-114.70769,33.09158],[-114.70696,33.0892],[-114.70501,33.08733],[-114.70055,33.08645],[-114.69589,33.08642]]}},{"type":"Feature","properties":{"layer":"waterway","id":"r2","kind":"river","name":"Colorado River: Parker Dam to Imperial Dam","gap":true,"schematic":false},"geometry":{"type":"LineString","coordinates":[[-114.69589,33.08642],[-114.69506,33.08642]]}},{"type":"Feature","properties":{"layer":"waterway","id":"r2","kind":"river","name":"Colorado River: Parker Dam to Imperial Dam","gap":false,"schematic":false},"geometry":{"type":"LineString","coordinates":[[-114.69506,33.08642],[-114.69173,33.08566],[-114.69006,33.08491],[-114.68903,33.08426],[-114.68855,33.083],[-114.68903,33.08108],[-114.6892,33.07802],[-114.68789,33.07293],[-114.68323,33.06704],[-114.68235,33.06445],[-114.67995,33.06178],[-114.6777,33.06058],[-114.67613,33.05916],[-114.67407,33.05662],[-114.67411,33.05499],[-114.67491,33.04912],[-114.67491,33.04709],[-114.67454,33.04468],[-114.67347,33.04209],[-114.67081,33.03824],[-114.66787,33.03599],[-114.66388,33.03358],[-114.66094,33.03257],[-114.65877,33.03319],[-114.65564,33.03637],[-114.65287,33.04042],[-114.65006,33.04511],[-114.64716,33.04813],[-114.64472,33.0488],[-114.64216,33.04759],[-114.63759,33.04405],[-114.6351,33.04085],[-114.6303,33.03385],[-114.62686,33.0302],[-114.62229,33.02836],[-114.61618,33.02693],[-114.60957,33.02621],[-114.60292,33.02568],[-114.59654,33.02669],[-114.58942,33.02637],[-114.58425,33.02862],[-114.58176,33.03194],[-114.57893,33.03493],[-114.57421,33.03653],[-114.56176,33.03527],[-114.55389,33.03418],[-114.54944,33.03382],[-114.54189,33.03369],[-114.53657,33.03313],[-114.53206,33.03248],[-114.5217,33.0304],[-114.51464,33.02635],[-114.50906,33.02122],[-114.50488,33.01511],[-114.50211,33.00964],[-114.49964,33.00415],[-114.49807,32.99545],[-114.49747,32.99274]]}},{"type":"Feature","properties":{"layer":"waterway","id":"r2","kind":"river","name":"Colorado River: Parker Dam to Imperial Dam","gap":true,"schematic":false},"geometry":{"type":"LineString","coordinates":[[-114.49747,32.99274],[-114.49728,32.99139]]}},{"type":"Feature","properties":{"layer":"waterway","id":"r2","kind":"river","name":"Colorado River: Parker Dam to Imperial Dam","gap":false,"schematic":false},"geometry":{"type":"LineString","coordinates":[[-114.49728,32.99139],[-114.49531,32.97783],[-114.49413,32.97409],[-114.49245,32.97117],[-114.49121,32.97022],[-114.48814,32.97008],[-114.48093,32.97269],[-114.47857,32.97447],[-114.47529,32.97503],[-114.47196,32.97441],[-114.47001,32.9735],[-114.46818,32.97011],[-114.4672,32.96421],[-114.46737,32.95962],[-114.46814,32.95565],[-114.47095,32.94977],[-114.47415,32.94527],[-114.47883,32.94031],[-114.47913,32.93866],[-114.48108,32.93561],[-114.48108,32.93322],[-114.48003,32.93098],[-114.47857,32.92686],[-114.47621,32.92301],[-114.47267,32.9198],[-114.46718,32.9153],[-114.46488,32.91321],[-114.46338,32.91103],[-114.46241,32.90413],[-114.46267,32.90171],[-114.46447,32.89932],[-114.46801,32.89703],[-114.46911,32.89591],[-114.46902,32.89452],[-114.4675,32.89206],[-114.46702,32.88788],[-114.46711,32.88361],[-114.46726,32.8826]]}},{"type":"Feature","properties":{"layer":"waterway","id":"r3","kind":"river","name":"Colorado River: below Imperial Dam","gap":false,"schematic":false},"geometry":{"type":"LineString","coordinates":[[-114.46726,32.8826],[-114.46836,32.87833],[-114.4705,32.87193],[-114.47127,32.86874],[-114.47179,32.86773],[-114.47209,32.86658],[-114.472,32.86582],[-114.47232,32.8645],[-114.474,32.86144],[-114.47872,32.85363],[-114.47999,32.85057],[-114.48348,32.84365],[-114.4843,32.83907],[-114.48792,32.8337],[-114.48943,32.82969],[-114.49009,32.82731],[-114.49046,32.82672],[-114.4914,32.826],[-114.49215,32.82583],[-114.4929,32.82596],[-114.49509,32.82688],[-114.49563,32.82744],[-114.49593,32.82798],[-114.49606,32.82859],[-114.49586,32.82904],[-114.49526,32.82958],[-114.49498,32.83029],[-114.49513,32.83061],[-114.49561,32.83085],[-114.49601,32.83081],[-114.49642,32.83059],[-114.49737,32.82948],[-114.49782,32.82919],[-114.50037,32.82789],[-114.5014,32.82654],[-114.50157,32.82583],[-114.5055,32.82259],[-114.50593,32.8217],[-114.50724,32.82046],[-114.50812,32.81896],[-114.50964,32.8157],[-114.51026,32.815],[-114.51131,32.81442],[-114.51279,32.81391],[-114.51372,32.81328],[-114.51739,32.80901],[-114.51902,32.80778],[-114.52035,32.80638],[-114.52172,32.80463],[-114.5238,32.80102],[-114.52445,32.80014],[-114.52522,32.79941],[-114.5264,32.7975],[-114.5311,32.79375],[-114.53196,32.79288],[-114.53241,32.79204],[-114.53277,32.79106],[-114.53281,32.78917],[-114.53256,32.78682],[-114.53305,32.78551],[-114.53303,32.78475],[-114.53273,32.78336],[-114.53178,32.78204],[-114.53249,32.77943],[-114.53249,32.77641],[-114.53208,32.77457],[-114.52893,32.76819],[-114.52758,32.76483],[-114.52621,32.76295],[-114.52603,32.7618],[-114.52618,32.76097],[-114.5267,32.75962],[-114.52657,32.75653],[-114.52689,32.75133],[-114.52799,32.74534],[-114.52869,32.74374],[-114.52977,32.74244],[-114.53168,32.74052],[-114.53234,32.73874],[-114.53254,32.73596],[-114.53299,32.73495],[-114.53363,32.73395],[-114.5405,32.72679],[-114.54245,32.72527],[-114.54453,32.7239],[-114.54756,32.7224],[-114.55041,32.72155],[-114.55307,32.72106],[-114.55816,32.72067],[-114.5609,32.72081],[-114.56333,32.72005],[-114.56403,32.71996],[-114.56487,32.72005],[-114.56616,32.72029],[-114.5685,32.72096],[-114.56908,32.72099],[-114.57124,32.72175],[-114.57305,32.72289],[-114.57481,32.72449],[-114.57556,32.72525],[-114.57629,32.72668],[-114.57751,32.72747],[-114.57815,32.72771],[-114.57963,32.7274],[-114.58165,32.72727],[-114.5824,32.72711],[-114.58341,32.72662],[-114.58511,32.72612],[-114.58558,32.72561],[-114.58601,32.72482],[-114.58654,32.72345],[-114.58699,32.723],[-114.58753,32.72278],[-114.58815,32.72272],[-114.58916,32.72282],[-114.59038,32.72209],[-114.59193,32.72202],[-114.59264,32.72236],[-114.59375,32.72327],[-114.59472,32.72522],[-114.59704,32.72625],[-114.59871,32.72662],[-114.60382,32.72666],[-114.6056,32.7268],[-114.6074,32.72639],[-114.60856,32.72628],[-114.60998,32.72639],[-114.61126,32.72686],[-114.61319,32.72843],[-114.61427,32.72879],[-114.61487,32.72883],[-114.61719,32.72852],[-114.61849,32.72859],[-114.62126,32.72922],[-114.62259,32.72922],[-114.62536,32.72897],[-114.62661,32.72917],[-114.62955,32.73045],[-114.63223,32.73119],[-114.63622,32.73171],[-114.64238,32.73233],[-114.64639,32.73291],[-114.64922,32.73303],[-114.65281,32.73356],[-114.65725,32.73332],[-114.65817,32.73347],[-114.66186,32.73467],[-114.66274,32.73489],[-114.66409,32.73502],[-114.66529,32.73489],[-114.6672,32.73448],[-114.66789,32.73451],[-114.66871,32.73467],[-114.67134,32.73581],[-114.67274,32.73612],[-114.67407,32.73606],[-114.67561,32.73549],[-114.67626,32.73545],[-114.67808,32.73572],[-114.68347,32.73816],[-114.68797,32.73933],[-114.69184,32.73985],[-114.69319,32.74031],[-114.69368,32.74058],[-114.69561,32.74253],[-114.69853,32.74388],[-114.70055,32.74561],[-114.70143,32.74586],[-114.70203,32.74576],[-114.70304,32.7446],[-114.70724,32.73906],[-114.71003,32.73383],[-114.71134,32.73267],[-114.71381,32.73112],[-114.71445,32.73023],[-114.71596,32.72742],[-114.71791,32.7213],[-114.7199,32.71872],[-114.72138,32.71707],[-114.72196,32.71531],[-114.72235,32.71301],[-114.72325,32.71139],[-114.7242,32.71014],[-114.7251,32.7092],[-114.72656,32.7083],[-114.72842,32.70637],[-114.72913,32.70496],[-114.72947,32.70476],[-114.7296,32.70447],[-114.72956,32.70413],[-114.72937,32.70388],[-114.72943,32.70343],[-114.73016,32.70245],[-114.73031,32.70157],[-114.73108,32.70028],[-114.73108,32.69985],[-114.73186,32.69707],[-114.73235,32.6959],[-114.73289,32.69537],[-114.73295,32.69494],[-114.73263,32.69371],[-114.73278,32.6934],[-114.73398,32.69241],[-114.73537,32.68992],[-114.73617,32.6888],[-114.7369,32.68867],[-114.73741,32.6884],[-114.73806,32.68771],[-114.73853,32.68663],[-114.74087,32.68358],[-114.74106,32.68289],[-114.74173,32.68217],[-114.74164,32.68073],[-114.74207,32.68011],[-114.74273,32.67955],[-114.74319,32.67888],[-114.74316,32.67845],[-114.74329,32.67814],[-114.74389,32.6776],[-114.74486,32.67738],[-114.74531,32.67708],[-114.74572,32.67632],[-114.74636,32.67419],[-114.7463,32.6731],[-114.74677,32.67159],[-114.7472,32.66953],[-114.74737,32.6685],[-114.74728,32.66758],[-114.74765,32.66628],[-114.74769,32.66526],[-114.74795,32.66483],[-114.74786,32.66434],[-114.74803,32.66387],[-114.74885,32.66275],[-114.74973,32.66189],[-114.75057,32.6614],[-114.75252,32.65972],[-114.75466,32.65815],[-114.75499,32.65739],[-114.75533,32.6571],[-114.75773,32.65661],[-114.75846,32.656],[-114.75934,32.65549],[-114.76093,32.6539],[-114.76134,32.65368],[-114.76222,32.65282],[-114.76226,32.6524],[-114.76286,32.65119],[-114.76321,32.64848],[-114.76357,32.64763],[-114.76413,32.64691],[-114.76441,32.6462],[-114.76445,32.64554],[-114.76518,32.64312],[-114.76664,32.64232],[-114.7678,32.64109],[-114.76885,32.64024],[-114.76949,32.63986],[-114.77112,32.63936],[-114.77168,32.63883],[-114.77209,32.63807],[-114.77269,32.63764],[-114.77393,32.63715],[-114.77434,32.63657],[-114.77453,32.6358],[-114.7743,32.63553],[-114.77456,32.63506],[-114.77747,32.63269],[-114.7787,32.63198],[-114.779,32.63164],[-114.77949,32.63137],[-114.78142,32.63092],[-114.78299,32.63103],[-114.78468,32.6316],[-114.78531,32.63146],[-114.78567,32.63115],[-114.78683,32.6298],[-114.78803,32.62803],[-114.78859,32.62642],[-114.78953,32.62571],[-114.78975,32.62526],[-114.7899,32.62445],[-114.78973,32.62378],[-114.78893,32.62235],[-114.7891,32.62188],[-114.78977,32.6212],[-114.79303,32.62076],[-114.79352,32.62064],[-114.79395,32.62022],[-114.79475,32.62018],[-114.79657,32.62118],[-114.79694,32.62186],[-114.79782,32.62233],[-114.79985,32.62521],[-114.80067,32.62575],[-114.80303,32.62644],[-114.80539,32.62604],[-114.80694,32.62528],[-114.80983,32.62322],[-114.8105,32.62235],[-114.81063,32.62172],[-114.81039,32.62083],[-114.80945,32.61921],[-114.8093,32.61867],[-114.8093,32.61787],[-114.80878,32.61623],[-114.80872,32.61547],[-114.80908,32.61324],[-114.81048,32.61091],[-114.81061,32.61046],[-114.81054,32.60928],[-114.81022,32.60845],[-114.80925,32.6067],[-114.80932,32.60551],[-114.80904,32.60453],[-114.80863,32.60392],[-114.80829,32.60368],[-114.80814,32.60171],[-114.80792,32.60099],[-114.80659,32.59885],[-114.80584,32.59802],[-114.80443,32.59743],[-114.8037,32.59674],[-114.80219,32.59327],[-114.80187,32.59215],[-114.80078,32.59018],[-114.80037,32.58783],[-114.80039,32.58676],[-114.80065,32.58522],[-114.80134,32.58336],[-114.80271,32.58085],[-114.8038,32.57994],[-114.80436,32.57909],[-114.80473,32.57803],[-114.80554,32.57711],[-114.80739,32.57607],[-114.80958,32.57533],[-114.80998,32.57495],[-114.80953,32.57275],[-114.80981,32.57043],[-114.81037,32.57002],[-114.81086,32.5689],[-114.81133,32.56866],[-114.81116,32.56774],[-114.81009,32.56696],[-114.80979,32.56626],[-114.81061,32.56504],[-114.81095,32.56421],[-114.81099,32.56349],[-114.81151,32.56188],[-114.81118,32.56101],[-114.81166,32.55953],[-114.81209,32.55935],[-114.81303,32.5583],[-114.81294,32.55738],[-114.81215,32.55624],[-114.81131,32.55548],[-114.81108,32.55483],[-114.81045,32.55437],[-114.80964,32.55412],[-114.80887,32.55332],[-114.80698,32.55273],[-114.80603,32.55264],[-114.8037,32.55264],[-114.80267,32.55294],[-114.80046,32.55396],[-114.79814,32.55624],[-114.79601,32.55767],[-114.79468,32.55815],[-114.7932,32.55814],[-114.79232,32.55772],[-114.79192,32.5573],[-114.79149,32.5564],[-114.79155,32.55602],[-114.79352,32.55318],[-114.7946,32.55139],[-114.79479,32.55059],[-114.79477,32.54976],[-114.79513,32.54933],[-114.79649,32.54835],[-114.7991,32.54683],[-114.80039,32.54582],[-114.80134,32.54471],[-114.80222,32.54311],[-114.80254,32.54218],[-114.8032,32.54128],[-114.80408,32.5396],[-114.8058,32.53748],[-114.80606,32.53663],[-114.80601,32.53518],[-114.80548,32.53433],[-114.80509,32.5325],[-114.80468,32.53164],[-114.80436,32.53109],[-114.80385,32.53062],[-114.80292,32.52909],[-114.80303,32.5278],[-114.80335,32.52711],[-114.8041,32.52655],[-114.8049,32.52559],[-114.80563,32.52509],[-114.807,32.52456],[-114.8091,32.52438],[-114.81076,32.52449],[-114.81151,32.52431],[-114.81213,32.52393],[-114.81251,32.52339],[-114.81196,32.521],[-114.81161,32.52017],[-114.81063,32.51818],[-114.80934,32.51637],[-114.80915,32.51486],[-114.80947,32.51224],[-114.80949,32.51079],[-114.80872,32.50954],[-114.80837,32.50869],[-114.80857,32.5077],[-114.80844,32.50696]]}},{"type":"Feature","properties":{"layer":"waterway","id":"cap","kind":"canal","name":"Central Arizona Project","gap":false,"schematic":false},"geometry":{"type":"LineString","coordinates":[[-114.12499,34.30262],[-114.11518,34.29683],[-114.11465,34.29484],[-114.1131,34.29295],[-114.10604,34.29087],[-114.10413,34.28874],[-114.09207,34.27131],[-114.08066,34.23896]]}},{"type":"Feature","properties":{"layer":"waterway","id":"cap","kind":"canal","name":"Central Arizona Project","gap":true,"schematic":false},"geometry":{"type":"LineString","coordinates":[[-114.08066,34.23896],[-114.0795,34.23565]]}},{"type":"Feature","properties":{"layer":"waterway","id":"cap","kind":"canal","name":"Central Arizona Project","gap":false,"schematic":false},"geometry":{"type":"LineString","coordinates":[[-114.0795,34.23565],[-114.06242,34.18621],[-114.06184,34.18527],[-114.0613,34.18479],[-114.05317,34.17998],[-114.05199,34.17886],[-114.05158,34.17806],[-114.04401,34.15463],[-114.04341,34.15308],[-114.04124,34.14914],[-114.04098,34.14813],[-114.04036,34.14378],[-114.0401,34.14296],[-114.03952,34.14216],[-114.02601,34.12767],[-114.0206,34.11934],[-114.00976,34.10543],[-114.0083,34.10258],[-114.00298,34.08792]]}},{"type":"Feature","properties":{"layer":"waterway","id":"cap","kind":"canal","name":"Central Arizona Project","gap":true,"schematic":false},"geometry":{"type":"LineString","coordinates":[[-114.00298,34.08792],[-114.0038,34.0902]]}},{"type":"Feature","properties":{"layer":"waterway","id":"cap","kind":"canal","name":"Central Arizona Project","gap":false,"schematic":false},"geometry":{"type":"LineString","coordinates":[[-114.0038,34.0902],[-113.99835,34.07522],[-113.99586,34.07152],[-113.98959,34.06569],[-113.97148,34.05026],[-113.96968,34.04813],[-113.95989,34.03554],[-113.94359,34.01839],[-113.93865,34.0151]]}},{"type":"Feature","properties":{"layer":"waterway","id":"cap","kind":"canal","name":"Central Arizona Project","gap":true,"schematic":false},"geometry":{"type":"LineString","coordinates":[[-113.93865,34.0151],[-113.93792,34.01462]]}},{"type":"Feature","properties":{"layer":"waterway","id":"cap","kind":"canal","name":"Central Arizona Project","gap":false,"schematic":false},"geometry":{"type":"LineString","coordinates":[[-113.93792,34.01462],[-113.93638,34.01341],[-113.92616,33.98986],[-113.92264,33.96516],[-113.92043,33.96184],[-113.91709,33.95733],[-113.91586,33.95267],[-113.91543,33.95185],[-113.90655,33.94829],[-113.90574,33.94783],[-113.90166,33.94267],[-113.8999,33.94024],[-113.89865,33.93814],[-113.89814,33.93768],[-113.89724,33.93729],[-113.89415,33.93683],[-113.89016,33.9369],[-113.88938,33.93665],[-113.86357,33.9208],[-113.86222,33.92052],[-113.84728,33.92029],[-113.83744,33.92376],[-113.83696,33.92379],[-113.82364,33.92039],[-113.82274,33.91995],[-113.82239,33.91954],[-113.8222,33.91886],[-113.82224,33.91849],[-113.8299,33.89717],[-113.83023,33.89584],[-113.83284,33.87264],[-113.83138,33.85766],[-113.82776,33.84424],[-113.82731,33.84296],[-113.81922,33.82583],[-113.81372,33.82085],[-113.81321,33.82005],[-113.81299,33.81929],[-113.81053,33.80331],[-113.81006,33.80183],[-113.80712,33.79627]]}},{"type":"Feature","properties":{"layer":"waterway","id":"cap","kind":"canal","name":"Central Arizona Project","gap":true,"schematic":false},"geometry":{"type":"LineString","coordinates":[[-113.80712,33.79627],[-113.80832,33.79855]]}},{"type":"Feature","properties":{"layer":"waterway","id":"cap","kind":"canal","name":"Central Arizona Project","gap":false,"schematic":false},"geometry":{"type":"LineString","coordinates":[[-113.80832,33.79855],[-113.79761,33.77836],[-113.79692,33.77738],[-113.79042,33.76996],[-113.78881,33.76841],[-113.78864,33.76807],[-113.78864,33.76743],[-113.78948,33.76463],[-113.78928,33.76395],[-113.78787,33.76104],[-113.78725,33.76022],[-113.78169,33.75419],[-113.77875,33.7498],[-113.77707,33.74766],[-113.76463,33.73531],[-113.75525,33.72407],[-113.75347,33.72273],[-113.75075,33.72143],[-113.7498,33.72077],[-113.7418,33.7124],[-113.74113,33.71152],[-113.73197,33.69496],[-113.73141,33.69423],[-113.73077,33.69371],[-113.71927,33.68651],[-113.71897,33.68621],[-113.71875,33.68564],[-113.71875,33.685],[-113.72008,33.68266],[-113.72017,33.68196],[-113.71483,33.67176],[-113.71399,33.67057],[-113.71352,33.67009],[-113.68852,33.6501],[-113.68796,33.64915],[-113.68399,33.63774],[-113.68363,33.63717],[-113.6826,33.63667],[-113.67882,33.63654],[-113.67758,33.6361],[-113.67689,33.63556],[-113.67097,33.62865],[-113.67047,33.62823],[-113.66938,33.62765],[-113.66343,33.6255],[-113.66283,33.62514],[-113.66241,33.62432],[-113.662,33.6218],[-113.66172,33.62121],[-113.6612,33.62075],[-113.65,33.61524],[-113.64974,33.61499],[-113.64951,33.61457],[-113.64878,33.61019],[-113.64833,33.6091],[-113.64271,33.59961],[-113.64234,33.59929],[-113.64161,33.59902],[-113.64082,33.59898],[-113.63513,33.59993],[-113.63303,33.60063],[-113.63013,33.60061],[-113.62867,33.60156],[-113.61621,33.60515],[-113.61531,33.60556],[-113.61432,33.6064],[-113.61245,33.60879],[-113.61161,33.60935],[-113.61082,33.60953],[-113.60065,33.61051],[-113.59973,33.61051],[-113.55331,33.60574]]}},{"type":"Feature","properties":{"layer":"waterway","id":"cap","kind":"canal","name":"Central Arizona Project","gap":true,"schematic":false},"geometry":{"type":"LineString","coordinates":[[-113.55331,33.60574],[-113.55606,33.60601]]}},{"type":"Feature","properties":{"layer":"waterway","id":"cap","kind":"canal","name":"Central Arizona Project","gap":false,"schematic":false},"geometry":{"type":"LineString","coordinates":[[-113.55606,33.60601],[-113.54724,33.60509],[-113.54643,33.60484],[-113.53263,33.5978],[-113.53177,33.59694],[-113.53158,33.59659],[-113.52774,33.58779],[-113.52716,33.58708],[-113.52684,33.58677],[-113.51091,33.57687]]}},{"type":"Feature","properties":{"layer":"waterway","id":"cap","kind":"canal","name":"Central Arizona Project","gap":true,"schematic":false},"geometry":{"type":"LineString","coordinates":[[-113.51091,33.57687],[-113.5146,33.57916]]}},{"type":"Feature","properties":{"layer":"waterway","id":"cap","kind":"canal","name":"Central Arizona Project","gap":false,"schematic":false},"geometry":{"type":"LineString","coordinates":[[-113.5146,33.57916],[-113.49671,33.56802],[-113.49579,33.56759],[-113.49431,33.56732],[-113.46542,33.56618]]}},{"type":"Feature","properties":{"layer":"waterway","id":"cap","kind":"canal","name":"Central Arizona Project","gap":true,"schematic":false},"geometry":{"type":"LineString","coordinates":[[-113.46542,33.56618],[-113.46817,33.56629]]}},{"type":"Feature","properties":{"layer":"waterway","id":"cap","kind":"canal","name":"Central Arizona Project","gap":false,"schematic":false},"geometry":{"type":"LineString","coordinates":[[-113.46817,33.56629],[-113.42204,33.56457],[-113.42043,33.56505],[-113.40214,33.57519]]}},{"type":"Feature","properties":{"layer":"waterway","id":"cap","kind":"canal","name":"Central Arizona Project","gap":true,"schematic":false},"geometry":{"type":"LineString","coordinates":[[-113.40214,33.57519],[-113.3991,33.57687]]}},{"type":"Feature","properties":{"layer":"waterway","id":"cap","kind":"canal","name":"Central Arizona Project","gap":false,"schematic":false},"geometry":{"type":"LineString","coordinates":[[-113.3991,33.57687],[-113.387,33.58357],[-113.37882,33.58427],[-113.37283,33.58581],[-113.37122,33.58606],[-113.36906,33.58617],[-113.36438,33.58613],[-113.36251,33.58593],[-113.36082,33.58549],[-113.35498,33.58309],[-113.35337,33.58257],[-113.35181,33.58234],[-113.34953,33.58236],[-113.33142,33.58325],[-113.32992,33.58322],[-113.32103,33.58223],[-113.31861,33.58211],[-113.29121,33.58447],[-113.28125,33.58572],[-113.27368,33.58586],[-113.25499,33.58838],[-113.25282,33.58856],[-113.25033,33.58847],[-113.23044,33.58597],[-113.21772,33.58543],[-113.21589,33.58545],[-113.20175,33.58638]]}},{"type":"Feature","properties":{"layer":"waterway","id":"cap","kind":"canal","name":"Central Arizona Project","gap":true,"schematic":false},"geometry":{"type":"LineString","coordinates":[[-113.20175,33.58638],[-113.20029,33.58647]]}},{"type":"Feature","properties":{"layer":"waterway","id":"cap","kind":"canal","name":"Central Arizona Project","gap":false,"schematic":false},"geometry":{"type":"LineString","coordinates":[[-113.20029,33.58647],[-113.18982,33.58826],[-113.18525,33.58826],[-113.18396,33.58819],[-113.1777,33.58677],[-113.17551,33.58665],[-113.17055,33.58745],[-113.16937,33.58747],[-113.16828,33.5874],[-113.15982,33.58606],[-113.15796,33.58547],[-113.15588,33.58431],[-113.15113,33.58032],[-113.14985,33.57939],[-113.14796,33.5785],[-113.13384,33.57342],[-113.13,33.57265],[-113.12641,33.57254],[-113.12519,33.57228],[-113.12416,33.57178],[-113.12135,33.57004],[-113.11384,33.56714],[-113.11305,33.56654],[-113.11277,33.56618],[-113.11242,33.56534],[-113.11227,33.56285],[-113.11178,33.56196],[-113.10807,33.55867],[-113.10684,33.5579],[-113.1029,33.55629],[-113.10197,33.55575],[-113.10135,33.55515],[-113.10073,33.55418],[-113.09813,33.54808],[-113.09723,33.54717],[-113.08794,33.53968],[-113.0874,33.53939],[-113.0703,33.53313],[-113.06906,33.53297],[-113.06399,33.5329],[-113.06286,33.5331],[-113.06243,33.5334],[-113.06037,33.53585],[-113.0599,33.53612],[-113.05732,33.53691],[-113.05711,33.53708],[-113.05683,33.5375],[-113.05633,33.54082],[-113.05605,33.54132],[-113.05543,33.54177],[-113.05442,33.54197],[-113.05105,33.54152],[-113.04936,33.54172],[-113.02597,33.54955]]}},{"type":"Feature","properties":{"layer":"waterway","id":"cap","kind":"canal","name":"Central Arizona Project","gap":true,"schematic":false},"geometry":{"type":"LineString","coordinates":[[-113.02597,33.54955],[-113.02872,33.54864]]}},{"type":"Feature","properties":{"layer":"waterway","id":"cap","kind":"canal","name":"Central Arizona Project","gap":false,"schematic":false},"geometry":{"type":"LineString","coordinates":[[-113.02872,33.54864],[-113.01936,33.55179],[-113.01374,33.55592],[-113.0129,33.55636],[-113.00621,33.55854],[-112.98456,33.56596],[-112.9766,33.56756],[-112.96419,33.57206],[-112.95203,33.57567],[-112.94443,33.57916]]}},{"type":"Feature","properties":{"layer":"waterway","id":"cap","kind":"canal","name":"Central Arizona Project","gap":true,"schematic":false},"geometry":{"type":"LineString","coordinates":[[-112.94443,33.57916],[-112.94083,33.5808]]}},{"type":"Feature","properties":{"layer":"waterway","id":"cap","kind":"canal","name":"Central Arizona Project","gap":false,"schematic":false},"geometry":{"type":"LineString","coordinates":[[-112.94083,33.5808],[-112.93628,33.58288],[-112.93484,33.58331],[-112.92849,33.58323],[-112.92696,33.58345],[-112.91772,33.58706],[-112.91697,33.58742],[-112.90804,33.5941],[-112.90703,33.59457],[-112.90596,33.59469],[-112.89079,33.59407],[-112.87862,33.59723],[-112.87772,33.59707],[-112.87257,33.59439],[-112.87163,33.59425],[-112.87117,33.59432],[-112.86199,33.59809],[-112.86068,33.5983],[-112.85306,33.59573],[-112.85195,33.59576],[-112.84849,33.59678],[-112.84742,33.59684],[-112.84652,33.59641],[-112.84476,33.59459],[-112.8441,33.59439],[-112.84349,33.59437],[-112.84285,33.59457],[-112.8338,33.59911],[-112.83292,33.59925],[-112.83219,33.59911],[-112.83159,33.59877],[-112.82856,33.59417],[-112.82779,33.59353],[-112.82084,33.59081],[-112.81978,33.59069],[-112.81908,33.59083],[-112.7827,33.60879],[-112.77118,33.61181],[-112.77017,33.61217],[-112.7623,33.61787]]}},{"type":"Feature","properties":{"layer":"waterway","id":"cap","kind":"canal","name":"Central Arizona Project","gap":true,"schematic":false},"geometry":{"type":"LineString","coordinates":[[-112.7623,33.61787],[-112.76505,33.61587]]}},{"type":"Feature","properties":{"layer":"waterway","id":"cap","kind":"canal","name":"Central Arizona Project","gap":false,"schematic":false},"geometry":{"type":"LineString","coordinates":[[-112.76505,33.61587],[-112.74775,33.62848],[-112.74606,33.62916],[-112.74179,33.6299],[-112.74073,33.63031],[-112.73078,33.63676],[-112.72985,33.63761],[-112.72953,33.63813],[-112.72767,33.64235],[-112.72691,33.6429],[-112.72475,33.64351],[-112.72318,33.64351],[-112.71434,33.64222],[-112.7135,33.64224],[-112.71232,33.64274],[-112.70576,33.65221],[-112.70554,33.65266],[-112.70524,33.65448],[-112.70509,33.65473],[-112.69971,33.65948],[-112.69368,33.66666],[-112.6929,33.66703],[-112.68692,33.66776],[-112.67836,33.67489],[-112.67756,33.67514],[-112.66559,33.67684],[-112.6445,33.67669],[-112.64372,33.67678],[-112.64271,33.67701],[-112.60246,33.68989],[-112.60143,33.6901],[-112.58652,33.69019]]}},{"type":"Feature","properties":{"layer":"waterway","id":"cap","kind":"canal","name":"Central Arizona Project","gap":true,"schematic":false},"geometry":{"type":"LineString","coordinates":[[-112.58652,33.69019],[-112.58926,33.69017]]}},{"type":"Feature","properties":{"layer":"waterway","id":"cap","kind":"canal","name":"Central Arizona Project","gap":false,"schematic":false},"geometry":{"type":"LineString","coordinates":[[-112.58926,33.69017],[-112.57697,33.69025],[-112.57583,33.69039],[-112.56369,33.69755],[-112.56289,33.69817],[-112.54658,33.71533],[-112.54624,33.71577],[-112.54603,33.71633],[-112.54594,33.7189],[-112.54586,33.71934],[-112.54543,33.72013],[-112.54079,33.72395],[-112.5401,33.72429],[-112.53905,33.72455],[-112.53184,33.72455],[-112.53096,33.72468],[-112.52972,33.72509],[-112.51485,33.73341],[-112.5139,33.73412],[-112.50871,33.73892],[-112.5083,33.73917],[-112.50762,33.73931],[-112.50004,33.73931],[-112.49929,33.73947],[-112.48949,33.74352],[-112.48631,33.74629],[-112.4856,33.74665],[-112.48461,33.7467],[-112.48105,33.74581],[-112.47938,33.74581],[-112.42719,33.75758],[-112.41074,33.75871]]}},{"type":"Feature","properties":{"layer":"waterway","id":"cap","kind":"canal","name":"Central Arizona Project","gap":true,"schematic":false},"geometry":{"type":"LineString","coordinates":[[-112.41074,33.75871],[-112.41348,33.75853]]}},{"type":"Feature","properties":{"layer":"waterway","id":"cap","kind":"canal","name":"Central Arizona Project","gap":false,"schematic":false},"geometry":{"type":"LineString","coordinates":[[-112.41348,33.75853],[-112.40473,33.7591],[-112.40338,33.75942],[-112.38784,33.76746],[-112.38718,33.76768],[-112.3864,33.76768],[-112.37643,33.76548],[-112.37529,33.76538],[-112.35679,33.76896],[-112.35578,33.76894],[-112.35158,33.76836],[-112.35104,33.76841],[-112.3505,33.76861],[-112.3501,33.76893],[-112.34267,33.77704],[-112.34162,33.77752],[-112.32978,33.77585],[-112.32892,33.77619],[-112.32533,33.77881],[-112.32476,33.77911],[-112.31855,33.78004],[-112.31748,33.77977],[-112.31465,33.77804],[-112.314,33.77792],[-112.28493,33.78188],[-112.28313,33.78236],[-112.26568,33.78368],[-112.2547,33.78139],[-112.25313,33.78077],[-112.23633,33.77745],[-112.22169,33.77137],[-112.22131,33.77112],[-112.22092,33.77059],[-112.21779,33.76486],[-112.21577,33.76242],[-112.1977,33.74636],[-112.19176,33.7404],[-112.19095,33.73986],[-112.19007,33.73949],[-112.17543,33.73426],[-112.17436,33.73415],[-112.17346,33.7343],[-112.16241,33.73822],[-112.16116,33.73831],[-112.15584,33.73772],[-112.14706,33.73947]]}},{"type":"Feature","properties":{"layer":"waterway","id":"cap","kind":"canal","name":"Central Arizona Project","gap":true,"schematic":false},"geometry":{"type":"LineString","coordinates":[[-112.14706,33.73947],[-112.14981,33.7389]]}},{"type":"Feature","properties":{"layer":"waterway","id":"cap","kind":"canal","name":"Central Arizona Project","gap":false,"schematic":false},"geometry":{"type":"LineString","coordinates":[[-112.14981,33.7389],[-112.13275,33.74242],[-112.13121,33.74311],[-112.12773,33.74599],[-112.12606,33.74663],[-112.11717,33.74789],[-112.11582,33.74772],[-112.11462,33.747],[-112.11419,33.74656],[-112.09954,33.72909],[-112.09235,33.72363],[-112.07831,33.70992],[-112.07677,33.70878],[-112.06183,33.69948],[-112.05767,33.69405],[-112.05718,33.69358],[-112.05653,33.69333],[-112.05585,33.6933],[-112.04905,33.69394],[-112.04748,33.6936],[-112.03578,33.68641],[-112.03486,33.68555],[-112.03051,33.68007],[-112.02945,33.67935],[-112.01259,33.67587],[-112.01158,33.67512],[-112.00658,33.66791],[-112.0057,33.66709],[-112.00117,33.6643],[-111.99873,33.66323],[-111.97392,33.65521],[-111.96105,33.65137],[-111.95916,33.6506],[-111.94534,33.6431],[-111.94317,33.64228],[-111.88339,33.62984]]}},{"type":"Feature","properties":{"layer":"waterway","id":"cap","kind":"canal","name":"Central Arizona Project","gap":true,"schematic":false},"geometry":{"type":"LineString","coordinates":[[-111.88339,33.62984],[-111.88614,33.63041]]}},{"type":"Feature","properties":{"layer":"waterway","id":"cap","kind":"canal","name":"Central Arizona Project","gap":false,"schematic":false},"geometry":{"type":"LineString","coordinates":[[-111.88614,33.63041],[-111.87361,33.62782],[-111.87264,33.62748],[-111.87181,33.627],[-111.8711,33.62641],[-111.8602,33.61383],[-111.85359,33.60361],[-111.85277,33.60307],[-111.83387,33.59432],[-111.83303,33.59344],[-111.8317,33.58988],[-111.83076,33.58883],[-111.824,33.58433],[-111.82329,33.58402],[-111.8184,33.58264],[-111.81792,33.58223],[-111.81773,33.58186],[-111.81765,33.57869],[-111.81741,33.57809],[-111.81709,33.57776],[-111.81617,33.57737],[-111.81222,33.57732],[-111.81117,33.57696],[-111.79949,33.56584],[-111.79853,33.56543],[-111.78076,33.56282],[-111.77975,33.56225],[-111.77924,33.56162],[-111.77583,33.5547],[-111.77507,33.55384],[-111.77447,33.55352],[-111.76374,33.54892],[-111.74405,33.54343],[-111.74321,33.54338],[-111.7422,33.54356],[-111.73179,33.54662],[-111.73074,33.54708],[-111.72338,33.55109],[-111.72267,33.55127],[-111.72184,33.55114],[-111.72139,33.55091],[-111.72083,33.55037],[-111.70761,33.53344]]}},{"type":"Feature","properties":{"layer":"waterway","id":"cap","kind":"canal","name":"Central Arizona Project","gap":true,"schematic":false},"geometry":{"type":"LineString","coordinates":[[-111.70761,33.53344],[-111.7045,33.52945]]}},{"type":"Feature","properties":{"layer":"waterway","id":"cap","kind":"canal","name":"Central Arizona Project","gap":false,"schematic":false},"geometry":{"type":"LineString","coordinates":[[-111.7045,33.52945],[-111.69188,33.51179],[-111.69109,33.51116],[-111.68929,33.51025],[-111.68862,33.51006],[-111.68731,33.51002],[-111.68645,33.50961],[-111.68596,33.5088],[-111.68613,33.50701],[-111.6856,33.50608],[-111.68469,33.50519],[-111.68278,33.50453],[-111.68064,33.50247],[-111.68012,33.50181],[-111.67939,33.49973],[-111.67942,33.49866],[-111.67963,33.4981],[-111.68023,33.49739],[-111.68148,33.49662],[-111.68214,33.49599],[-111.68246,33.49554],[-111.68281,33.49445],[-111.68281,33.47203],[-111.68272,33.47083],[-111.68238,33.46922],[-111.68182,33.46759],[-111.681,33.46587],[-111.67521,33.4547],[-111.67433,33.45348],[-111.67304,33.45218],[-111.65637,33.43837],[-111.655,33.43742],[-111.65309,33.4364],[-111.64227,33.43151],[-111.62204,33.41973],[-111.61521,33.41692],[-111.61476,33.41654],[-111.6144,33.416],[-111.61352,33.41136],[-111.613,33.40986],[-111.61245,33.40923],[-111.6118,33.40888],[-111.6112,33.40873],[-111.60807,33.40873],[-111.60766,33.40868],[-111.60693,33.40832],[-111.60612,33.40741],[-111.60165,33.40407],[-111.58824,33.3944],[-111.58524,33.39155],[-111.56266,33.36865],[-111.56213,33.36774],[-111.56189,33.36598],[-111.56138,33.36525],[-111.56056,33.36476],[-111.55249,33.36166],[-111.55136,33.36093],[-111.55093,33.36036]]}},{"type":"Feature","properties":{"layer":"waterway","id":"cap","kind":"canal","name":"Central Arizona Project","gap":true,"schematic":false},"geometry":{"type":"LineString","coordinates":[[-111.55093,33.36036],[-111.55024,33.35921]]}},{"type":"Feature","properties":{"layer":"waterway","id":"cap","kind":"canal","name":"Central Arizona Project","gap":false,"schematic":false},"geometry":{"type":"LineString","coordinates":[[-111.55024,33.35921],[-111.54629,33.35265],[-111.54217,33.34738],[-111.53677,33.3391],[-111.53183,33.33099]]}},{"type":"Feature","properties":{"layer":"waterway","id":"cap","kind":"canal","name":"Central Arizona Project","gap":true,"schematic":false},"geometry":{"type":"LineString","coordinates":[[-111.53183,33.33099],[-111.52975,33.32759]]}},{"type":"Feature","properties":{"layer":"waterway","id":"cap","kind":"canal","name":"Central Arizona Project","gap":false,"schematic":false},"geometry":{"type":"LineString","coordinates":[[-111.52975,33.32759],[-111.52919,33.32633],[-111.52518,33.31312],[-111.52331,33.30338],[-111.5149,33.28666],[-111.51445,33.28548],[-111.51095,33.2655],[-111.51054,33.26453],[-111.50503,33.25443],[-111.50496,33.25378],[-111.50612,33.23162],[-111.49623,33.20997]]}},{"type":"Feature","properties":{"layer":"waterway","id":"cap","kind":"canal","name":"Central Arizona Project","gap":true,"schematic":false},"geometry":{"type":"LineString","coordinates":[[-111.49623,33.20997],[-111.4973,33.21227]]}},{"type":"Feature","properties":{"layer":"waterway","id":"cap","kind":"canal","name":"Central Arizona Project","gap":false,"schematic":false},"geometry":{"type":"LineString","coordinates":[[-111.4973,33.21227],[-111.48728,33.1905],[-111.47426,33.17714],[-111.46492,33.14937],[-111.46467,33.14224],[-111.46445,33.14156],[-111.46411,33.14102]]}},{"type":"Feature","properties":{"layer":"waterway","id":"cap","kind":"canal","name":"Central Arizona Project","gap":true,"schematic":false},"geometry":{"type":"LineString","coordinates":[[-111.46411,33.14102],[-111.46166,33.1387]]}},{"type":"Feature","properties":{"layer":"waterway","id":"cap","kind":"canal","name":"Central Arizona Project","gap":false,"schematic":false},"geometry":{"type":"LineString","coordinates":[[-111.46166,33.1387],[-111.4555,33.13286],[-111.44394,33.12415]]}},{"type":"Feature","properties":{"layer":"waterway","id":"cap","kind":"canal","name":"Central Arizona Project","gap":true,"schematic":false},"geometry":{"type":"LineString","coordinates":[[-111.44394,33.12415],[-111.44669,33.12621]]}},{"type":"Feature","properties":{"layer":"waterway","id":"cap","kind":"canal","name":"Central Arizona Project","gap":false,"schematic":false},"geometry":{"type":"LineString","coordinates":[[-111.44669,33.12621],[-111.43742,33.11924],[-111.43712,33.11884],[-111.43016,33.10425],[-111.43006,33.10332],[-111.43008,33.09433],[-111.42995,33.09377]]}},{"type":"Feature","properties":{"layer":"waterway","id":"cap","kind":"canal","name":"Central Arizona Project","gap":true,"schematic":false},"geometry":{"type":"LineString","coordinates":[[-111.42995,33.09377],[-111.44866,33.08345]]}},{"type":"Feature","properties":{"layer":"waterway","id":"cap","kind":"canal","name":"Central Arizona Project","gap":false,"schematic":false},"geometry":{"type":"LineString","coordinates":[[-111.44866,33.08345],[-111.44784,33.07853],[-111.44566,33.0762]]}},{"type":"Feature","properties":{"layer":"waterway","id":"cap","kind":"canal","name":"Central Arizona Project","gap":true,"schematic":false},"geometry":{"type":"LineString","coordinates":[[-111.44566,33.0762],[-111.45117,33.05191]]}},{"type":"Feature","properties":{"layer":"waterway","id":"cap","kind":"canal","name":"Central Arizona Project","gap":false,"schematic":false},"geometry":{"type":"LineString","coordinates":[[-111.45117,33.05191],[-111.45353,33.05116],[-111.45542,33.05089],[-111.45583,33.05003],[-111.45719,33.04962],[-111.46014,33.04982],[-111.46166,33.04955],[-111.46183,33.04942],[-111.46211,33.04759],[-111.4625,33.04731],[-111.46535,33.04747],[-111.46555,33.04765],[-111.46591,33.04864],[-111.4661,33.0488],[-111.47765,33.04432],[-111.47962,33.04375],[-111.48359,33.04182],[-111.49265,33.03828],[-111.49381,33.0377],[-111.50836,33.02914],[-111.50969,33.02826],[-111.51076,33.02723],[-111.51267,33.02592],[-111.51531,33.0246],[-111.51565,33.02405],[-111.51574,33.0236],[-111.51562,33.02021]]}},{"type":"Feature","properties":{"layer":"waterway","id":"cap","kind":"canal","name":"Central Arizona Project","gap":true,"schematic":false},"geometry":{"type":"LineString","coordinates":[[-111.51562,33.02021],[-111.50808,32.99159]]}},{"type":"Feature","properties":{"layer":"waterway","id":"cap","kind":"canal","name":"Central Arizona Project","gap":false,"schematic":false},"geometry":{"type":"LineString","coordinates":[[-111.50808,32.99159],[-111.4904,32.9918],[-111.48226,32.99177],[-111.48154,32.99164],[-111.48128,32.99139],[-111.4811,32.99054],[-111.48121,32.96743],[-111.48113,32.96691],[-111.48059,32.96646],[-111.46381,32.96651],[-111.44394,32.96633]]}},{"type":"Feature","properties":{"layer":"waterway","id":"cap","kind":"canal","name":"Central Arizona Project","gap":true,"schematic":false},"geometry":{"type":"LineString","coordinates":[[-111.44394,32.96633],[-111.44162,32.96554]]}},{"type":"Feature","properties":{"layer":"waterway","id":"cap","kind":"canal","name":"Central Arizona Project","gap":false,"schematic":false},"geometry":{"type":"LineString","coordinates":[[-111.44162,32.96554],[-111.443,32.96212],[-111.4443,32.95929],[-111.4454,32.95756],[-111.44737,32.9538],[-111.44967,32.95058],[-111.45033,32.94687],[-111.45179,32.94442],[-111.45439,32.93894],[-111.45443,32.93614],[-111.45458,32.9356],[-111.45791,32.93255],[-111.45844,32.93161],[-111.46044,32.91984],[-111.46076,32.91848],[-111.46089,32.91533],[-111.46072,32.91584],[-111.46072,32.91477],[-111.46061,32.91463],[-111.45615,32.91461]]}},{"type":"Feature","properties":{"layer":"waterway","id":"cap","kind":"canal","name":"Central Arizona Project","gap":true,"schematic":false},"geometry":{"type":"LineString","coordinates":[[-111.45615,32.91461],[-111.4543,32.91459]]}},{"type":"Feature","properties":{"layer":"waterway","id":"cap","kind":"canal","name":"Central Arizona Project","gap":false,"schematic":false},"geometry":{"type":"LineString","coordinates":[[-111.4543,32.91459],[-111.4531,32.91458],[-111.44394,32.90946]]}},{"type":"Feature","properties":{"layer":"waterway","id":"cap","kind":"canal","name":"Central Arizona Project","gap":true,"schematic":false},"geometry":{"type":"LineString","coordinates":[[-111.44394,32.90946],[-111.44199,32.90836]]}},{"type":"Feature","properties":{"layer":"waterway","id":"cap","kind":"canal","name":"Central Arizona Project","gap":false,"schematic":false},"geometry":{"type":"LineString","coordinates":[[-111.44199,32.90836],[-111.44126,32.90802],[-111.44387,32.89953],[-111.4451,32.89209],[-111.44418,32.8786],[-111.44398,32.87793],[-111.4416,32.87382],[-111.44126,32.8727],[-111.44128,32.87166],[-111.44235,32.86755],[-111.44233,32.86636],[-111.44033,32.85718],[-111.43928,32.8543],[-111.43825,32.8525],[-111.43055,32.84152]]}},{"type":"Feature","properties":{"layer":"waterway","id":"cap","kind":"canal","name":"Central Arizona Project","gap":true,"schematic":false},"geometry":{"type":"LineString","coordinates":[[-111.43055,32.84152],[-111.42961,32.84019]]}},{"type":"Feature","properties":{"layer":"waterway","id":"cap","kind":"canal","name":"Central Arizona Project","gap":false,"schematic":false},"geometry":{"type":"LineString","coordinates":[[-111.42961,32.84019],[-111.4289,32.83849],[-111.42864,32.83642],[-111.4301,32.82284],[-111.42999,32.8214],[-111.42952,32.82068],[-111.42853,32.81994],[-111.42812,32.81979],[-111.4039,32.81418],[-111.40293,32.81375],[-111.40162,32.8126],[-111.40117,32.81182],[-111.40092,32.81049],[-111.40109,32.80149],[-111.40195,32.79505],[-111.40235,32.79301],[-111.40639,32.78195],[-111.40684,32.77907],[-111.40707,32.77824],[-111.40783,32.77674],[-111.41152,32.77125],[-111.41173,32.77068],[-111.41184,32.77019],[-111.41184,32.76757],[-111.4121,32.76664],[-111.41383,32.76364],[-111.41416,32.76324],[-111.41506,32.76277],[-111.41557,32.76272],[-111.41697,32.76294],[-111.41888,32.76384],[-111.42246,32.76267],[-111.42282,32.76227],[-111.42332,32.76021],[-111.42461,32.75776],[-111.42463,32.75743],[-111.42392,32.75601],[-111.41716,32.74704],[-111.41564,32.74574],[-111.41536,32.74451],[-111.41439,32.74404],[-111.41407,32.74352],[-111.41433,32.7381],[-111.41519,32.73462],[-111.41523,32.73202],[-111.4154,32.73141],[-111.41589,32.7306],[-111.41883,32.72798],[-111.41946,32.72713],[-111.42197,32.72148],[-111.4222,32.71935],[-111.42471,32.71099],[-111.42428,32.70796],[-111.42242,32.70489],[-111.4221,32.70144],[-111.4219,32.70073],[-111.42122,32.69969],[-111.41973,32.69846],[-111.41937,32.69777],[-111.41941,32.69718],[-111.42046,32.69371]]}},{"type":"Feature","properties":{"layer":"waterway","id":"cap","kind":"canal","name":"Central Arizona Project","gap":true,"schematic":false},"geometry":{"type":"LineString","coordinates":[[-111.42046,32.69371],[-111.42066,32.69308]]}},{"type":"Feature","properties":{"layer":"waterway","id":"cap","kind":"canal","name":"Central Arizona Project","gap":false,"schematic":false},"geometry":{"type":"LineString","coordinates":[[-111.42066,32.69308],[-111.42064,32.69219],[-111.42042,32.69178],[-111.41922,32.69033],[-111.41795,32.68918],[-111.41585,32.68784],[-111.41486,32.68737],[-111.41122,32.68614],[-111.41055,32.68578],[-111.40845,32.68338],[-111.40523,32.68154],[-111.40448,32.68067],[-111.4025,32.6772],[-111.40197,32.67661],[-111.40117,32.67614],[-111.39708,32.67457],[-111.39609,32.67433],[-111.39229,32.67426],[-111.38877,32.67466],[-111.38772,32.67455],[-111.37289,32.66848],[-111.37156,32.66815],[-111.35875,32.66823],[-111.35751,32.66835],[-111.35388,32.66913],[-111.34399,32.66873],[-111.34251,32.66841],[-111.34111,32.66759],[-111.34036,32.66678],[-111.33978,32.66532],[-111.33865,32.65549],[-111.33901,32.64266],[-111.33678,32.63235],[-111.33676,32.61971]]}},{"type":"Feature","properties":{"layer":"waterway","id":"cap","kind":"canal","name":"Central Arizona Project","gap":true,"schematic":false},"geometry":{"type":"LineString","coordinates":[[-111.33676,32.61971],[-111.33676,32.62203]]}},{"type":"Feature","properties":{"layer":"waterway","id":"cap","kind":"canal","name":"Central Arizona Project","gap":false,"schematic":false},"geometry":{"type":"LineString","coordinates":[[-111.33676,32.62203],[-111.33672,32.60603],[-111.33652,32.60486],[-111.33017,32.58907],[-111.32968,32.58844],[-111.32897,32.58803],[-111.32807,32.58786],[-111.27052,32.58768],[-111.26934,32.58748],[-111.26833,32.58707],[-111.26726,32.58627],[-111.26648,32.58513],[-111.26625,32.58428],[-111.26614,32.58229],[-111.26586,32.58123],[-111.26554,32.58061],[-111.26346,32.57774],[-111.26262,32.576],[-111.25839,32.55873],[-111.25651,32.55262],[-111.2546,32.54566]]}},{"type":"Feature","properties":{"layer":"waterway","id":"cap","kind":"canal","name":"Central Arizona Project","gap":true,"schematic":false},"geometry":{"type":"LineString","coordinates":[[-111.2546,32.54566],[-111.25524,32.54797]]}},{"type":"Feature","properties":{"layer":"waterway","id":"cap","kind":"canal","name":"Central Arizona Project","gap":false,"schematic":false},"geometry":{"type":"LineString","coordinates":[[-111.25524,32.54797],[-111.25187,32.5356],[-111.24998,32.53164],[-111.24934,32.53111],[-111.24771,32.53048],[-111.24732,32.5301],[-111.24709,32.52965],[-111.24539,32.52413],[-111.24438,32.51597],[-111.24402,32.51519],[-111.23636,32.50665],[-111.23318,32.50213],[-111.22093,32.48931],[-111.20668,32.47892],[-111.20331,32.47534],[-111.20265,32.47411],[-111.20235,32.47172],[-111.20183,32.47067],[-111.19559,32.46281],[-111.19462,32.46212],[-111.19329,32.46162],[-111.18711,32.46078],[-111.18591,32.46044],[-111.18033,32.45732],[-111.17866,32.45604],[-111.17263,32.44961],[-111.16181,32.43375],[-111.16134,32.43243],[-111.16126,32.42567],[-111.16134,32.42516],[-111.16151,32.4248],[-111.16497,32.42147],[-111.16523,32.42107],[-111.1652,32.41212],[-111.16574,32.41078],[-111.16675,32.40946],[-111.16726,32.40904],[-111.1681,32.40866],[-111.17537,32.40681],[-111.17625,32.40674],[-111.18301,32.40781]]}},{"type":"Feature","properties":{"layer":"waterway","id":"cap","kind":"canal","name":"Central Arizona Project","gap":true,"schematic":false},"geometry":{"type":"LineString","coordinates":[[-111.18301,32.40781],[-111.18608,32.40828]]}},{"type":"Feature","properties":{"layer":"waterway","id":"cap","kind":"canal","name":"Central Arizona Project","gap":false,"schematic":false},"geometry":{"type":"LineString","coordinates":[[-111.18608,32.40828],[-111.18829,32.4089],[-111.19188,32.41076],[-111.19284,32.41102],[-111.1969,32.41109],[-111.19771,32.41091],[-111.19859,32.41053],[-111.19969,32.40969],[-111.20288,32.40538],[-111.20329,32.40468],[-111.20359,32.40348],[-111.20361,32.39736]]}},{"type":"Feature","properties":{"layer":"waterway","id":"cap","kind":"canal","name":"Central Arizona Project","gap":true,"schematic":false},"geometry":{"type":"LineString","coordinates":[[-111.20361,32.39736],[-111.20359,32.39968]]}},{"type":"Feature","properties":{"layer":"waterway","id":"cap","kind":"canal","name":"Central Arizona Project","gap":false,"schematic":false},"geometry":{"type":"LineString","coordinates":[[-111.20359,32.39968],[-111.20366,32.39074],[-111.20338,32.38998],[-111.19552,32.38185],[-111.19494,32.38147],[-111.19344,32.37965],[-111.19188,32.37505],[-111.19194,32.37387],[-111.19222,32.37326],[-111.19312,32.3724],[-111.19542,32.37124],[-111.19608,32.37077],[-111.20082,32.36612],[-111.20175,32.36546],[-111.20295,32.36517],[-111.2111,32.36508],[-111.21239,32.36492],[-111.21363,32.36443],[-111.21981,32.36064],[-111.22365,32.35684],[-111.22556,32.35372],[-111.23329,32.34592],[-111.24071,32.33764],[-111.24168,32.33653],[-111.24516,32.33167],[-111.25301,32.32312]]}},{"type":"Feature","properties":{"layer":"waterway","id":"cap","kind":"canal","name":"Central Arizona Project","gap":true,"schematic":false},"geometry":{"type":"LineString","coordinates":[[-111.25301,32.32312],[-111.25539,32.32054]]}},{"type":"Feature","properties":{"layer":"waterway","id":"cap","kind":"canal","name":"Central Arizona Project","gap":false,"schematic":false},"geometry":{"type":"LineString","coordinates":[[-111.25539,32.32054],[-111.25595,32.31958],[-111.25608,32.31878],[-111.25616,32.30525],[-111.25595,32.30447],[-111.25539,32.3038],[-111.25449,32.30338],[-111.24685,32.30186],[-111.24614,32.30182],[-111.24385,32.30124],[-111.2431,32.30086],[-111.24241,32.29988],[-111.24234,32.29923],[-111.24661,32.28445],[-111.24704,32.28184],[-111.24747,32.27342],[-111.24739,32.27247],[-111.24713,32.27137],[-111.24464,32.26386],[-111.24402,32.26282],[-111.24284,32.26186],[-111.22887,32.25377]]}},{"type":"Feature","properties":{"layer":"waterway","id":"cap","kind":"canal","name":"Central Arizona Project","gap":true,"schematic":false},"geometry":{"type":"LineString","coordinates":[[-111.22887,32.25377],[-111.22426,32.25114]]}},{"type":"Feature","properties":{"layer":"waterway","id":"cap","kind":"canal","name":"Central Arizona Project","gap":false,"schematic":false},"geometry":{"type":"LineString","coordinates":[[-111.22426,32.25114],[-111.21215,32.24426],[-111.21076,32.2434],[-111.20966,32.2423],[-111.20376,32.23313],[-111.19915,32.22446],[-111.19801,32.22253],[-111.19162,32.21527],[-111.18866,32.20988],[-111.18761,32.20872],[-111.18469,32.20617],[-111.18276,32.20044],[-111.17653,32.18945],[-111.17334,32.18148],[-111.17295,32.18082],[-111.16767,32.17445]]}},{"type":"Feature","properties":{"layer":"waterway","id":"cap","kind":"canal","name":"Central Arizona Project","gap":true,"schematic":false},"geometry":{"type":"LineString","coordinates":[[-111.16767,32.17445],[-111.16671,32.17329]]}},{"type":"Feature","properties":{"layer":"waterway","id":"cap","kind":"canal","name":"Central Arizona Project","gap":false,"schematic":false},"geometry":{"type":"LineString","coordinates":[[-111.16671,32.17329],[-111.1575,32.16575],[-111.15608,32.1649],[-111.15518,32.16457],[-111.15426,32.16437],[-111.13368,32.16232],[-111.13111,32.16221]]}},{"type":"Feature","properties":{"layer":"waterway","id":"aac","kind":"canal","name":"All-American Canal","gap":false,"schematic":false},"geometry":{"type":"LineString","coordinates":[[-114.47009,32.88186],[-114.47243,32.88121],[-114.47269,32.88103],[-114.47314,32.87946],[-114.47314,32.87899],[-114.47411,32.87584],[-114.47505,32.8751],[-114.47739,32.87391],[-114.48908,32.86481],[-114.49151,32.86259],[-114.4929,32.86081],[-114.49423,32.85809],[-114.49552,32.8534],[-114.49541,32.85075],[-114.49503,32.84967],[-114.49342,32.84792],[-114.49164,32.84538],[-114.49052,32.84352],[-114.49048,32.84174],[-114.49071,32.83988],[-114.49157,32.83786],[-114.4926,32.83624],[-114.49486,32.83346],[-114.49601,32.83297],[-114.49698,32.83276],[-114.49833,32.83287],[-114.4991,32.8326],[-114.49949,32.832],[-114.4999,32.83065],[-114.50078,32.83005],[-114.50389,32.82892],[-114.50511,32.8278],[-114.50576,32.82535],[-114.50638,32.82436],[-114.5114,32.81913],[-114.51245,32.81853],[-114.51404,32.81812],[-114.51526,32.81828],[-114.51775,32.81954],[-114.51968,32.82017],[-114.52202,32.82129],[-114.52689,32.82436],[-114.52884,32.82656],[-114.53273,32.82951],[-114.5355,32.83205],[-114.53749,32.83299],[-114.53959,32.83362],[-114.5415,32.83382],[-114.54462,32.83339],[-114.54605,32.83278],[-114.54786,32.83171],[-114.55429,32.82416],[-114.55556,32.82347],[-114.55747,32.82313],[-114.56039,32.82347],[-114.56217,32.82317],[-114.56882,32.82048],[-114.57045,32.81959],[-114.57358,32.81732],[-114.57536,32.81622],[-114.58837,32.81107],[-114.60182,32.80746],[-114.6047,32.80625],[-114.60682,32.80479],[-114.60865,32.80311],[-114.61242,32.79855],[-114.62083,32.79009],[-114.62266,32.78865],[-114.62656,32.78677],[-114.62779,32.78601],[-114.63463,32.78028],[-114.64068,32.7754],[-114.64304,32.77369],[-114.64446,32.77291],[-114.64791,32.77149],[-114.65087,32.77068],[-114.65439,32.77015],[-114.65686,32.77015],[-114.65879,32.77039],[-114.66392,32.77174],[-114.66538,32.77162],[-114.66976,32.77019],[-114.67207,32.76925],[-114.67313,32.76842],[-114.67409,32.76727],[-114.6751,32.76651],[-114.6831,32.7644],[-114.68452,32.76357],[-114.68523,32.76288],[-114.686,32.76153],[-114.6872,32.75994],[-114.68838,32.75897],[-114.69154,32.75689],[-114.69293,32.75653],[-114.69473,32.75633],[-114.69621,32.75557],[-114.69752,32.75404],[-114.69905,32.75314],[-114.70409,32.75224],[-114.70512,32.75148],[-114.70722,32.74864],[-114.70795,32.74803],[-114.71334,32.7455],[-114.71415,32.74498],[-114.71497,32.74399],[-114.71518,32.7431],[-114.71516,32.74061],[-114.71546,32.73946],[-114.71668,32.73819],[-114.71823,32.737],[-114.71971,32.73628],[-114.72102,32.73585],[-114.72507,32.73545],[-114.72625,32.73514],[-114.72765,32.73442],[-114.72892,32.73274],[-114.72965,32.73137],[-114.72982,32.73067],[-114.7298,32.72883],[-114.7299,32.72812],[-114.73035,32.72709],[-114.73138,32.72599],[-114.73258,32.72312],[-114.73295,32.7218],[-114.73344,32.72078],[-114.73407,32.72007],[-114.73505,32.71951],[-114.73613,32.71928],[-114.75091,32.71828],[-114.75645,32.71772],[-114.75818,32.71827],[-114.75977,32.71949],[-114.76082,32.71971],[-114.78653,32.71809]]}},{"type":"Feature","properties":{"layer":"waterway","id":"aac","kind":"canal","name":"All-American Canal","gap":true,"schematic":false},"geometry":{"type":"LineString","coordinates":[[-114.78653,32.71809],[-114.7873,32.71803]]}},{"type":"Feature","properties":{"layer":"waterway","id":"aac","kind":"canal","name":"All-American Canal","gap":false,"schematic":false},"geometry":{"type":"LineString","coordinates":[[-114.7873,32.71803],[-114.79149,32.71827],[-114.79634,32.71906],[-114.79928,32.71989],[-114.80273,32.72114],[-114.82754,32.73296],[-114.82919,32.73341],[-114.85987,32.74801],[-114.86052,32.74816],[-114.86114,32.7481],[-114.86206,32.74783],[-114.86354,32.74769],[-114.86455,32.7479],[-114.86867,32.74971],[-114.87367,32.75076],[-114.87448,32.75079],[-114.87536,32.75065],[-114.87616,32.7503],[-114.88451,32.74355],[-114.88684,32.74195],[-114.89126,32.73948],[-114.89798,32.73626],[-114.89865,32.73583],[-114.89957,32.73424],[-114.91146,32.72884],[-114.9139,32.72738],[-114.91618,32.72558],[-114.91791,32.72388],[-114.92281,32.71814],[-114.92463,32.71686],[-114.92564,32.71635],[-114.92794,32.71563],[-114.92867,32.71514],[-114.93963,32.71231],[-114.9409,32.71254],[-114.94124,32.71213],[-114.94317,32.71148],[-114.94547,32.71117],[-114.946,32.71132],[-114.9468,32.71099],[-114.94886,32.7092],[-114.95283,32.70449],[-114.95328,32.70417],[-114.9539,32.704],[-114.96231,32.70398]]}},{"type":"Feature","properties":{"layer":"waterway","id":"aac","kind":"canal","name":"All-American Canal","gap":true,"schematic":false},"geometry":{"type":"LineString","coordinates":[[-114.96231,32.70398],[-114.96512,32.70397]]}},{"type":"Feature","properties":{"layer":"waterway","id":"aac","kind":"canal","name":"All-American Canal","gap":false,"schematic":false},"geometry":{"type":"LineString","coordinates":[[-114.96512,32.70397],[-115.02703,32.70404],[-115.02761,32.70417],[-115.0281,32.70447],[-115.02853,32.70501],[-115.02941,32.70539],[-115.03252,32.70538],[-115.03304,32.70516],[-115.03374,32.70444],[-115.0343,32.70411],[-115.03484,32.704],[-115.0502,32.704]]}},{"type":"Feature","properties":{"layer":"waterway","id":"aac","kind":"canal","name":"All-American Canal","gap":true,"schematic":false},"geometry":{"type":"LineString","coordinates":[[-115.0502,32.704],[-115.04745,32.704]]}},{"type":"Feature","properties":{"layer":"waterway","id":"aac","kind":"canal","name":"All-American Canal","gap":false,"schematic":false},"geometry":{"type":"LineString","coordinates":[[-115.04745,32.704],[-115.12217,32.70402],[-115.12301,32.70429],[-115.12376,32.70509],[-115.1246,32.70538],[-115.13809,32.70538]]}},{"type":"Feature","properties":{"layer":"waterway","id":"aac","kind":"canal","name":"All-American Canal","gap":true,"schematic":false},"geometry":{"type":"LineString","coordinates":[[-115.13809,32.70538],[-115.13535,32.70539]]}},{"type":"Feature","properties":{"layer":"waterway","id":"aac","kind":"canal","name":"All-American Canal","gap":false,"schematic":false},"geometry":{"type":"LineString","coordinates":[[-115.13535,32.70539],[-115.21864,32.70532],[-115.22555,32.70543],[-115.22742,32.70606],[-115.22907,32.70686],[-115.23467,32.70998],[-115.23926,32.71126],[-115.24201,32.71146],[-115.24469,32.71135],[-115.2475,32.71083],[-115.24993,32.71009],[-115.28905,32.69371]]}},{"type":"Feature","properties":{"layer":"waterway","id":"aac","kind":"canal","name":"All-American Canal","gap":true,"schematic":false},"geometry":{"type":"LineString","coordinates":[[-115.28905,32.69371],[-115.28353,32.69602]]}},{"type":"Feature","properties":{"layer":"waterway","id":"aac","kind":"canal","name":"All-American Canal","gap":false,"schematic":false},"geometry":{"type":"LineString","coordinates":[[-115.28353,32.69602],[-115.30911,32.68531]]}},{"type":"Feature","properties":{"layer":"waterway","id":"aac","kind":"canal","name":"All-American Canal","gap":true,"schematic":false},"geometry":{"type":"LineString","coordinates":[[-115.30911,32.68531],[-115.31113,32.68466]]}},{"type":"Feature","properties":{"layer":"waterway","id":"aac","kind":"canal","name":"All-American Canal","gap":false,"schematic":false},"geometry":{"type":"LineString","coordinates":[[-115.31113,32.68466],[-115.32952,32.67883],[-115.33563,32.67719],[-115.33911,32.6767],[-115.36696,32.67478],[-115.36893,32.67477],[-115.40176,32.6724],[-115.40176,32.67287],[-115.39827,32.67312]]}},{"type":"Feature","properties":{"layer":"waterway","id":"aac","kind":"canal","name":"All-American Canal","gap":true,"schematic":false},"geometry":{"type":"LineString","coordinates":[[-115.39827,32.67312],[-115.39902,32.67307]]}},{"type":"Feature","properties":{"layer":"waterway","id":"aac","kind":"canal","name":"All-American Canal","gap":false,"schematic":false},"geometry":{"type":"LineString","coordinates":[[-115.39902,32.67307],[-115.39902,32.6726],[-115.43324,32.67012],[-115.43378,32.67011],[-115.43489,32.67032],[-115.43601,32.6709],[-115.45459,32.68622],[-115.45519,32.68643],[-115.45704,32.68811],[-115.46818,32.69714],[-115.47009,32.69848],[-115.47401,32.70023],[-115.47594,32.70073],[-115.47813,32.70113],[-115.48043,32.70129],[-115.48965,32.70126]]}},{"type":"Feature","properties":{"layer":"waterway","id":"aac","kind":"canal","name":"All-American Canal","gap":true,"schematic":false},"geometry":{"type":"LineString","coordinates":[[-115.48965,32.70126],[-115.48691,32.70126]]}},{"type":"Feature","properties":{"layer":"waterway","id":"aac","kind":"canal","name":"All-American Canal","gap":false,"schematic":false},"geometry":{"type":"LineString","coordinates":[[-115.48691,32.70126],[-115.50714,32.70126],[-115.50819,32.70144],[-115.50925,32.70191],[-115.51036,32.70285],[-115.51547,32.70834],[-115.51639,32.70873],[-115.57306,32.70893],[-115.57776,32.71021],[-115.59209,32.71547]]}},{"type":"Feature","properties":{"layer":"waterway","id":"coachella","kind":"canal","name":"Coachella Canal","gap":false,"schematic":false},"geometry":{"type":"LineString","coordinates":[[-115.02703,32.70404],[-114.96512,32.70397]]}},{"type":"Feature","properties":{"layer":"waterway","id":"coachella","kind":"canal","name":"Coachella Canal","gap":true,"schematic":false},"geometry":{"type":"LineString","coordinates":[[-114.96512,32.70397],[-114.96231,32.70398]]}},{"type":"Feature","properties":{"layer":"waterway","id":"coachella","kind":"canal","name":"Coachella Canal","gap":false,"schematic":false},"geometry":{"type":"LineString","coordinates":[[-114.96231,32.70398],[-114.9539,32.704],[-114.95328,32.70417],[-114.95283,32.70449],[-114.94886,32.7092],[-114.9468,32.71099],[-114.946,32.71132],[-114.94547,32.71117],[-114.94317,32.71148]]}},{"type":"Feature","properties":{"layer":"waterway","id":"coachella","kind":"canal","name":"Coachella Canal","gap":true,"schematic":false},"geometry":{"type":"LineString","coordinates":[[-114.94317,32.71148],[-114.94315,32.71265]]}},{"type":"Feature","properties":{"layer":"waterway","id":"coachella","kind":"canal","name":"Coachella Canal","gap":false,"schematic":false},"geometry":{"type":"LineString","coordinates":[[-114.94315,32.71265],[-114.94306,32.71269],[-114.94323,32.71332],[-114.94287,32.71411],[-114.94645,32.72397],[-114.94789,32.72713],[-114.96231,32.75047]]}},{"type":"Feature","properties":{"layer":"waterway","id":"coachella","kind":"canal","name":"Coachella Canal","gap":true,"schematic":false},"geometry":{"type":"LineString","coordinates":[[-114.96231,32.75047],[-114.95956,32.74605]]}},{"type":"Feature","properties":{"layer":"waterway","id":"coachella","kind":"canal","name":"Coachella Canal","gap":false,"schematic":false},"geometry":{"type":"LineString","coordinates":[[-114.95956,32.74605],[-114.97014,32.7631],[-114.97214,32.76591],[-114.98122,32.7762],[-114.98628,32.78078],[-115.00203,32.79178],[-115.00583,32.79429],[-115.01473,32.79941],[-115.02104,32.80351],[-115.0502,32.82461]]}},{"type":"Feature","properties":{"layer":"waterway","id":"coachella","kind":"canal","name":"Coachella Canal","gap":true,"schematic":false},"geometry":{"type":"LineString","coordinates":[[-115.0502,32.82461],[-115.04745,32.82262]]}},{"type":"Feature","properties":{"layer":"waterway","id":"coachella","kind":"canal","name":"Coachella Canal","gap":false,"schematic":false},"geometry":{"type":"LineString","coordinates":[[-115.04745,32.82262],[-115.06971,32.83874],[-115.07125,32.84011]]}},{"type":"Feature","properties":{"layer":"waterway","id":"coachella","kind":"canal","name":"Coachella Canal","gap":true,"schematic":false},"geometry":{"type":"LineString","coordinates":[[-115.07125,32.84011],[-115.07243,32.84152]]}},{"type":"Feature","properties":{"layer":"waterway","id":"coachella","kind":"canal","name":"Coachella Canal","gap":false,"schematic":false},"geometry":{"type":"LineString","coordinates":[[-115.07243,32.84152],[-115.1191,32.89649],[-115.17009,32.95616],[-115.17942,32.9659],[-115.18399,32.97173],[-115.19311,32.981],[-115.20193,32.99139]]}},{"type":"Feature","properties":{"layer":"waterway","id":"coachella","kind":"canal","name":"Coachella Canal","gap":true,"schematic":false},"geometry":{"type":"LineString","coordinates":[[-115.20193,32.99139],[-115.19995,32.98908]]}},{"type":"Feature","properties":{"layer":"waterway","id":"coachella","kind":"canal","name":"Coachella Canal","gap":false,"schematic":false},"geometry":{"type":"LineString","coordinates":[[-115.19995,32.98908],[-115.22598,33.01973]]}},{"type":"Feature","properties":{"layer":"waterway","id":"coachella","kind":"canal","name":"Coachella Canal","gap":true,"schematic":false},"geometry":{"type":"LineString","coordinates":[[-115.22598,33.01973],[-115.22324,33.01649]]}},{"type":"Feature","properties":{"layer":"waterway","id":"coachella","kind":"canal","name":"Coachella Canal","gap":false,"schematic":false},"geometry":{"type":"LineString","coordinates":[[-115.22324,33.01649],[-115.26465,33.06508]]}},{"type":"Feature","properties":{"layer":"waterway","id":"coachella","kind":"canal","name":"Coachella Canal","gap":true,"schematic":false},"geometry":{"type":"LineString","coordinates":[[-115.26465,33.06508],[-115.26268,33.06277]]}},{"type":"Feature","properties":{"layer":"waterway","id":"coachella","kind":"canal","name":"Coachella Canal","gap":false,"schematic":false},"geometry":{"type":"LineString","coordinates":[[-115.26268,33.06277],[-115.27336,33.07525],[-115.28995,33.09014],[-115.29162,33.09154],[-115.30729,33.10164],[-115.3099,33.10443]]}},{"type":"Feature","properties":{"layer":"waterway","id":"coachella","kind":"canal","name":"Coachella Canal","gap":true,"schematic":false},"geometry":{"type":"LineString","coordinates":[[-115.3099,33.10443],[-115.31113,33.10589]]}},{"type":"Feature","properties":{"layer":"waterway","id":"coachella","kind":"canal","name":"Coachella Canal","gap":false,"schematic":false},"geometry":{"type":"LineString","coordinates":[[-115.31113,33.10589],[-115.33385,33.13297],[-115.33934,33.1387]]}},{"type":"Feature","properties":{"layer":"waterway","id":"coachella","kind":"canal","name":"Coachella Canal","gap":true,"schematic":false},"geometry":{"type":"LineString","coordinates":[[-115.33934,33.1387],[-115.3402,33.13958]]}},{"type":"Feature","properties":{"layer":"waterway","id":"coachella","kind":"canal","name":"Coachella Canal","gap":false,"schematic":false},"geometry":{"type":"LineString","coordinates":[[-115.3402,33.13958],[-115.344,33.14353],[-115.34572,33.14583],[-115.37803,33.17906],[-115.38189,33.18399],[-115.38202,33.18438],[-115.38172,33.18562],[-115.38181,33.18641],[-115.39155,33.19526],[-115.39524,33.19835],[-115.39638,33.19902],[-115.40118,33.20094],[-115.40219,33.20198],[-115.40494,33.206],[-115.40569,33.20677],[-115.40642,33.20722],[-115.40966,33.20862],[-115.41043,33.20927],[-115.41095,33.21002],[-115.41118,33.21085],[-115.41176,33.21914],[-115.41254,33.22058],[-115.41346,33.22151],[-115.41436,33.222],[-115.41887,33.22383],[-115.41992,33.22469],[-115.42058,33.2256],[-115.42103,33.22786],[-115.42148,33.22939],[-115.42457,33.23303],[-115.42957,33.23562],[-115.44796,33.25484],[-115.44976,33.25608],[-115.45215,33.25647],[-115.45483,33.25778],[-115.45569,33.25837],[-115.45667,33.25931],[-115.45933,33.26255],[-115.46045,33.26336],[-115.46588,33.26672],[-115.47562,33.27545],[-115.48077,33.28089],[-115.48159,33.28123],[-115.48281,33.28216],[-115.48416,33.28275],[-115.4874,33.28311],[-115.48897,33.28356],[-115.48978,33.28403],[-115.49056,33.28471],[-115.49107,33.28541],[-115.49362,33.29056],[-115.49448,33.29156],[-115.49551,33.29246],[-115.5004,33.29588],[-115.50371,33.29777],[-115.50669,33.29902],[-115.50746,33.29976],[-115.50794,33.30049],[-115.50927,33.3048],[-115.50989,33.30584],[-115.51064,33.3065],[-115.52143,33.31428],[-115.52624,33.31651],[-115.52847,33.31773],[-115.54349,33.32965],[-115.54993,33.33458],[-115.55508,33.33937],[-115.5571,33.34041],[-115.56398,33.34573],[-115.56491,33.34711],[-115.56579,33.34949],[-115.56658,33.35048],[-115.568,33.35152],[-115.57821,33.35994],[-115.57956,33.36131],[-115.58285,33.36344],[-115.58948,33.36607],[-115.59366,33.36691],[-115.5957,33.36781],[-115.60477,33.37263],[-115.60662,33.37344],[-115.609,33.37424],[-115.61778,33.37587],[-115.61943,33.37643],[-115.6222,33.37759],[-115.62621,33.3788],[-115.62999,33.38053],[-115.63125,33.38139],[-115.63394,33.38224],[-115.63531,33.38283],[-115.63696,33.38428],[-115.63816,33.38573],[-115.64207,33.38788],[-115.64848,33.39279],[-115.64932,33.3937],[-115.65217,33.39815],[-115.65336,33.39926],[-115.657,33.40212],[-115.66483,33.41045],[-115.67035,33.41694],[-115.67114,33.41819],[-115.67189,33.42011],[-115.67219,33.42197],[-115.67262,33.42267],[-115.67325,33.42319],[-115.67533,33.42431],[-115.67683,33.42632],[-115.6776,33.42696],[-115.67865,33.42756],[-115.68022,33.42804],[-115.6814,33.42892],[-115.6831,33.43115],[-115.68561,33.43293],[-115.68683,33.43395],[-115.68996,33.43778],[-115.69076,33.43834],[-115.69181,33.439],[-115.70069,33.44278],[-115.70279,33.44396],[-115.70702,33.44713],[-115.70852,33.44851],[-115.71226,33.45255],[-115.71318,33.45309],[-115.71539,33.45395],[-115.72934,33.4576],[-115.73301,33.45898],[-115.74047,33.46279],[-115.74876,33.46877],[-115.75058,33.47049],[-115.75556,33.47573],[-115.75788,33.47851],[-115.76328,33.48686],[-115.76412,33.48853],[-115.76672,33.49603],[-115.76712,33.49778],[-115.76727,33.50043],[-115.76652,33.5053],[-115.76717,33.50746],[-115.7674,33.50803],[-115.76781,33.50844],[-115.7688,33.50895],[-115.77466,33.50946],[-115.77802,33.51032],[-115.78099,33.51065],[-115.79643,33.51025],[-115.80607,33.51111],[-115.80862,33.51224],[-115.81427,33.51335],[-115.81882,33.51408],[-115.82242,33.51564],[-115.82697,33.51821],[-115.82896,33.51893],[-115.8295,33.5193],[-115.8306,33.52054],[-115.831,33.52077],[-115.83315,33.52113],[-115.83637,33.52143],[-115.83847,33.52147],[-115.84514,33.5209],[-115.84823,33.52122],[-115.8528,33.52025],[-115.85428,33.52011],[-115.85789,33.52072],[-115.85939,33.52048],[-115.86085,33.52002],[-115.86591,33.51691],[-115.8666,33.51637],[-115.86731,33.51553],[-115.86961,33.51097],[-115.87029,33.51029],[-115.87126,33.50993],[-115.87207,33.50988],[-115.87467,33.51029],[-115.87574,33.51057],[-115.87675,33.51134],[-115.87875,33.51379],[-115.88001,33.51413],[-115.88134,33.51415],[-115.88199,33.51435],[-115.88263,33.51471],[-115.88377,33.51619],[-115.88452,33.51689],[-115.88555,33.51755],[-115.8916,33.52],[-115.89349,33.52065],[-115.89724,33.52158],[-115.90619,33.52417],[-115.91055,33.52816],[-115.91136,33.52963],[-115.91171,33.53099],[-115.91246,33.53231],[-115.91329,33.5334],[-115.91413,33.53403],[-115.9166,33.53479],[-115.91763,33.53567],[-115.91829,33.53667],[-115.91889,33.53875],[-115.92175,33.54345],[-115.92267,33.54456],[-115.92535,33.54685],[-115.92861,33.5483],[-115.92932,33.5493],[-115.92975,33.55062],[-115.93312,33.55332],[-115.93383,33.55368],[-115.93645,33.5535],[-115.94007,33.55456],[-115.94499,33.55533],[-115.94569,33.55561],[-115.94818,33.55795],[-115.94906,33.55958],[-115.9499,33.56039],[-115.95346,33.56316],[-115.95612,33.56546],[-115.95683,33.56588],[-115.95859,33.56609],[-115.96535,33.56647],[-115.96936,33.56589],[-115.972,33.56613],[-115.97666,33.56625],[-115.97747,33.56614],[-115.9802,33.56532],[-115.98219,33.56496],[-115.98425,33.565],[-115.99033,33.56634],[-115.99133,33.56682],[-115.99301,33.56827],[-115.99571,33.56945],[-115.9994,33.57172],[-116.00363,33.57601],[-116.00438,33.57657],[-116.00522,33.57687],[-116.00786,33.57735],[-116.00859,33.57764],[-116.01035,33.57909],[-116.01097,33.57989],[-116.01123,33.58059],[-116.01144,33.58234],[-116.01181,33.58325],[-116.01264,33.58422],[-116.01485,33.58549],[-116.0156,33.58563],[-116.02127,33.58572],[-116.0309,33.58692],[-116.0323,33.58742],[-116.03861,33.59269],[-116.04376,33.60041],[-116.04618,33.60266],[-116.04841,33.60518],[-116.04918,33.60568],[-116.05088,33.60642],[-116.05491,33.60924],[-116.05654,33.61133],[-116.05736,33.61212],[-116.06056,33.61446],[-116.06159,33.61537],[-116.06637,33.62073],[-116.06903,33.62541],[-116.07122,33.6277],[-116.07187,33.62863],[-116.07212,33.62936],[-116.07257,33.63361],[-116.07307,33.63456],[-116.07352,33.63511],[-116.07474,33.63599],[-116.078,33.63742],[-116.0795,33.6376],[-116.08195,33.63722],[-116.08352,33.63719],[-116.08504,33.63749],[-116.08613,33.63794],[-116.08682,33.63836],[-116.08987,33.64079],[-116.09058,33.64156],[-116.09103,33.64237],[-116.09169,33.64487],[-116.09206,33.64576],[-116.0939,33.64844],[-116.09517,33.64967]]}},{"type":"Feature","properties":{"layer":"waterway","id":"coachella","kind":"canal","name":"Coachella Canal","gap":true,"schematic":false},"geometry":{"type":"LineString","coordinates":[[-116.09517,33.64967],[-116.09564,33.65007]]}},{"type":"Feature","properties":{"layer":"waterway","id":"coachella","kind":"canal","name":"Coachella Canal","gap":false,"schematic":false},"geometry":{"type":"LineString","coordinates":[[-116.09564,33.65007],[-116.10139,33.65482],[-116.10356,33.65792],[-116.10382,33.65862],[-116.10478,33.66291],[-116.10547,33.66728],[-116.10577,33.66805],[-116.10693,33.66932],[-116.10787,33.67094],[-116.10852,33.6716],[-116.1101,33.67251],[-116.11105,33.67348],[-116.11227,33.67428],[-116.11279,33.67478],[-116.11313,33.67537],[-116.11427,33.67853],[-116.11482,33.67944],[-116.11532,33.67993],[-116.12212,33.68501],[-116.12568,33.68917],[-116.12798,33.69132],[-116.13124,33.69526],[-116.13484,33.69828],[-116.1362,33.69992],[-116.14021,33.70228],[-116.1407,33.70276],[-116.14177,33.7046],[-116.14242,33.70528],[-116.14302,33.70563],[-116.14527,33.70635],[-116.146,33.70729],[-116.1477,33.70835],[-116.14798,33.70865],[-116.14819,33.70938],[-116.14918,33.71022],[-116.15008,33.71176],[-116.15059,33.71236],[-116.15147,33.71295],[-116.15306,33.71358],[-116.15362,33.71406],[-116.15546,33.71679],[-116.15695,33.71836],[-116.15714,33.71888],[-116.15725,33.72025],[-116.15761,33.72111],[-116.16034,33.72411],[-116.163,33.72612],[-116.16407,33.72675],[-116.16508,33.72712],[-116.16716,33.72753],[-116.1687,33.72857],[-116.17308,33.73023]]}},{"type":"Feature","properties":{"layer":"waterway","id":"cra","kind":"canal","name":"Colorado River Aqueduct","gap":false,"schematic":true},"geometry":{"type":"LineString","coordinates":[[-114.1556,34.3167],[-114.244,34.293],[-114.52,34.205],[-114.83,34.165],[-115.1204,34.1366],[-115.403,33.91],[-115.452,33.8148],[-115.6372,33.7036],[-115.95,33.745],[-116.22,33.815],[-116.45,33.89],[-116.64,33.93],[-116.81,33.925],[-117.03,33.83],[-117.25,33.85],[-117.4573,33.853]]}}]}